CustomerID,YearMonth,Invoices_Count,Monthly_Spend,Monthly_Units,Months_Balance,Status
12346,2011-01,1,77183.6,74215,-8,0
12347,2010-12,1,711.79,319,-9,0
12347,2011-01,1,475.39,315,-8,0
12347,2011-04,1,636.25,483,-5,0
12347,2011-06,1,382.52,196,-3,0
12347,2011-08,1,584.9100000000001,277,-1,0
12347,2011-10,1,1294.32,676,1,0
12347,2011-12,1,224.82,192,3,0
12348,2010-12,1,892.8,1254,-9,0
12348,2011-01,1,227.44,601,-8,0
12348,2011-04,1,367.0,269,-5,0
12348,2011-09,1,310.0,217,0,0
12349,2011-11,1,1757.55,631,2,0
12350,2011-02,1,334.4,197,-7,0
12352,2011-02,1,296.5,98,-7,0
12352,2011-03,4,1265.31,156,-6,C
12352,2011-09,2,632.5,155,0,C
12352,2011-11,1,311.73,127,2,0
12353,2011-05,1,89.0,20,-4,0
12354,2011-04,1,1079.4,530,-5,0
12355,2011-05,1,459.4,240,-4,0
12356,2011-01,1,2271.62,1216,-8,0
12356,2011-04,1,481.46000000000004,370,-5,0
12356,2011-11,1,58.349999999999994,5,2,0
12357,2011-11,1,6207.67,2708,2,0
12358,2011-07,1,484.86,100,-2,0
12358,2011-12,1,683.2,148,3,0
12359,2011-01,1,547.5,144,-8,0
12359,2011-02,1,1838.9099999999999,465,-7,0
12359,2011-06,1,1109.32,356,-3,0
12359,2011-10,1,2814.3,644,1,0
12360,2011-05,1,1083.58,434,-4,0
12360,2011-08,1,534.7,240,-1,0
12360,2011-10,1,1043.78,491,1,0
12361,2011-02,1,189.9,91,-7,0
12362,2011-02,1,479.1,229,-7,0
12362,2011-04,1,495.24,275,-5,0
12362,2011-07,1,303.76,144,-2,0
12362,2011-08,1,469.25,340,-1,0
12362,2011-09,1,829.99,267,0,0
12362,2011-10,3,1641.91,543,1,C
12362,2011-11,1,477.94,210,2,0
12362,2011-12,1,529.04,221,3,0
12363,2011-04,1,299.1,282,-5,0
12363,2011-08,1,252.9,126,-1,0
12364,2011-08,1,623.92,555,-1,0
12364,2011-09,1,79.8,181,0,0
12364,2011-10,1,299.06,268,1,0
12364,2011-12,1,310.32,502,3,0
12365,2011-02,2,641.38,174,-7,C
12367,2011-12,1,168.9,173,3,0
12370,2010-12,2,1864.27,967,-9,C
12370,2011-03,1,938.39,1005,-6,0
12370,2011-10,1,739.28,380,1,0
12371,2011-10,2,1887.96,591,1,C
12372,2011-02,1,399.22,224,-7,0
12372,2011-05,1,515.7,368,-4,0
12372,2011-09,1,383.12,202,0,0
12373,2011-02,1,364.6,197,-7,0
12374,2011-11,1,742.9300000000001,342,2,0
12375,2011-09,1,230.3,87,0,0
12375,2011-11,1,227.20000000000002,91,2,0
12377,2010-12,1,1001.52,604,-9,0
12377,2011-01,1,626.6,340,-8,0
12378,2011-08,1,4008.62,2529,-1,0
12379,2011-06,1,459.84,211,-3,0
12379,2011-09,1,392.40000000000003,196,0,0
12380,2011-06,1,607.5500000000001,293,-3,0
12380,2011-09,1,626.01,290,0,0
12380,2011-10,1,450.86,229,1,0
12380,2011-11,1,1040.39,315,2,0
12381,2011-08,1,1268.74,568,-1,0
12381,2011-10,2,10.5,2,1,C
12381,2011-11,1,419.06,146,2,0
12381,2011-12,1,147.01,92,3,0
12383,2010-12,1,600.72,754,-9,0
12383,2011-01,1,651.16,590,-8,0
12383,2011-03,1,357.07,91,-6,0
12383,2011-04,1,142.16,77,-5,0
12383,2011-06,1,99.45,20,-3,0
12384,2011-08,1,292.69,62,-1,0
12384,2011-11,1,292.58,64,2,0
12386,2010-12,1,258.9,214,-9,0
12386,2011-01,1,143.0,140,-8,0
12388,2011-01,1,431.3,204,-8,0
12388,2011-02,1,124.05000000000001,37,-7,0
12388,2011-03,1,210.9,90,-6,0
12388,2011-07,1,902.09,429,-2,0
12388,2011-09,1,825.9200000000001,478,0,0
12388,2011-11,1,286.4,224,2,0
12390,2011-09,1,549.84,353,0,0
12391,2011-11,1,439.66,293,2,0
12393,2011-01,2,639.5,298,-8,C
12393,2011-04,1,421.6,224,-5,0
12393,2011-09,1,521.5,294,0,0
12394,2011-05,1,381.08,182,-4,0
12394,2011-10,1,891.4,637,1,0
12395,2010-12,2,679.92,753,-9,C
12395,2011-02,1,231.51,262,-7,0
12395,2011-03,1,326.5,321,-6,0
12395,2011-05,2,331.79,155,-4,C
12395,2011-06,1,163.9,103,-3,0
12395,2011-08,1,165.95,35,-1,0
12395,2011-10,1,346.68,118,1,0
12395,2011-11,3,772.38,371,2,C
12397,2011-07,1,1214.81,704,-2,0
12397,2011-11,1,1195.09,559,2,0
12398,2011-10,1,1635.6599999999999,1394,1,0
12399,2011-03,1,288.05,364,-6,0
12399,2011-05,1,480.90000000000003,494,-4,0
12399,2011-06,1,130.08,145,-3,0
12399,2011-08,1,209.62,175,-1,0
12401,2011-02,1,84.3,11,-7,0
12402,2011-01,1,225.6,94,-8,0
12403,2011-10,1,427.7,96,1,0
12405,2011-07,1,1710.39,857,-2,0
12406,2011-06,1,1621.25,793,-3,0
12406,2011-11,1,1794.05,1025,2,0
12407,2011-03,1,226.3,215,-6,0
12407,2011-04,1,269.66,204,-5,0
12407,2011-07,2,911.4,818,-2,C
12407,2011-10,1,300.76,179,1,0
12408,2011-03,2,837.59,356,-6,C
12408,2011-06,1,654.18,378,-3,0
12408,2011-09,1,642.28,310,0,0
12408,2011-11,1,754.5,365,2,0
12409,2011-06,1,6207.08,3142,-3,0
12409,2011-09,2,4865.59,2409,0,C
12410,2011-02,2,693.3299999999999,211,-7,C
12412,2011-06,1,514.5,358,-3,0
12412,2011-07,1,376.24,241,-2,0
12412,2011-09,1,336.14,230,0,0
12413,2011-01,1,479.25,180,-8,0
12413,2011-04,1,84.65,25,-5,0
12413,2011-10,1,194.20000000000002,81,1,0
12414,2011-02,1,153.76,145,-7,0
12414,2011-04,1,242.8,113,-5,0
12414,2011-05,1,165.85,42,-4,0
12415,2011-01,2,7092.9800000000005,4758,-8,C
12415,2011-02,1,14022.92,8384,-7,0
12415,2011-03,1,16726.84,10272,-6,0
12415,2011-04,1,350.0,1,-5,0
12415,2011-05,2,12691.16,8584,-4,C
12415,2011-06,2,23426.81,15241,-3,C
12415,2011-07,3,2955.01,4429,-2,C
12415,2011-08,1,21880.44,12196,-1,0
12415,2011-09,2,2941.7200000000003,2836,0,C
12415,2011-10,2,16471.77,7135,1,C
12415,2011-11,4,6354.88,3538,2,C
12417,2010-12,1,291.34,60,-9,0
12417,2011-01,1,323.44,108,-8,0
12417,2011-03,1,410.0,126,-6,0
12417,2011-04,1,436.3,267,-5,0
12417,2011-06,1,437.19,134,-3,0
12417,2011-08,2,918.25,534,-1,C
12417,2011-10,1,462.85,148,1,0
12417,2011-12,1,369.73,175,3,0
12418,2011-08,1,668.58,407,-1,0
12420,2011-10,1,600.39,345,1,0
12421,2011-01,1,157.45,104,-8,0
12421,2011-06,1,239.35,145,-3,0
12421,2011-08,1,231.76,158,-1,0
12421,2011-11,1,178.48,77,2,0
12422,2011-01,1,238.5,113,-8,0
12422,2011-06,1,417.36,175,-3,0
12422,2011-09,1,147.7,82,0,0
12423,2010-12,1,237.93,188,-9,0
12423,2011-02,1,192.31,194,-7,0
12423,2011-03,1,347.35,139,-6,0
12423,2011-04,1,255.36,248,-5,0
12423,2011-05,1,333.82,161,-4,0
12423,2011-06,1,84.92,57,-3,0
12423,2011-08,1,198.98,149,-1,0
12423,2011-12,1,208.64000000000001,203,3,0
12424,2011-06,2,1760.96,740,-3,C
12425,2011-09,1,777.2,496,0,0
12426,2011-05,1,582.73,258,-4,0
12427,2010-12,1,303.5,79,-9,0
12427,2011-10,1,282.58,114,1,0
12427,2011-11,1,239.72,340,2,0
12428,2011-03,5,5936.82,2536,-6,C
12428,2011-04,1,373.72,237,-5,0
12428,2011-07,1,632.44,228,-2,0
12428,2011-08,1,605.14,385,-1,0
12428,2011-11,1,408.34000000000003,150,2,0
12429,2010-12,1,1281.5,454,-9,0
12429,2011-04,1,437.98,198,-5,0
12429,2011-06,1,1125.4,393,-3,0
12429,2011-11,1,905.52,512,2,0
12430,2011-10,1,256.4,117,1,0
12431,2010-12,2,706.45,243,-9,C
12431,2011-01,1,384.68,110,-8,0
12431,2011-02,2,1052.65,496,-7,C
12431,2011-05,2,947.25,415,-4,C
12431,2011-07,3,1107.28,460,-2,C
12431,2011-08,1,608.76,374,-1,0
12431,2011-10,3,1011.44,462,1,C
12431,2011-11,1,601.44,336,2,0
12432,2011-06,3,4016.66,1427,-3,C
12432,2011-10,2,1042.66,374,1,C
12433,2010-12,2,3787.12,3582,-9,C
12433,2011-09,1,2608.11,1849,0,0
12433,2011-10,1,1498.66,1114,1,0
12433,2011-11,1,2843.29,2299,2,0
12433,2011-12,2,2638.69,2227,3,C
12434,2011-03,1,286.25,77,-6,0
12434,2011-09,1,519.89,317,0,0
12435,2011-03,1,3978.9900000000002,879,-6,0
12435,2011-09,1,3850.9,1176,0,0
12436,2011-09,1,509.01,211,0,0
12437,2011-01,1,392.7,134,-8,0
12437,2011-02,3,590.26,569,-7,C
12437,2011-03,1,147.70999999999998,98,-6,0
12437,2011-04,1,209.10000000000002,147,-5,0
12437,2011-05,2,635.3199999999999,336,-4,C
12437,2011-06,1,501.64,359,-3,0
12437,2011-09,3,557.28,327,0,C
12437,2011-10,1,263.46,78,1,0
12437,2011-11,4,1488.04,853,2,C
12437,2011-12,1,165.9,21,3,0
12438,2011-07,1,890.0699999999999,586,-2,0
12438,2011-11,1,2016.78,594,2,0
12441,2010-12,1,173.55,121,-9,0
12442,2011-12,1,172.06,182,3,0
12444,2011-06,1,1870.2,582,-3,0
12444,2011-08,1,757.0699999999999,68,-1,0
12444,2011-09,1,562.54,178,0,0
12444,2011-10,1,879.01,85,1,0
12444,2011-11,1,936.64,240,2,0
12445,2011-11,1,133.4,62,2,0
12446,2011-10,1,1002.3100000000001,351,1,0
12447,2011-04,1,476.49,190,-5,0
12448,2011-10,1,449.45,243,1,0
12449,2011-06,1,858.9300000000001,390,-3,0
12449,2011-08,1,777.95,267,-1,0
12449,2011-09,1,1087.7,372,0,0
12449,2011-11,1,1342.71,524,2,0
12450,2011-06,1,101.88,64,-3,0
12450,2011-07,1,96.0,64,-2,0
12451,2011-01,1,2919.5099999999998,2334,-8,0
12451,2011-05,1,2388.31,1771,-4,0
12451,2011-10,1,2539.56,1650,1,0
12451,2011-11,2,1188.14,820,2,C
12452,2011-11,2,430.57,185,2,C
12453,2011-07,1,707.09,473,-2,0
12454,2011-10,1,3528.34,1006,1,0
12455,2011-02,2,1698.9,1523,-7,C
12455,2011-06,1,264.4,107,-3,0
12455,2011-07,1,134.5,103,-2,0
12455,2011-08,1,78.56,33,-1,0
12455,2011-09,1,290.5,323,0,0
12456,2011-03,1,940.1700000000001,445,-6,0
12456,2011-07,1,1325.23,628,-2,0
12456,2011-10,1,915.64,560,1,0
12457,2011-04,3,1067.25,397,-5,C
12457,2011-09,3,1099.63,413,0,C
12457,2011-10,1,196.35,33,1,0
12458,2011-02,1,441.92,270,-7,0
12458,2011-09,1,505.48,236,0,0
12461,2011-07,1,626.88,282,-2,0
12461,2011-09,1,200.0,5,0,0
12462,2011-02,1,762.11,287,-7,0
12462,2011-11,1,427.48,249,2,0
12463,2011-04,1,350.57,189,-5,0
12463,2011-05,1,297.38,168,-4,0
12463,2011-06,1,337.84000000000003,220,-3,0
12463,2011-10,1,358.99,199,1,0
12464,2011-02,2,363.84999999999997,36,-7,C
12464,2011-05,2,181.0,18,-4,C
12464,2011-07,1,45.599999999999994,13,-2,0
12464,2011-08,1,190.1,14,-1,0
12464,2011-11,2,431.5,31,2,C
12465,2011-06,1,440.94,294,-3,0
12465,2011-11,1,301.25,185,2,0
12468,2011-01,1,220.59,127,-8,0
12468,2011-06,1,508.95000000000005,239,-3,0
12471,2010-12,4,3838.96,1534,-9,C
12471,2011-01,1,753.4499999999999,100,-8,0
12471,2011-02,2,1335.7,381,-7,C
12471,2011-03,2,878.3199999999999,308,-6,C
12471,2011-04,2,674.29,390,-5,C
12471,2011-05,2,881.1999999999999,324,-4,C
12471,2011-07,3,978.26,447,-2,C
12471,2011-08,3,1740.82,856,-1,C
12471,2011-09,2,663.76,368,0,C
12471,2011-10,2,2385.38,963,1,C
12471,2011-11,6,3420.0,1639,2,C
12471,2011-12,1,2238.5099999999998,890,3,0
12472,2010-12,1,1631.3,972,-9,0
12472,2011-01,1,825.36,485,-8,0
12472,2011-03,1,592.18,368,-6,0
12472,2011-06,1,1266.66,791,-3,0
12472,2011-07,1,612.1,472,-2,0
12472,2011-10,1,1376.43,923,1,0
12472,2011-11,1,268.08,137,2,0
12473,2011-06,1,661.6899999999999,532,-3,0
12473,2011-08,1,514.06,321,-1,0
12473,2011-10,1,1697.98,1557,1,0
12473,2011-11,2,1054.32,4,2,C
12474,2011-01,3,599.8,289,-8,C
12474,2011-02,1,287.58000000000004,124,-7,0
12474,2011-03,2,1063.67,707,-6,C
12474,2011-05,2,768.08,542,-4,C
12474,2011-06,2,472.01,287,-3,C
12474,2011-07,2,705.24,535,-2,C
12474,2011-09,1,465.68,314,0,0
12474,2011-10,3,1835.0,1288,1,C
12474,2011-11,2,1127.03,747,2,C
12475,2011-10,1,723.38,535,1,0
12476,2010-12,1,12.45,2,-9,0
12476,2011-01,1,549.58,131,-8,0
12476,2011-02,1,160.2,47,-7,0
12476,2011-04,1,1411.67,628,-5,0
12476,2011-05,1,311.2,20,-4,0
12476,2011-07,1,746.5699999999999,304,-2,0
12476,2011-09,1,533.6,185,0,0
12476,2011-10,2,1097.16,428,1,C
12476,2011-11,2,1993.99,663,2,C
12477,2011-02,1,2355.9500000000003,639,-7,0
12477,2011-04,1,2221.02,728,-5,0
12477,2011-08,1,4257.0599999999995,1151,-1,0
12477,2011-10,2,2348.02,662,1,C
12477,2011-11,1,2037.69,473,2,0
12478,2011-12,1,680.99,236,3,0
12479,2011-11,1,527.2,385,2,0
12480,2011-01,1,816.25,367,-8,0
12480,2011-03,1,771.02,395,-6,0
12480,2011-07,1,557.6800000000001,334,-2,0
12480,2011-11,1,1136.6799999999998,611,2,0
12481,2010-12,2,791.34,319,-9,C
12481,2011-01,1,603.09,413,-8,0
12481,2011-03,2,832.34,693,-6,C
12481,2011-05,2,857.28,509,-4,C
12481,2011-06,1,1001.21,417,-3,0
12481,2011-10,1,1307.76,790,1,0
12481,2011-11,1,186.79999999999998,153,2,0
12483,2011-01,1,547.56,293,-8,0
12483,2011-04,1,323.0,109,-5,0
12483,2011-05,2,124.10000000000001,39,-4,C
12483,2011-06,1,319.95,188,-3,0
12483,2011-09,1,309.45,163,0,0
12483,2011-10,1,454.2,198,1,0
12483,2011-11,1,406.72,120,2,0
12484,2011-01,1,1138.67,630,-8,0
12484,2011-06,1,1137.99,424,-3,0
12484,2011-08,2,1381.99,803,-1,C
12484,2011-11,2,868.6700000000001,330,2,C
12488,2011-09,1,553.39,169,0,0
12488,2011-10,1,214.06,90,1,0
12488,2011-11,1,531.21,270,2,0
12489,2011-01,1,334.93,105,-8,0
12490,2011-01,1,864.22,548,-8,0
12490,2011-05,1,331.5,164,-4,0
12490,2011-06,1,484.06,211,-3,0
12490,2011-07,1,412.93,236,-2,0
12490,2011-08,1,424.06,201,-1,0
12490,2011-09,1,1035.82,650,0,0
12490,2011-11,3,1403.04,799,2,C
12490,2011-12,1,462.3,255,3,0
12491,2011-11,1,460.40000000000003,260,2,0
12492,2011-08,1,126.39000000000001,69,-1,0
12492,2011-10,1,136.82,123,1,0
12493,2011-05,1,232.5,88,-4,0
12493,2011-06,1,201.24,119,-3,0
12494,2010-12,2,62.55,12,-9,C
12494,2011-02,1,250.0,116,-7,0
12494,2011-05,1,403.09000000000003,157,-4,0
12494,2011-07,1,153.22,79,-2,0
12494,2011-10,1,214.74,209,1,0
12494,2011-11,1,162.5,134,2,0
12497,2011-09,1,1043.1,1236,0,0
12498,2011-10,1,247.25,69,1,0
12498,2011-11,2,156.45,90,2,C
12500,2011-01,1,344.94,243,-8,0
12500,2011-02,1,373.98,303,-7,0
12500,2011-03,2,491.28000000000003,362,-6,C
12500,2011-06,1,185.64000000000001,73,-3,0
12500,2011-08,1,378.0,289,-1,0
12500,2011-10,4,1866.94,831,1,C
12500,2011-11,1,617.04,577,2,0
12501,2011-01,1,2169.39,1783,-8,0
12502,2011-02,1,617.25,171,-7,0
12502,2011-03,1,702.8,175,-6,0
12502,2011-05,1,522.6,88,-4,0
12502,2011-08,1,788.87,152,-1,0
12502,2011-09,1,1092.35,234,0,0
12504,2011-11,2,482.04999999999995,90,2,C
12506,2011-04,1,73.5,23,-5,0
12507,2011-02,1,446.16,219,-7,0
12507,2011-07,2,858.65,675,-2,C
12508,2011-11,2,397.88,271,2,C
12509,2011-02,1,176.5,55,-7,0
12510,2011-01,1,681.05,294,-8,0
12510,2011-07,1,301.52,59,-2,0
12512,2011-10,2,132.18,96,1,C
12513,2011-08,1,612.29,462,-1,0
12514,2011-03,1,1017.68,440,-6,0
12515,2010-12,1,383.7,131,-9,0
12516,2011-06,1,583.2,345,-3,0
12516,2011-09,1,728.86,530,0,0
12517,2011-06,1,749.7,413,-3,0
12517,2011-08,1,771.75,421,-1,0
12517,2011-09,1,417.2,210,0,0
12517,2011-11,2,542.95,317,2,C
12518,2011-08,1,324.83,187,-1,0
12518,2011-09,1,524.9,295,0,0
12518,2011-10,1,381.06,324,1,0
12518,2011-11,1,486.96000000000004,324,2,0
12518,2011-12,1,339.14,188,3,0
12519,2011-10,1,330.84,175,1,0
12520,2011-03,2,1233.96,746,-6,C
12520,2011-05,1,463.59999999999997,199,-4,0
12520,2011-07,1,348.29,154,-2,0
12520,2011-09,1,588.41,340,0,0
12521,2011-07,1,599.68,309,-2,0
12522,2011-10,2,192.72,194,1,C
12523,2011-01,1,102.95,43,-8,0
12523,2011-02,1,143.4,78,-7,0
12523,2011-03,1,115.09,62,-6,0
12523,2011-04,1,138.75,88,-5,0
12523,2011-07,1,204.75,148,-2,0
12523,2011-08,2,312.81,141,-1,C
12523,2011-09,1,124.38,63,0,0
12523,2011-10,2,385.22,165,1,C
12523,2011-11,1,262.42,77,2,0
12524,2011-01,1,337.39,392,-8,0
12524,2011-02,1,525.3399999999999,271,-7,0
12524,2011-03,1,475.44,343,-6,0
12524,2011-05,2,1495.21,1117,-4,C
12524,2011-06,1,289.1,167,-3,0
12524,2011-10,1,1055.44,1299,1,0
12524,2011-11,1,307.79999999999995,110,2,0
12526,2011-09,1,520.3,318,0,0
12526,2011-10,1,519.28,226,1,0
12526,2011-12,1,277.08,88,3,0
12527,2011-01,1,132.52,113,-8,0
12527,2011-02,1,152.4,108,-7,0
12527,2011-09,1,63.790000000000006,13,0,0
12528,2011-01,1,493.53000000000003,281,-8,0
12528,2011-03,1,278.13,77,-6,0
12528,2011-07,1,281.71,94,-2,0
12528,2011-08,1,234.0,51,-1,0
12528,2011-10,1,274.51,102,1,0
12528,2011-11,1,371.6,151,2,0
12530,2011-01,1,387.40000000000003,95,-8,0
12530,2011-04,1,417.6,232,-5,0
12530,2011-08,1,416.65,273,-1,0
12530,2011-10,1,440.63,313,1,0
12531,2011-11,1,125.22,45,2,0
12532,2011-11,1,349.83000000000004,153,2,0
12534,2011-08,1,1089.18,651,-1,0
12535,2011-06,1,371.45,115,-3,0
12535,2011-09,1,344.9,104,0,0
12536,2011-10,3,12601.830000000002,2803,1,C
12538,2011-11,1,363.95,191,2,0
12539,2011-01,2,3431.7,1286,-8,C
12539,2011-03,1,1085.99,335,-6,0
12539,2011-11,1,1050.66,446,2,0
12540,2010-12,1,881.01,300,-9,0
12540,2011-01,1,1147.1799999999998,475,-8,0
12540,2011-02,1,288.98,193,-7,0
12540,2011-03,1,1140.76,512,-6,0
12540,2011-05,2,2686.6,1355,-4,C
12540,2011-06,1,357.99,173,-3,0
12540,2011-07,2,1775.01,865,-2,C
12540,2011-08,1,509.34000000000003,317,-1,0
12540,2011-09,3,1709.12,905,0,C
12540,2011-10,2,1442.27,951,1,C
12540,2011-11,2,1461.98,639,2,C
12541,2011-03,1,312.4,288,-6,0
12541,2011-06,1,223.74,131,-3,0
12541,2011-11,1,445.03999999999996,261,2,0
12544,2011-11,1,372.7,136,2,0
12545,2011-03,1,628.15,346,-6,0
12545,2011-09,1,372.24,177,0,0
12546,2011-09,1,760.2,475,0,0
12546,2011-10,1,401.3,158,1,0
12547,2011-03,1,159.4,109,-6,0
12547,2011-05,1,48.4,25,-4,0
12548,2011-06,1,95.19999999999999,49,-3,0
12550,2011-09,1,964.83,569,0,0
12551,2010-12,1,168.0,100,-9,0
12552,2011-10,1,317.82,85,1,0
12552,2011-11,1,120.0,3,2,0
12553,2011-01,1,700.31,446,-8,0
12553,2011-02,1,6.3,15,-7,0
12553,2011-03,2,675.16,389,-6,C
12553,2011-05,1,352.85,128,-4,0
12553,2011-07,1,284.75,137,-2,0
12553,2011-08,1,400.21999999999997,236,-1,0
12553,2011-10,1,477.55,220,1,0
12553,2011-11,1,518.12,225,2,0
12553,2011-12,1,277.02,169,3,0
12556,2011-07,1,308.75,163,-2,0
12556,2011-10,1,290.81,192,1,0
12557,2010-12,1,620.0,400,-9,0
12557,2011-01,1,3417.1200000000003,1008,-8,0
12557,2011-03,1,817.5,550,-6,0
12557,2011-07,1,4146.34,1506,-2,0
12557,2011-11,1,2990.0,920,2,0
12558,2011-12,1,269.96,196,3,0
12559,2011-01,1,486.11,247,-8,0
12559,2011-02,1,75.60000000000001,36,-7,0
12560,2011-07,1,1292.31,812,-2,0
12560,2011-08,1,144.0,8,-1,0
12560,2011-12,1,697.7,290,3,0
12561,2011-02,1,238.85,177,-7,0
12562,2011-05,1,444.96000000000004,183,-4,0
12562,2011-06,1,510.27,270,-3,0
12562,2011-08,1,650.0,323,-1,0
12562,2011-09,1,388.64,231,0,0
12562,2011-10,1,513.6,234,1,0
12562,2011-11,1,619.9,215,2,0
12562,2011-12,1,654.37,323,3,0
12564,2011-03,1,456.9,133,-6,0
12565,2011-02,1,145.92,80,-7,0
12566,2011-09,1,351.65,265,0,0
12567,2010-12,2,1942.38,778,-9,C
12567,2011-02,1,1236.73,617,-7,0
12567,2011-05,1,705.21,234,-4,0
12567,2011-06,3,2222.7799999999997,989,-3,C
12567,2011-08,1,851.06,406,-1,0
12567,2011-09,1,891.8199999999999,509,0,0
12567,2011-11,1,1551.3,772,2,0
12569,2011-04,3,796.4,297,-5,C
12569,2011-05,2,367.92,195,-4,C
12569,2011-06,2,237.42000000000002,126,-3,C
12569,2011-07,2,166.25,82,-2,C
12569,2011-08,3,315.03,88,-1,C
12569,2011-09,3,284.66,69,0,C
12569,2011-10,6,706.72,359,1,C
12569,2011-11,5,555.27,285,2,C
12569,2011-12,6,695.02,300,3,C
12571,2011-08,1,248.35,197,-1,0
12571,2011-10,1,271.26,326,1,0
12572,2011-10,1,532.74,293,1,0
12572,2011-12,1,487.68,159,3,0
12573,2011-04,1,160.54000000000002,84,-5,0
12574,2011-01,1,218.45,61,-8,0
12576,2011-02,1,266.85,199,-7,0
12576,2011-05,1,154.8,116,-4,0
12576,2011-07,1,239.2,148,-2,0
12576,2011-09,1,275.7,202,0,0
12576,2011-11,1,379.28,302,2,0
12577,2010-12,1,195.89,134,-9,0
12577,2011-11,2,430.71,335,2,C
12578,2011-01,1,1608.66,748,-8,0
12578,2011-11,1,1185.85,448,2,0
12579,2011-09,1,440.42,285,0,0
12580,2011-04,1,415.7,238,-5,0
12581,2011-10,1,197.71,161,1,0
12582,2011-02,1,205.16,141,-7,0
12582,2011-04,1,306.2,159,-5,0
12583,2010-12,1,855.86,449,-9,0
12583,2011-01,1,730.16,491,-8,0
12583,2011-02,1,321.56,454,-7,0
12583,2011-03,1,712.8499999999999,325,-6,0
12583,2011-05,1,421.96,306,-4,0
12583,2011-06,2,617.48,1067,-3,C
12583,2011-07,1,329.24,200,-2,0
12583,2011-08,1,243.1,171,-1,0
12583,2011-09,2,868.03,452,0,C
12583,2011-10,1,314.20000000000005,101,1,0
12583,2011-11,2,1172.17,732,2,C
12583,2011-12,1,694.77,312,3,0
12584,2011-03,1,463.63,84,-6,0
12584,2011-06,1,159.11,31,-3,0
12584,2011-07,1,147.1,22,-2,0
12584,2011-08,1,12.75,1,-1,0
12584,2011-09,1,279.8,48,0,0
12584,2011-10,2,661.0600000000001,122,1,C
12584,2011-11,1,414.25,63,2,0
12584,2011-12,1,200.45000000000002,45,3,0
12585,2010-12,1,1262.85,872,-9,0
12585,2011-04,1,777.25,407,-5,0
12586,2011-11,1,196.94000000000003,79,2,0
12587,2011-12,1,144.0,51,3,0
12588,2011-10,1,214.89999999999998,53,1,0
12589,2011-07,1,131.5,83,-2,0
12589,2011-11,1,515.1800000000001,223,2,0
12590,2011-05,2,9864.26,4283,-4,C
12591,2011-01,1,452.84999999999997,228,-8,0
12592,2011-05,1,231.8,165,-4,0
12592,2011-09,1,205.8,125,0,0
12593,2011-05,1,236.0,100,-4,0
12593,2011-08,2,182.1,106,-1,C
12594,2011-01,1,341.0,145,-8,0
12594,2011-02,1,256.0,111,-7,0
12594,2011-03,2,325.5,164,-6,C
12594,2011-04,1,255.04000000000002,208,-5,0
12594,2011-05,1,587.45,267,-4,0
12594,2011-06,1,42.96,24,-3,0
12594,2011-08,1,721.95,521,-1,0
12594,2011-10,1,722.4000000000001,289,1,0
12594,2011-11,1,85.92,48,2,0
12596,2011-04,1,269.95,156,-5,0
12596,2011-10,1,348.32,318,1,0
12597,2011-03,1,516.15,230,-6,0
12597,2011-06,1,912.66,445,-3,0
12597,2011-10,1,2176.45,1484,1,0
12597,2011-11,1,205.96,77,2,0
12598,2011-02,1,720.86,316,-7,0
12598,2011-05,2,564.88,370,-4,C
12598,2011-07,1,298.64,285,-2,0
12598,2011-09,1,361.76,288,0,0
12598,2011-11,3,1076.94,705,2,C
12599,2011-02,2,312.46000000000004,287,-7,C
12599,2011-05,1,151.4,141,-4,0
12599,2011-06,1,134.28,109,-3,0
12599,2011-07,1,78.6,49,-2,0
12599,2011-08,1,180.3,163,-1,0
12599,2011-11,1,175.54000000000002,207,2,0
12600,2010-12,2,274.8,74,-9,C
12600,2011-02,1,427.94000000000005,105,-7,0
12600,2011-03,1,124.08000000000001,25,-6,0
12600,2011-04,1,286.88,85,-5,0
12600,2011-05,1,202.26000000000002,47,-4,0
12600,2011-07,1,345.23,107,-2,0
12600,2011-08,1,275.37,101,-1,0
12600,2011-09,1,282.90000000000003,69,0,0
12600,2011-11,1,379.58000000000004,161,2,0
12601,2011-01,1,144.26,87,-8,0
12601,2011-02,1,113.10000000000001,51,-7,0
12601,2011-03,1,111.0,49,-6,0
12601,2011-05,1,140.6,35,-4,0
12601,2011-06,1,68.1,23,-3,0
12602,2011-10,1,153.12,162,1,0
12603,2011-11,1,739.1999999999999,63,2,0
12604,2011-03,1,178.5,137,-6,0
12604,2011-09,1,75.68,64,0,0
12607,2011-10,1,1579.51,1228,1,0
12609,2011-01,1,287.93,223,-8,0
12609,2011-06,1,512.8,295,-3,0
12609,2011-09,1,326.12,130,0,0
12610,2011-08,2,1256.25,625,-1,C
12610,2011-10,2,595.0899999999999,255,1,C
12610,2011-11,1,248.2,169,2,0
12611,2011-10,1,1193.32,846,1,0
12612,2011-09,1,704.0400000000001,262,0,0
12613,2011-03,2,821.66,486,-6,C
12613,2011-05,2,640.86,273,-4,C
12613,2011-10,1,1881.8600000000001,885,1,0
12614,2011-03,1,315.6,76,-6,0
12615,2011-06,1,634.74,413,-3,0
12615,2011-09,1,576.65,338,0,0
12615,2011-11,1,656.95,376,2,0
12615,2011-12,1,422.85,249,3,0
12616,2011-02,1,255.6,98,-7,0
12616,2011-09,1,457.7,186,0,0
12617,2011-11,1,352.98,210,2,0
12618,2011-11,1,177.31,96,2,0
12619,2011-03,1,205.98,44,-6,0
12619,2011-04,1,425.67999999999995,468,-5,0
12619,2011-07,2,1077.68,782,-2,C
12619,2011-08,1,378.12,462,-1,0
12619,2011-09,2,672.92,639,0,C
12619,2011-11,2,880.86,983,2,C
12620,2011-05,1,561.66,434,-4,0
12620,2011-09,1,377.66,306,0,0
12620,2011-11,1,400.09,441,2,0
12621,2010-12,2,1383.65,555,-9,C
12621,2011-02,2,1535.24,932,-7,C
12621,2011-03,1,960.0,484,-6,0
12621,2011-04,1,1209.8,468,-5,0
12621,2011-05,4,2267.13,1379,-4,C
12621,2011-06,2,683.35,471,-3,C
12621,2011-07,1,561.06,297,-2,0
12621,2011-08,2,1594.81,853,-1,C
12621,2011-09,2,1065.6000000000001,410,0,C
12621,2011-10,1,630.55,346,1,0
12621,2011-11,1,610.28,253,2,0
12621,2011-12,1,1188.2,992,3,0
12622,2011-04,1,180.1,69,-5,0
12623,2011-03,1,305.1,191,-6,0
12624,2011-06,1,299.94,208,-3,0
12624,2011-08,1,341.19,147,-1,0
12625,2011-01,1,1716.62,909,-8,0
12625,2011-05,1,967.2,703,-4,0
12626,2011-01,2,1274.1,460,-8,C
12626,2011-06,1,814.74,583,-3,0
12626,2011-07,1,1159.06,522,-2,0
12626,2011-08,2,1526.1,772,-1,C
12626,2011-10,2,1594.51,993,1,C
12626,2011-11,1,251.97,123,2,0
12627,2011-07,1,768.02,426,-2,0
12627,2011-08,3,1140.55,590,-1,C
12627,2011-09,1,819.26,559,0,0
12627,2011-10,1,1183.72,868,1,0
12627,2011-11,1,566.98,309,2,0
12628,2011-10,1,333.64,195,1,0
12628,2011-11,1,237.57,106,2,0
12628,2011-12,1,215.25,147,3,0
12630,2011-10,1,701.79,284,1,0
12630,2011-11,1,569.09,264,2,0
12631,2011-10,1,640.5,236,1,0
12633,2011-02,1,1012.82,589,-7,0
12633,2011-05,1,716.73,342,-4,0
12633,2011-08,1,219.2,137,-1,0
12633,2011-10,1,215.23000000000002,94,1,0
12635,2011-07,1,683.64,399,-2,0
12635,2011-09,1,1005.54,773,0,0
12637,2011-01,1,1516.68,708,-8,0
12637,2011-03,2,201.27,88,-6,C
12637,2011-04,1,669.2,287,-5,0
12637,2011-07,1,662.35,321,-2,0
12637,2011-09,2,2609.4,1438,0,C
12637,2011-10,1,344.0,152,1,0
12638,2011-11,1,671.69,577,2,0
12639,2011-04,1,486.1,201,-5,0
12640,2011-09,1,764.59,246,0,0
12640,2011-11,2,409.99,65,2,C
12641,2011-08,1,185.9,72,-1,0
12642,2011-08,1,366.45,277,-1,0
12642,2011-10,1,291.96000000000004,108,1,0
12642,2011-11,1,354.85,167,2,0
12643,2011-01,1,871.1999999999999,578,-8,0
12643,2011-05,2,540.72,316,-4,C
12643,2011-06,2,730.5,215,-3,C
12643,2011-08,1,1202.22,699,-1,0
12644,2011-08,1,477.91,325,-1,0
12645,2011-01,1,369.29999999999995,235,-8,0
12645,2011-05,1,429.6,240,-4,0
12645,2011-08,1,511.96000000000004,350,-1,0
12645,2011-11,1,464.32,259,2,0
12646,2011-10,1,731.6899999999999,489,1,0
12646,2011-12,1,615.28,408,3,0
12647,2010-12,4,1193.6,328,-9,C
12647,2011-03,1,464.7,225,-6,0
12647,2011-04,1,350.76,88,-5,0
12647,2011-05,1,293.25,121,-4,0
12647,2011-07,1,276.6,143,-2,0
12647,2011-08,1,307.8,134,-1,0
12647,2011-09,2,514.96,260,0,C
12647,2011-11,1,321.15,132,2,0
12648,2011-07,1,318.05,160,-2,0
12649,2011-05,1,375.0,204,-4,0
12649,2011-08,2,248.51000000000002,382,-1,C
12650,2011-12,1,314.44,254,3,0
12651,2011-01,1,114.0,78,-8,0
12652,2011-01,1,919.98,505,-8,0
12653,2011-02,1,779.1,286,-7,0
12653,2011-07,1,1430.75,633,-2,0
12654,2011-02,1,166.6,77,-7,0
12654,2011-05,2,171.15,74,-4,C
12654,2011-11,2,264.23,113,2,C
12656,2011-04,1,541.2,200,-5,0
12656,2011-05,1,1118.3999999999999,473,-4,0
12656,2011-08,1,1161.07,607,-1,0
12656,2011-09,1,644.75,268,0,0
12656,2011-11,1,585.75,175,2,0
12657,2011-09,1,618.44,259,0,0
12657,2011-10,1,42.5,5,1,0
12657,2011-11,2,982.24,780,2,C
12658,2011-11,1,686.05,320,2,0
12659,2011-11,1,91.68,105,2,0
12660,2011-11,1,245.1,127,2,0
12662,2010-12,1,261.48,157,-9,0
12662,2011-02,1,336.70000000000005,184,-7,0
12662,2011-03,1,301.4,169,-6,0
12662,2011-04,1,444.82,228,-5,0
12662,2011-06,1,493.68,290,-3,0
12662,2011-07,1,431.66,194,-2,0
12662,2011-08,1,383.92,178,-1,0
12662,2011-10,1,521.62,297,1,0
12662,2011-11,2,449.55,265,2,C
12662,2011-12,1,224.95000000000002,96,3,0
12664,2011-01,1,661.58,164,-8,0
12664,2011-04,1,642.0,153,-5,0
12664,2011-07,1,653.9,188,-2,0
12664,2011-09,1,319.6,73,0,0
12664,2011-10,2,644.8000000000001,147,1,C
12664,2011-11,2,1070.0,260,2,C
12664,2011-12,1,890.0,218,3,0
12665,2011-01,1,63.0,37,-8,0
12667,2011-10,1,620.13,395,1,0
12668,2010-12,1,469.87,337,-9,0
12668,2011-01,1,1009.8,475,-8,0
12668,2011-03,1,1444.8,522,-6,0
12668,2011-11,1,882.6800000000001,300,2,0
12669,2011-03,1,1136.3,848,-6,0
12669,2011-04,1,1136.3,1,-5,0
12669,2011-07,1,471.43,266,-2,0
12670,2011-04,1,633.05,278,-5,0
12670,2011-05,1,393.34,210,-4,0
12670,2011-09,1,608.0799999999999,273,0,0
12670,2011-11,2,1361.58,636,2,C
12672,2011-01,1,225.89999999999998,78,-8,0
12673,2011-01,1,220.9,171,-8,0
12673,2011-12,1,389.62,180,3,0
12674,2011-05,1,586.74,222,-4,0
12674,2011-06,1,390.06,272,-3,0
12674,2011-09,1,425.2,293,0,0
12674,2011-11,1,568.6,346,2,0
12676,2011-02,1,509.5,250,-7,0
12676,2011-03,1,197.9,107,-6,0
12676,2011-06,1,121.55,54,-3,0
12676,2011-08,1,169.10000000000002,83,-1,0
12676,2011-09,1,151.68,109,0,0
12676,2011-11,1,181.66,67,2,0
12678,2010-12,2,221.28,26,-9,C
12678,2011-02,1,353.43,214,-7,0
12678,2011-03,1,3243.13,2271,-6,0
12678,2011-04,1,134.0,1,-5,0
12678,2011-06,1,1939.52,1195,-3,0
12678,2011-07,1,915.46,667,-2,0
12678,2011-08,2,1475.44,821,-1,C
12678,2011-09,1,398.24,487,0,0
12678,2011-10,2,8947.96,5241,1,C
12679,2011-03,1,794.06,333,-6,0
12679,2011-05,1,112.32000000000001,74,-4,0
12679,2011-09,1,94.32000000000001,73,0,0
12679,2011-10,1,112.32000000000001,74,1,0
12680,2011-08,1,311.78,230,-1,0
12680,2011-09,2,301.58,108,0,C
12680,2011-12,1,249.45,105,3,0
12681,2010-12,2,2118.11,1189,-9,C
12681,2011-01,4,2964.42,1588,-8,C
12681,2011-03,3,1432.81,703,-6,C
12681,2011-04,1,545.57,377,-5,0
12681,2011-05,2,984.02,645,-4,C
12681,2011-06,1,709.91,351,-3,0
12681,2011-07,2,1111.74,566,-2,C
12681,2011-09,1,790.54,479,0,0
12681,2011-10,2,612.11,350,1,C
12681,2011-11,4,2518.31,1288,2,C
12682,2010-12,2,1075.29,476,-9,C
12682,2011-01,1,835.11,373,-8,0
12682,2011-02,2,1001.74,361,-7,C
12682,2011-03,1,479.40000000000003,187,-6,0
12682,2011-04,1,585.55,297,-5,0
12682,2011-05,4,1300.2,530,-4,C
12682,2011-06,2,785.09,313,-3,C
12682,2011-07,4,1023.46,486,-2,C
12682,2011-08,3,1134.08,508,-1,C
12682,2011-09,2,579.29,342,0,C
12682,2011-10,2,426.58,221,1,C
12682,2011-11,6,2417.4,1158,2,C
12682,2011-12,1,636.63,303,3,0
12683,2010-12,2,1063.08,664,-9,C
12683,2011-01,1,732.14,268,-8,0
12683,2011-03,3,1608.08,1210,-6,C
12683,2011-05,3,1014.27,466,-4,C
12683,2011-06,1,669.36,467,-3,0
12683,2011-08,1,1130.95,694,-1,0
12683,2011-09,1,404.31,211,0,0
12683,2011-10,1,1056.9,530,1,0
12683,2011-12,2,797.48,477,3,C
12684,2011-05,3,917.1,888,-4,C
12684,2011-06,1,462.38,386,-3,0
12684,2011-10,1,247.76,185,1,0
12684,2011-11,1,476.99,441,2,0
12684,2011-12,1,179.39999999999998,85,3,0
12685,2011-09,3,1829.02,1029,0,C
12685,2011-10,2,620.94,291,1,C
12685,2011-11,1,413.12,203,2,0
12686,2010-12,1,89.14,107,-9,0
12688,2011-08,1,4873.8099999999995,3028,-1,0
12689,2011-08,1,511.03,281,-1,0
12689,2011-11,1,736.5799999999999,347,2,0
12690,2011-05,1,389.01,106,-4,0
12691,2010-12,1,180.0,65,-9,0
12691,2011-01,2,226.2,86,-8,C
12691,2011-07,1,150.1,47,-2,0
12691,2011-10,1,303.1,99,1,0
12691,2011-11,1,176.39999999999998,97,2,0
12693,2011-01,1,162.05,47,-8,0
12693,2011-03,1,239.85,89,-6,0
12693,2011-05,1,228.87,85,-4,0
12693,2011-08,1,225.14000000000001,34,-1,0
12694,2011-06,1,439.5,323,-3,0
12694,2011-09,1,430.17,186,0,0
12695,2011-05,1,89.25,33,-4,0
12695,2011-08,1,244.65,139,-1,0
12695,2011-10,1,163.1,34,1,0
12695,2011-12,1,85.1,14,3,0
12697,2011-06,1,390.5,162,-3,0
12697,2011-07,1,343.40999999999997,197,-2,0
12697,2011-11,1,223.68,149,2,0
12700,2011-05,1,1092.43,779,-4,0
12700,2011-07,1,1056.62,597,-2,0
12700,2011-10,1,1476.19,890,1,0
12700,2011-12,1,1314.75,701,3,0
12701,2011-04,1,337.08,246,-5,0
12701,2011-09,1,460.63,432,0,0
12702,2011-11,1,219.0,53,2,0
12703,2011-09,1,283.55,164,0,0
12704,2011-06,1,329.56,157,-3,0
12704,2011-08,2,771.36,308,-1,C
12704,2011-09,1,245.55,138,0,0
12704,2011-11,3,795.61,322,2,C
12704,2011-12,1,198.76,81,3,0
12705,2010-12,1,858.0,397,-9,0
12705,2011-04,1,1321.25,757,-5,0
12705,2011-05,1,984.85,582,-4,0
12705,2011-07,1,998.4200000000001,863,-2,0
12705,2011-09,1,842.62,461,0,0
12705,2011-10,1,968.45,461,1,0
12705,2011-11,3,894.7,476,2,C
12707,2011-02,1,603.42,256,-7,0
12708,2010-12,1,196.44,89,-9,0
12708,2011-01,1,284.62,166,-8,0
12708,2011-03,1,282.65999999999997,191,-6,0
12708,2011-04,1,202.5,146,-5,0
12708,2011-05,1,371.95,163,-4,0
12708,2011-06,1,289.77,101,-3,0
12708,2011-08,1,403.83,133,-1,0
12708,2011-09,1,367.37,165,0,0
12708,2011-11,2,313.77,153,2,C
12709,2010-12,2,1315.69,272,-9,C
12709,2011-01,1,1086.9,290,-8,0
12709,2011-03,2,1181.2,558,-6,C
12709,2011-04,1,68.0,41,-5,0
12709,2011-05,1,246.07999999999998,224,-4,0
12709,2011-06,1,1225.26,653,-3,0
12709,2011-07,2,1315.98,527,-2,C
12709,2011-09,2,1586.51,587,0,C
12709,2011-10,2,801.8000000000001,438,1,C
12709,2011-11,1,879.1,322,2,0
12710,2011-05,1,718.96,386,-4,0
12710,2011-07,1,71.4,61,-2,0
12710,2011-09,1,358.66,404,0,0
12712,2010-12,2,470.63,144,-9,C
12712,2011-01,1,250.65,97,-8,0
12712,2011-02,1,314.15000000000003,61,-7,0
12712,2011-03,2,520.0,141,-6,C
12712,2011-05,2,712.05,179,-4,C
12712,2011-06,1,627.4,92,-3,0
12712,2011-07,1,776.0500000000001,119,-2,0
12712,2011-08,1,242.15000000000003,110,-1,0
12712,2011-10,1,250.40000000000003,69,1,0
12712,2011-11,1,232.65,50,2,0
12713,2011-12,1,848.55,508,3,0
12714,2011-02,1,968.3,753,-7,0
12714,2011-05,1,793.62,479,-4,0
12714,2011-06,1,513.26,236,-3,0
12714,2011-08,1,1114.52,790,-1,0
12714,2011-11,1,1319.16,811,2,0
12715,2011-08,1,343.36,192,-1,0
12716,2011-07,1,677.9,503,-2,0
12716,2011-12,1,375.59000000000003,205,3,0
12717,2011-04,1,609.74,262,-5,0
12717,2011-07,1,421.24,244,-2,0
12718,2011-09,1,238.25,203,0,0
12719,2011-10,1,283.6,162,1,0
12719,2011-12,1,361.35,212,3,0
12720,2010-12,2,657.13,523,-9,C
12720,2011-01,1,279.3,182,-8,0
12720,2011-02,1,168.9,160,-7,0
12720,2011-03,1,498.32,490,-6,0
12720,2011-04,1,293.24,218,-5,0
12720,2011-05,4,444.88,338,-4,C
12720,2011-06,1,276.93,145,-3,0
12720,2011-07,2,367.36,444,-2,C
12720,2011-08,2,328.44,247,-1,C
12720,2011-09,3,513.82,441,0,C
12720,2011-10,3,725.84,634,1,C
12720,2011-11,3,845.1,682,2,C
12720,2011-12,1,382.47,168,3,0
12721,2010-12,1,286.6,129,-9,0
12721,2011-02,1,455.02,301,-7,0
12721,2011-04,1,366.2,239,-5,0
12721,2011-06,1,591.09,464,-3,0
12721,2011-09,1,342.90000000000003,417,0,0
12721,2011-11,1,614.3199999999999,409,2,0
12722,2011-07,1,302.92,156,-2,0
12722,2011-08,2,626.73,403,-1,C
12722,2011-09,1,67.98,7,0,0
12723,2011-10,2,299.40999999999997,190,1,C
12723,2011-11,2,348.38,219,2,C
12723,2011-12,1,77.28,25,3,0
12724,2011-01,1,154.9,115,-8,0
12724,2011-06,1,125.46000000000001,63,-3,0
12724,2011-09,1,542.8100000000001,192,0,0
12724,2011-12,1,208.24,75,3,0
12725,2010-12,1,427.8,164,-9,0
12726,2010-12,1,170.28,333,-9,0
12726,2011-01,1,401.58000000000004,408,-8,0
12726,2011-03,1,316.02,423,-6,0
12726,2011-05,1,223.4,333,-4,0
12726,2011-06,1,356.03999999999996,445,-3,0
12726,2011-09,1,357.32,438,0,0
12726,2011-11,1,784.46,763,2,0
12727,2011-01,1,514.5,126,-8,0
12727,2011-02,1,919.66,777,-7,0
12727,2011-03,2,573.16,342,-6,C
12727,2011-06,1,793.08,363,-3,0
12727,2011-09,1,537.3,148,0,0
12727,2011-11,1,643.0,342,2,0
12728,2011-01,1,252.54,122,-8,0
12728,2011-02,1,200.72,73,-7,0
12728,2011-03,1,164.05,61,-6,0
12728,2011-09,1,219.01999999999998,163,0,0
12729,2011-08,1,453.01,233,-1,0
12731,2010-12,1,1071.9,418,-9,0
12731,2011-01,1,3174.4300000000003,1617,-8,0
12731,2011-03,2,2350.46,1078,-6,C
12731,2011-04,1,252.0,240,-5,0
12731,2011-05,1,1381.3,734,-4,0
12731,2011-06,1,1359.58,514,-3,0
12731,2011-07,1,1734.58,838,-2,0
12731,2011-09,2,3570.4,1770,0,C
12731,2011-10,1,2503.74,566,1,0
12731,2011-11,1,1497.52,662,2,0
12732,2011-06,1,236.26000000000002,111,-3,0
12733,2011-04,1,383.95,137,-5,0
12734,2010-12,1,110.39999999999999,88,-9,0
12735,2011-01,2,779.5699999999999,368,-8,C
12736,2011-01,1,234.0,173,-8,0
12738,2010-12,1,155.35,148,-9,0
12739,2011-09,2,1013.04,486,0,C
12740,2011-10,1,427.6,342,1,0
12743,2011-07,2,540.13,315,-2,C
12744,2011-01,1,2053.07,1091,-8,0
12744,2011-04,3,8209.58,1389,-5,C
12744,2011-07,1,3949.32,2160,-2,0
12744,2011-10,2,7067.32,601,1,C
12747,2010-12,2,706.27,213,-9,C
12747,2011-01,1,303.03999999999996,88,-8,0
12747,2011-03,1,310.78,146,-6,0
12747,2011-05,2,771.31,261,-4,C
12747,2011-06,1,376.3,92,-3,0
12747,2011-08,1,301.70000000000005,62,-1,0
12747,2011-10,1,675.38,208,1,0
12747,2011-11,1,312.73,83,2,0
12747,2011-12,1,438.5,122,3,0
12748,2010-12,35,4185.0,2784,-9,C
12748,2011-01,4,417.12,131,-8,C
12748,2011-02,5,381.59,173,-7,C
12748,2011-03,12,1165.37,1025,-6,C
12748,2011-04,6,1065.57,359,-5,C
12748,2011-05,24,2223.17,1320,-4,C
12748,2011-06,16,1923.62,1544,-3,C
12748,2011-07,13,1081.45,718,-2,C
12748,2011-08,12,896.16,467,-1,C
12748,2011-09,12,6062.15,4647,0,C
12748,2011-10,16,2199.3,2933,1,C
12748,2011-11,45,10453.69,8527,2,C
12748,2011-12,9,999.0,659,3,C
12749,2011-05,1,859.1,262,-4,0
12749,2011-08,2,1896.13,818,-1,C
12749,2011-11,1,572.59,164,2,0
12749,2011-12,1,763.0600000000001,227,3,0
12750,2011-08,1,275.88,137,-1,0
12752,2011-09,1,4366.78,2262,0,0
12753,2010-12,1,3590.59,2409,-9,0
12753,2011-02,1,5735.24,2962,-7,0
12753,2011-03,1,15.299999999999999,6,-6,0
12753,2011-04,1,3599.38,1626,-5,0
12753,2011-07,1,3680.4,2208,-2,0
12753,2011-11,1,4808.48,2210,2,0
12754,2011-02,1,45.57,37,-7,0
12754,2011-03,1,16.05,12,-6,0
12754,2011-04,1,2949.12,6432,-5,0
12755,2010-12,1,3794.3999999999996,1488,-9,0
12755,2011-03,1,17.549999999999997,3,-6,0
12756,2011-09,1,112.07999999999998,144,0,0
12757,2011-05,5,4202.2300000000005,315,-4,C
12757,2011-06,1,243.2,146,-3,0
12757,2011-07,1,835.65,457,-2,0
12757,2011-10,3,1858.07,1121,1,C
12757,2011-11,3,695.5,356,2,C
12758,2011-03,1,1570.19,1109,-6,0
12758,2011-08,1,1221.4,1026,-1,0
12759,2011-03,1,444.8,277,-6,0
12759,2011-06,1,637.72,353,-3,0
12759,2011-10,1,448.92,272,1,0
12762,2011-11,1,461.59,195,2,0
12762,2011-12,1,1436.93,1032,3,0
12763,2010-12,1,320.08,196,-9,0
12763,2011-07,1,174.0,120,-2,0
12764,2011-01,1,1693.88,386,-8,0
12766,2010-12,1,1149.29,424,-9,0
12766,2011-01,1,686.48,411,-8,0
12766,2011-02,1,973.6500000000001,454,-7,0
12766,2011-04,1,1206.29,581,-5,0
12766,2011-07,1,936.48,625,-2,0
12766,2011-10,1,1319.01,884,1,0
12766,2011-12,1,718.4300000000001,267,3,0
12769,2011-04,1,1143.6,356,-5,0
12770,2011-05,1,1351.45,743,-4,0
12772,2011-10,1,892.47,556,1,0
12775,2011-02,1,214.45,113,-7,0
12775,2011-03,1,235.71,170,-6,0
12775,2011-05,1,294.72,128,-4,0
12775,2011-06,1,419.8,329,-3,0
12775,2011-11,1,221.36,137,2,0
12778,2011-01,1,134.48,117,-8,0
12778,2011-03,2,273.58,256,-6,C
12778,2011-06,1,84.0,85,-3,0
12778,2011-10,1,171.93,212,1,0
12778,2011-11,1,158.24,155,2,0
12779,2010-12,1,248.16,140,-9,0
12779,2011-01,1,613.22,288,-8,0
12779,2011-02,1,337.2,98,-7,0
12779,2011-03,1,317.78,162,-6,0
12779,2011-04,1,705.8399999999999,432,-5,0
12779,2011-05,1,752.2099999999999,261,-4,0
12779,2011-06,1,25.0,4,-3,0
12779,2011-11,1,981.95,639,2,0
12781,2011-02,1,549.26,346,-7,0
12781,2011-10,1,277.48,325,1,0
12782,2010-12,1,463.5,193,-9,0
12782,2011-01,1,683.9300000000001,237,-8,0
12782,2011-03,1,415.52000000000004,174,-6,0
12782,2011-07,1,515.72,354,-2,0
12782,2011-12,1,252.25,128,3,0
12783,2011-09,1,339.02,176,0,0
12783,2011-10,3,1264.05,217,1,C
12783,2011-11,1,222.26000000000002,89,2,0
12783,2011-12,1,400.58,142,3,0
12784,2011-11,2,532.8199999999999,280,2,C
12785,2010-12,1,311.95,131,-9,0
12787,2011-05,1,158.1,65,-4,0
12787,2011-09,1,186.56,145,0,0
12787,2011-11,1,119.0,51,2,0
12789,2011-10,1,91.85,4,1,0
12790,2011-05,1,324.92,166,-4,0
12791,2010-12,1,192.60000000000002,97,-9,0
12792,2011-03,1,400.53999999999996,217,-6,0
12793,2010-12,1,131.8,65,-9,0
12793,2011-01,1,413.68,230,-8,0
12794,2011-09,1,317.0,227,0,0
12794,2011-10,1,543.41,365,1,0
12795,2011-11,1,430.48,68,2,0
12797,2010-12,1,254.03,118,-9,0
12798,2011-06,1,1607.04,2256,-3,0
12798,2011-10,1,1718.4,960,1,0
12798,2011-11,1,3651.6,2040,2,0
12802,2011-06,1,427.58,314,-3,0
12808,2010-12,1,129.4,53,-9,0
12808,2011-06,1,151.95000000000002,55,-3,0
12808,2011-11,1,202.3,80,2,0
12809,2011-06,1,489.31,220,-3,0
12811,2011-02,1,240.25,104,-7,0
12811,2011-03,2,274.6,126,-6,C
12812,2011-10,1,229.64000000000001,164,1,0
12814,2011-08,1,125.92,49,-1,0
12815,2011-05,1,615.36,239,-4,0
12815,2011-07,1,448.1,140,-2,0
12816,2011-06,1,318.65000000000003,77,-3,0
12816,2011-09,1,253.55,51,0,0
12817,2011-03,1,166.04,53,-6,0
12818,2011-03,1,1542.08,929,-6,0
12820,2011-01,1,170.46,146,-8,0
12820,2011-09,1,217.77,217,0,0
12820,2011-10,1,343.76,244,1,0
12820,2011-12,1,210.35000000000002,115,3,0
12821,2011-05,1,92.72,70,-4,0
12822,2011-09,2,948.88,550,0,C
12823,2011-02,2,535.5,70,-7,C
12823,2011-03,1,459.0,60,-6,0
12823,2011-08,1,229.5,30,-1,0
12823,2011-09,1,535.5,70,0,0
12824,2011-10,1,397.12,232,1,0
12826,2010-12,1,155.0,80,-9,0
12826,2011-01,2,542.1,533,-8,C
12826,2011-06,1,121.52,108,-3,0
12826,2011-09,1,234.0,133,0,0
12826,2011-11,1,279.5,141,2,0
12826,2011-12,1,142.6,63,3,0
12827,2011-10,1,217.75,117,1,0
12827,2011-11,1,100.95,33,2,0
12827,2011-12,1,111.45,47,3,0
12828,2011-08,2,338.2,132,-1,C
12828,2011-09,1,77.31,25,0,0
12828,2011-10,1,245.8,152,1,0
12828,2011-12,2,357.40000000000003,185,3,C
12829,2010-12,1,85.75,125,-9,0
12829,2011-01,1,207.25,251,-8,0
12830,2011-06,1,2221.84,2668,-3,0
12830,2011-07,3,2982.16,3676,-2,C
12830,2011-09,1,1210.3200000000002,2352,0,0
12830,2011-11,1,400.32000000000005,1152,2,0
12831,2011-03,1,215.05,135,-6,0
12832,2011-09,1,267.8,132,0,0
12832,2011-11,1,115.23,63,2,0
12833,2011-07,1,417.38,156,-2,0
12834,2011-03,1,312.38,110,-6,0
12836,2011-02,1,846.69,260,-7,0
12836,2011-05,1,814.71,443,-4,0
12836,2011-07,1,451.13,155,-2,0
12836,2011-10,1,497.83000000000004,204,1,0
12837,2011-06,1,134.1,24,-3,0
12838,2010-12,1,390.79,228,-9,0
12838,2011-11,1,281.16,127,2,0
12839,2010-12,2,737.45,438,-9,C
12839,2011-02,1,351.56,212,-7,0
12839,2011-05,1,306.88,286,-4,0
12839,2011-06,1,304.48,178,-3,0
12839,2011-07,2,653.0,453,-2,C
12839,2011-08,1,330.44,218,-1,0
12839,2011-09,2,692.24,491,0,C
12839,2011-10,1,387.8,242,1,0
12839,2011-11,2,1075.18,802,2,C
12839,2011-12,1,752.39,487,3,0
12840,2011-04,1,854.0699999999999,493,-5,0
12840,2011-05,1,723.9,370,-4,0
12840,2011-06,1,572.8,296,-3,0
12840,2011-07,1,576.0,352,-2,0
12841,2010-12,2,505.99,321,-9,C
12841,2011-01,3,497.89,265,-8,C
12841,2011-02,3,389.19,276,-7,C
12841,2011-03,2,269.90000000000003,191,-6,C
12841,2011-04,1,160.67,120,-5,0
12841,2011-05,1,116.09,47,-4,0
12841,2011-06,1,199.73,86,-3,0
12841,2011-07,2,416.68,298,-2,C
12841,2011-08,2,273.77,201,-1,C
12841,2011-09,1,215.87,170,0,0
12841,2011-10,3,505.35,419,1,C
12841,2011-11,2,289.44,175,2,C
12841,2011-12,2,151.01,151,3,C
12842,2011-02,1,310.73,157,-7,0
12842,2011-09,1,808.26,390,0,0
12843,2011-03,1,93.4,52,-6,0
12843,2011-05,2,533.66,251,-4,C
12843,2011-06,3,770.95,385,-3,C
12843,2011-07,1,294.3,92,-2,0
12843,2011-10,1,9.95,1,1,0
12844,2011-08,1,174.88,77,-1,0
12844,2011-11,1,151.08,48,2,0
12845,2011-02,1,65.09,21,-7,0
12845,2011-03,3,289.0,183,-6,C
12847,2011-11,1,843.64,873,2,0
12849,2011-03,1,668.8499999999999,489,-6,0
12849,2011-11,1,341.44,108,2,0
12851,2011-09,1,131.81,106,0,0
12852,2011-02,1,311.55,149,-7,0
12853,2011-01,1,427.40000000000003,138,-8,0
12853,2011-04,2,457.6,188,-5,C
12853,2011-07,3,1072.1,474,-2,C
12854,2011-01,1,389.90000000000003,162,-8,0
12854,2011-04,1,420.46999999999997,260,-5,0
12854,2011-09,1,505.88,204,0,0
12855,2010-12,1,38.1,30,-9,0
12856,2011-10,3,1347.12,673,1,C
12856,2011-11,2,610.5600000000001,277,2,C
12856,2011-12,1,213.1,126,3,0
12857,2011-02,1,801.6,274,-7,0
12857,2011-05,1,304.8,69,-4,0
12863,2011-10,1,521.2,188,1,0
12864,2011-07,1,147.12,216,-2,0
12865,2011-08,1,981.38,550,-1,0
12865,2011-11,1,586.85,375,2,0
12866,2011-03,1,559.12,171,-6,0
12867,2010-12,1,362.79,377,-9,0
12867,2011-02,1,424.15999999999997,475,-7,0
12867,2011-03,1,491.19,556,-6,0
12867,2011-05,1,451.25,594,-4,0
12867,2011-06,1,613.91,592,-3,0
12867,2011-09,1,672.66,772,0,0
12867,2011-11,1,993.38,918,2,0
12868,2010-12,1,203.3,112,-9,0
12868,2011-01,2,469.91,287,-8,C
12868,2011-03,1,248.27,147,-6,0
12868,2011-05,1,437.52000000000004,276,-4,0
12868,2011-06,1,248.06,106,-3,0
12871,2011-05,1,132.0,80,-4,0
12871,2011-09,1,248.64,120,0,0
12872,2010-12,1,378.53000000000003,203,-9,0
12872,2011-01,1,221.44,116,-8,0
12873,2011-03,1,374.0,128,-6,0
12875,2010-12,1,293.76000000000005,1728,-9,0
12875,2011-07,1,49.470000000000006,291,-2,0
12876,2011-05,1,726.43,651,-4,0
12876,2011-10,1,1491.59,1290,1,0
12877,2010-12,1,150.06,170,-9,0
12877,2011-01,1,100.2,36,-8,0
12877,2011-02,1,79.2,16,-7,0
12877,2011-03,1,83.16000000000001,60,-6,0
12877,2011-04,1,87.10000000000001,34,-5,0
12877,2011-05,2,182.32,72,-4,C
12877,2011-06,1,276.79,177,-3,0
12877,2011-08,1,100.4,140,-1,0
12877,2011-09,1,101.14,117,0,0
12877,2011-11,1,275.74,218,2,0
12877,2011-12,1,99.66,138,3,0
12878,2011-03,1,315.18,212,-6,0
12878,2011-04,1,539.81,335,-5,0
12879,2011-09,2,507.7,202,0,C
12879,2011-10,1,65.52000000000001,168,1,0
12881,2011-03,1,298.0,21,-6,0
12882,2011-11,2,1463.04,246,2,C
12883,2011-09,1,291.63,68,0,0
12883,2011-11,3,411.84000000000003,128,2,C
12884,2011-09,1,309.05,43,0,0
12885,2011-08,1,645.35,346,-1,0
12885,2011-10,2,529.87,309,1,C
12886,2011-05,1,775.0,416,-4,0
12886,2011-10,1,603.4,354,1,0
12888,2011-03,1,272.76,52,-6,0
12888,2011-05,1,81.36,24,-4,0
12890,2011-11,1,376.71999999999997,256,2,0
12891,2011-02,1,42.0,100,-7,0
12891,2011-05,1,204.00000000000003,600,-4,0
12891,2011-06,1,85.0,250,-3,0
12893,2011-11,1,176.55,90,2,0
12895,2011-09,1,267.8,142,0,0
12895,2011-10,1,105.0,68,1,0
12897,2011-02,1,128.8,64,-7,0
12897,2011-05,1,87.7,46,-4,0
12901,2011-03,3,3190.92,2032,-6,C
12901,2011-04,4,1447.56,1898,-5,C
12901,2011-05,4,3147.08,4171,-4,C
12901,2011-06,5,1772.88,1484,-3,C
12901,2011-07,2,1301.03,1547,-2,C
12901,2011-08,1,780.0,1288,-1,0
12901,2011-09,1,1519.8,1788,0,0
12901,2011-10,3,1758.96,5656,1,C
12901,2011-11,4,1956.31,2011,2,C
12901,2011-12,1,780.0,1200,3,0
12902,2011-03,1,138.68,66,-6,0
12904,2011-06,1,244.69,165,-3,0
12904,2011-11,1,251.37,129,2,0
12906,2011-09,2,1936.5900000000001,1163,0,C
12906,2011-11,3,983.22,586,2,C
12908,2011-01,1,318.0,600,-8,0
12908,2011-06,1,432.0,600,-3,0
12909,2011-03,2,903.45,598,-6,C
12909,2011-05,1,624.92,188,-4,0
12909,2011-09,1,328.98,250,0,0
12909,2011-10,1,321.32,244,1,0
12910,2011-04,1,720.22,502,-5,0
12910,2011-05,2,422.28000000000003,152,-4,C
12910,2011-07,1,344.4,176,-2,0
12910,2011-09,1,563.28,456,0,0
12910,2011-10,1,566.4,220,1,0
12910,2011-11,2,458.46000000000004,186,2,C
12912,2011-10,1,318.06,126,1,0
12912,2011-11,2,540.0,224,2,C
12912,2011-12,2,804.24,320,3,C
12913,2010-12,1,417.62,146,-9,0
12913,2011-02,1,313.8,112,-7,0
12913,2011-03,1,134.97,87,-6,0
12913,2011-11,1,1082.14,551,2,0
12913,2011-12,1,535.1,523,3,0
12915,2010-12,1,199.65,41,-9,0
12915,2011-07,1,164.0,52,-2,0
12916,2011-01,1,807.05,313,-8,0
12916,2011-03,1,649.78,280,-6,0
12916,2011-05,1,794.75,227,-4,0
12916,2011-07,1,693.37,263,-2,0
12917,2011-08,1,594.0,120,-1,0
12919,2011-06,1,206.2,108,-3,0
12919,2011-07,1,52.8,32,-2,0
12919,2011-08,1,182.65,63,-1,0
12919,2011-11,2,605.64,334,2,C
12919,2011-12,1,287.9,136,3,0
12920,2011-11,1,162.78,128,2,0
12921,2010-12,2,687.8000000000001,380,-9,C
12921,2011-01,1,481.7,344,-8,0
12921,2011-02,4,2003.88,1239,-7,C
12921,2011-03,2,1063.8700000000001,753,-6,C
12921,2011-05,4,1277.19,770,-4,C
12921,2011-06,2,556.88,357,-3,C
12921,2011-07,6,2192.78,1127,-2,C
12921,2011-08,1,660.45,471,-1,0
12921,2011-09,5,2471.43,1283,0,C
12921,2011-10,3,1328.07,787,1,C
12921,2011-11,7,3863.04,2015,2,C
12922,2011-07,1,405.38,370,-2,0
12923,2011-10,1,172.82,68,1,0
12924,2011-01,1,58.190000000000005,17,-8,0
12924,2011-03,1,229.8,76,-6,0
12924,2011-05,1,367.28000000000003,192,-4,0
12924,2011-09,1,278.43,196,0,0
12925,2011-09,1,368.31,258,0,0
12925,2011-12,1,325.74,283,3,0
12928,2010-12,1,392.34000000000003,250,-9,0
12928,2011-04,1,387.7,236,-5,0
12928,2011-07,1,356.1,204,-2,0
12928,2011-10,1,334.0,216,1,0
12928,2011-11,1,592.5600000000001,566,2,0
12929,2011-02,1,117.85,37,-7,0
12930,2011-06,1,221.56,108,-3,0
12930,2011-09,1,194.24,144,0,0
12931,2010-12,2,177.0,220,-9,C
12931,2011-02,1,1696.4,1280,-7,0
12931,2011-03,1,62.5,50,-6,0
12931,2011-04,1,1488.0,1176,-5,0
12931,2011-05,2,496.79999999999995,544,-4,C
12931,2011-08,4,28610.0,18114,-1,C
12931,2011-10,1,1909.36,1514,1,0
12931,2011-11,3,7615.9,5106,2,C
12933,2011-03,1,110.75,65,-6,0
12933,2011-06,1,246.73999999999998,313,-3,0
12933,2011-11,1,250.04,121,2,0
12935,2011-01,1,431.63,325,-8,0
12935,2011-05,1,434.6,303,-4,0
12935,2011-07,1,353.09,318,-2,0
12935,2011-08,1,316.02,322,-1,0
12935,2011-11,1,281.58,255,2,0
12935,2011-12,2,343.78,330,3,C
12936,2011-09,1,798.46,434,0,0
12936,2011-11,3,265.44,125,2,C
12937,2011-03,1,217.43,192,-6,0
12937,2011-05,1,210.8,76,-4,0
12937,2011-09,1,398.21,253,0,0
12937,2011-11,1,677.83,486,2,0
12938,2011-11,1,114.14,140,2,0
12939,2011-01,1,1933.2,552,-8,0
12939,2011-02,1,3376.08,1536,-7,0
12939,2011-03,1,1919.04,736,-6,0
12939,2011-07,1,761.76,384,-2,0
12939,2011-09,2,1046.04,492,0,C
12939,2011-10,2,2545.68,1176,1,C
12940,2011-09,1,361.27,95,0,0
12940,2011-10,1,538.42,309,1,0
12942,2010-12,1,258.75,69,-9,0
12942,2011-05,1,137.77,35,-4,0
12942,2011-07,1,279.08,94,-2,0
12944,2010-12,1,286.95,145,-9,0
12944,2011-11,1,317.56,144,2,0
12945,2011-02,1,462.95,165,-7,0
12947,2010-12,1,304.04,184,-9,0
12947,2011-01,1,301.66,235,-8,0
12947,2011-04,1,429.57,478,-5,0
12947,2011-06,2,344.42,184,-3,C
12947,2011-07,1,224.3,84,-2,0
12948,2011-03,2,528.96,268,-6,C
12948,2011-05,1,357.3,120,-4,0
12948,2011-08,1,537.7,411,-1,0
12948,2011-10,2,431.05,221,1,C
12948,2011-11,1,209.94,60,2,0
12949,2011-04,1,1534.3,909,-5,0
12949,2011-05,2,716.4,370,-4,C
12949,2011-08,4,1198.72,769,-1,C
12949,2011-11,1,717.8,333,2,0
12950,2011-11,1,311.6,164,2,0
12950,2011-12,2,1531.4,1216,3,C
12951,2011-01,2,306.09000000000003,173,-8,C
12951,2011-04,1,155.19000000000003,55,-5,0
12951,2011-05,1,163.60000000000002,45,-4,0
12951,2011-06,1,126.9,58,-3,0
12951,2011-12,1,312.29,172,3,0
12952,2011-09,1,731.54,408,0,0
12952,2011-10,2,358.52,126,1,C
12952,2011-12,1,297.73,119,3,0
12953,2011-11,1,329.85,84,2,0
12955,2011-03,1,473.82,404,-6,0
12955,2011-05,2,223.6,144,-4,C
12955,2011-06,1,293.96,204,-3,0
12955,2011-07,1,355.53999999999996,350,-2,0
12955,2011-09,1,496.44,424,0,0
12955,2011-10,1,269.76,280,1,0
12955,2011-11,2,1836.82,1340,2,C
12955,2011-12,2,807.22,518,3,C
12956,2011-02,1,108.07,34,-7,0
12957,2011-01,1,413.68,352,-8,0
12957,2011-03,1,330.51,251,-6,0
12957,2011-05,1,384.58,425,-4,0
12957,2011-06,1,586.52,220,-3,0
12957,2011-09,2,925.4300000000001,465,0,C
12957,2011-11,2,1376.82,836,2,C
12962,2011-08,1,170.54000000000002,78,-1,0
12962,2011-12,1,95.85000000000001,51,3,0
12963,2010-12,1,365.8,172,-9,0
12963,2011-09,1,253.91,138,0,0
12963,2011-10,1,105.22,84,1,0
12963,2011-11,4,867.0500000000001,390,2,C
12963,2011-12,1,264.65000000000003,97,3,0
12965,2011-09,1,769.8100000000001,282,0,0
12966,2011-11,1,160.18,75,2,0
12967,2010-12,2,1660.9,438,-9,C
12968,2011-08,1,135.95,73,-1,0
12970,2011-01,2,23.8,8,-8,C
12970,2011-12,2,381.67,260,3,C
12971,2010-12,5,436.19,333,-9,C
12971,2011-01,6,657.28,876,-8,C
12971,2011-02,6,582.1,274,-7,C
12971,2011-03,10,1158.44,1130,-6,C
12971,2011-04,6,1196.2,458,-5,C
12971,2011-05,6,608.01,305,-4,C
12971,2011-06,6,577.42,534,-3,C
12971,2011-07,11,1923.96,1174,-2,C
12971,2011-08,5,715.1600000000001,584,-1,C
12971,2011-09,6,799.04,1024,0,C
12971,2011-10,4,460.76,524,1,C
12971,2011-11,13,1913.45,2017,2,C
12971,2011-12,2,161.9,56,3,C
12974,2011-05,1,144.8,24,-4,0
12976,2011-05,1,738.6,561,-4,0
12977,2011-07,1,39.239999999999995,12,-2,0
12980,2010-12,1,889.32,100,-9,0
12980,2011-01,1,721.9200000000001,64,-8,0
12980,2011-02,2,1223.7,110,-7,C
12980,2011-03,1,838.8000000000001,24,-6,0
12980,2011-05,1,892.62,114,-4,0
12980,2011-06,2,1969.74,450,-3,C
12980,2011-07,1,838.8000000000001,24,-2,0
12981,2011-07,1,187.18,134,-2,0
12981,2011-11,1,185.04,108,2,0
12982,2011-04,1,390.54,288,-5,0
12984,2011-11,1,97.5,26,2,0
12985,2011-11,1,754.38,841,2,0
12985,2011-12,1,485.0,692,3,0
12987,2011-05,1,304.3,108,-4,0
12987,2011-09,1,254.4,111,0,0
12988,2011-02,1,505.82,126,-7,0
12989,2010-12,1,202.5,30,-9,0
12989,2011-01,1,810.0,648,-8,0
12989,2011-02,1,901.6,136,-7,0
12989,2011-03,1,437.40000000000003,164,-6,0
12989,2011-04,1,277.56,68,-5,0
12989,2011-05,2,698.88,424,-4,C
12989,2011-07,1,1141.2,576,-2,0
12989,2011-09,1,637.9200000000001,348,0,0
12989,2011-10,3,1332.96,398,1,C
12989,2011-11,1,354.96000000000004,78,2,0
12989,2011-12,2,129.13,73,3,C
12990,2011-02,1,97.5,50,-7,0
12990,2011-06,1,166.4,80,-3,0
12990,2011-11,1,145.6,70,2,0
12991,2011-08,1,303.56,361,-1,0
12991,2011-11,1,200.2,44,2,0
12993,2011-02,1,102.89999999999999,64,-7,0
12993,2011-05,1,72.4,28,-4,0
12993,2011-08,1,197.1,112,-1,0
12993,2011-11,1,42.36000000000001,36,2,0
12994,2011-03,1,352.6,166,-6,0
12994,2011-08,1,292.87,137,-1,0
12994,2011-12,1,328.95,156,3,0
12995,2011-09,1,211.32,108,0,0
12997,2011-01,1,305.55,115,-8,0
12997,2011-04,1,302.92,185,-5,0
12997,2011-09,1,307.92,170,0,0
12997,2011-11,1,310.5,194,2,0
12999,2011-04,1,320.28000000000003,310,-5,0
12999,2011-05,2,135.6,32,-4,C
13000,2010-12,1,201.75,77,-9,0
13000,2011-03,1,256.78,230,-6,0
13000,2011-08,1,76.32000000000001,72,-1,0
13001,2011-01,2,1369.8400000000001,908,-8,C
13001,2011-02,2,2098.9500000000003,1150,-7,C
13001,2011-03,3,1941.68,1084,-6,C
13001,2011-04,1,636.45,317,-5,0
13001,2011-05,1,1264.0800000000002,696,-4,0
13001,2011-06,1,501.5,314,-3,0
13001,2011-07,1,770.07,395,-2,0
13001,2011-11,1,612.39,321,2,0
13001,2011-12,1,591.01,305,3,0
13002,2011-01,1,120.94999999999999,73,-8,0
13003,2011-05,1,59.050000000000004,31,-4,0
13003,2011-07,1,30.0,24,-2,0
13003,2011-08,1,60.0,48,-1,0
13004,2010-12,1,357.01,255,-9,0
13004,2011-01,2,645.38,556,-8,C
13004,2011-02,2,589.65,503,-7,C
13004,2011-04,1,451.78,448,-5,0
13004,2011-05,1,404.2,424,-4,0
13004,2011-06,3,700.56,612,-3,C
13004,2011-07,1,308.44,246,-2,0
13004,2011-08,1,328.07,231,-1,0
13004,2011-09,1,340.21,426,0,0
13004,2011-10,2,483.7,338,1,C
13004,2011-11,3,1046.91,783,2,C
13005,2011-04,1,321.65,135,-5,0
13005,2011-06,1,192.05,37,-3,0
13006,2011-10,1,81.57,55,1,0
13008,2011-01,1,229.46999999999997,175,-8,0
13011,2010-12,1,50.550000000000004,13,-9,0
13012,2011-02,1,377.27000000000004,165,-7,0
13012,2011-05,2,330.12,148,-4,C
13012,2011-07,1,304.92,198,-2,0
13012,2011-09,1,178.53,91,0,0
13012,2011-11,3,456.0,218,2,C
13013,2010-12,2,1528.34,802,-9,C
13013,2011-04,1,649.32,355,-5,0
13013,2011-05,1,194.63,77,-4,0
13013,2011-07,2,560.84,262,-2,C
13013,2011-08,2,449.66,176,-1,C
13013,2011-09,1,303.3,86,0,0
13013,2011-10,1,216.81,74,1,0
13013,2011-11,2,612.94,282,2,C
13013,2011-12,1,295.1,110,3,0
13014,2011-03,2,833.18,254,-6,C
13014,2011-05,1,494.84999999999997,135,-4,0
13014,2011-06,1,460.75,133,-3,0
13014,2011-08,1,233.7,94,-1,0
13014,2011-09,1,399.15,100,0,0
13014,2011-11,4,1044.65,189,2,C
13015,2011-04,3,979.37,467,-5,C
13015,2011-05,1,783.67,238,-4,0
13015,2011-10,1,1576.6,904,1,0
13016,2011-08,1,425.25,315,-1,0
13016,2011-09,2,364.64,212,0,C
13017,2011-12,1,204.0,48,3,0
13018,2011-02,2,642.45,273,-7,C
13018,2011-03,1,332.6,358,-6,0
13018,2011-04,4,1623.92,1214,-5,C
13018,2011-05,4,1074.99,817,-4,C
13018,2011-06,1,178.94,106,-3,0
13018,2011-07,4,683.99,534,-2,C
13018,2011-08,1,251.96,274,-1,0
13018,2011-09,4,889.32,684,0,C
13018,2011-10,1,412.17,525,1,0
13018,2011-11,6,1187.36,650,2,C
13021,2010-12,1,157.35000000000002,57,-9,0
13021,2011-03,1,259.35,99,-6,0
13021,2011-05,1,348.3,198,-4,0
13021,2011-06,1,387.47,173,-3,0
13021,2011-09,2,466.81,169,0,C
13021,2011-11,2,691.67,522,2,C
13021,2011-12,1,305.43,134,3,0
13023,2011-08,1,336.40000000000003,159,-1,0
13023,2011-10,1,353.5,127,1,0
13026,2011-03,1,84.36,156,-6,0
13026,2011-05,1,159.35999999999999,192,-4,0
13026,2011-09,1,360.48,552,0,0
13026,2011-11,1,170.64,228,2,0
13026,2011-12,1,200.52,492,3,0
13027,2010-12,1,1440.0,3600,-9,0
13027,2011-03,1,384.0,960,-6,0
13027,2011-04,1,2016.0,5040,-5,0
13027,2011-07,2,1536.0,3840,-2,C
13027,2011-08,1,1536.0,3840,-1,0
13028,2011-10,1,355.94,380,1,0
13028,2011-11,1,305.38,418,2,0
13029,2010-12,1,382.5,30,-9,0
13029,2011-07,1,390.7,62,-2,0
13029,2011-11,1,474.29999999999995,42,2,0
13030,2010-12,1,402.36,174,-9,0
13030,2011-11,1,350.08,174,2,0
13032,2011-09,1,496.3,175,0,0
13032,2011-10,1,513.88,200,1,0
13033,2010-12,1,190.55,83,-9,0
13034,2010-12,1,165.86,116,-9,0
13034,2011-10,1,476.90999999999997,253,1,0
13035,2011-03,1,333.0,212,-6,0
13035,2011-09,1,588.88,432,0,0
13037,2011-03,1,250.42000000000002,158,-6,0
13037,2011-05,1,326.9,136,-4,0
13037,2011-07,1,303.75,137,-2,0
13038,2011-02,1,395.1,186,-7,0
13038,2011-06,1,196.66,94,-3,0
13038,2011-09,1,316.70000000000005,80,0,0
13040,2011-11,1,303.25,167,2,0
13040,2011-12,1,373.74,188,3,0
13043,2011-03,1,516.42,254,-6,0
13044,2011-02,1,560.47,429,-7,0
13045,2011-09,1,305.28000000000003,221,0,0
13046,2011-03,1,197.72,76,-6,0
13046,2011-11,1,431.59,188,2,0
13047,2010-12,3,366.63,101,-9,C
13047,2011-02,1,458.9,211,-7,0
13047,2011-03,1,427.15000000000003,193,-6,0
13047,2011-05,1,419.0,176,-4,0
13047,2011-06,1,562.4,174,-3,0
13047,2011-08,1,447.93,309,-1,0
13047,2011-10,1,550.58,226,1,0
13047,2011-11,1,4.95,1,2,0
13048,2011-01,1,477.61,347,-8,0
13048,2011-04,1,445.81,306,-5,0
13048,2011-08,1,435.13,294,-1,0
13048,2011-11,1,460.86,281,2,0
13049,2011-01,1,153.78,78,-8,0
13049,2011-10,1,502.90000000000003,190,1,0
13050,2010-12,4,1199.8700000000001,749,-9,C
13050,2011-01,1,323.09000000000003,191,-8,0
13050,2011-02,2,606.5699999999999,320,-7,C
13050,2011-03,1,401.35,273,-6,0
13050,2011-05,1,343.08,164,-4,0
13050,2011-06,1,585.17,346,-3,0
13050,2011-07,1,339.38,256,-2,0
13050,2011-08,2,711.23,408,-1,C
13050,2011-10,2,614.77,614,1,C
13050,2011-11,2,712.35,427,2,C
13052,2011-05,1,348.15000000000003,222,-4,0
13055,2011-05,1,344.86,252,-4,0
13055,2011-09,2,869.55,642,0,C
13058,2011-07,1,47.550000000000004,9,-2,0
13058,2011-10,1,90.15,17,1,0
13058,2011-11,1,133.7,26,2,0
13059,2011-04,1,183.4,35,-5,0
13060,2011-03,1,307.53,123,-6,0
13061,2011-09,1,248.61,107,0,0
13062,2011-06,1,346.98,343,-3,0
13064,2011-01,1,203.3,60,-8,0
13064,2011-07,1,455.95,224,-2,0
13064,2011-09,1,183.08,82,0,0
13064,2011-11,1,263.26,148,2,0
13065,2010-12,1,205.86,74,-9,0
13066,2011-11,2,470.8,322,2,C
13067,2011-09,1,115.46000000000001,32,0,0
13068,2011-01,1,165.0,100,-8,0
13068,2011-11,1,179.0,100,2,0
13069,2010-12,4,644.12,747,-9,C
13069,2011-01,1,340.94,250,-8,0
13069,2011-02,1,255.03,186,-7,0
13069,2011-03,1,269.3,386,-6,0
13069,2011-04,3,625.85,422,-5,C
13069,2011-05,3,391.62,353,-4,C
13069,2011-06,3,378.39,541,-3,C
13069,2011-07,1,302.04,432,-2,0
13069,2011-08,2,185.97,150,-1,C
13069,2011-09,1,476.76000000000005,1686,0,0
13069,2011-10,2,125.09,251,1,C
13069,2011-11,1,156.09,117,2,0
13069,2011-12,1,280.24,352,3,0
13070,2011-05,1,228.8,110,-4,0
13072,2011-03,1,177.15,69,-6,0
13075,2011-08,1,919.61,485,-1,0
13077,2010-12,1,313.72,303,-9,0
13077,2011-02,2,262.47,303,-7,C
13077,2011-12,1,151.83,256,3,0
13078,2010-12,2,881.16,286,-9,C
13078,2011-01,2,764.58,186,-8,C
13078,2011-02,1,348.57000000000005,129,-7,0
13078,2011-03,2,1229.52,327,-6,C
13078,2011-04,2,756.63,347,-5,C
13078,2011-05,1,486.7,165,-4,0
13078,2011-06,2,776.4200000000001,322,-3,C
13078,2011-07,1,572.9300000000001,202,-2,0
13078,2011-08,2,1100.64,536,-1,C
13078,2011-09,2,1495.5,618,0,C
13078,2011-10,4,1412.28,851,1,C
13078,2011-11,4,1963.93,1109,2,C
13078,2011-12,1,839.08,552,3,0
13079,2011-07,1,23.8,4,-2,0
13079,2011-09,2,148.60000000000002,28,0,C
13079,2011-11,1,17.700000000000003,6,2,0
13079,2011-12,1,30.0,24,3,0
13080,2011-06,1,58.08,120,-3,0
13081,2010-12,2,2366.78,1346,-9,C
13081,2011-01,1,3527.64,2602,-8,0
13081,2011-02,2,1573.19,782,-7,C
13081,2011-03,1,2340.05,1593,-6,0
13081,2011-05,1,4655.85,3253,-4,0
13081,2011-07,1,4406.61,3089,-2,0
13081,2011-11,3,9467.26,6403,2,C
13082,2011-01,1,379.44,1032,-8,0
13082,2011-03,2,706.5,804,-6,C
13082,2011-04,2,874.24,1001,-5,C
13082,2011-06,2,285.35,121,-3,C
13082,2011-07,1,1278.1,1342,-2,0
13082,2011-08,1,90.0,24,-1,0
13083,2011-09,1,192.39,143,0,0
13083,2011-12,1,111.36,44,3,0
13085,2011-02,1,278.1,172,-7,0
13085,2011-07,1,137.98000000000002,44,-2,0
13089,2010-12,8,5953.21,2531,-9,C
13089,2011-01,10,5543.9800000000005,3657,-8,C
13089,2011-02,6,4060.43,2541,-7,C
13089,2011-03,6,4409.06,2290,-6,C
13089,2011-04,9,3442.71,1461,-5,C
13089,2011-05,12,4466.8,2198,-4,C
13089,2011-06,6,3747.98,2058,-3,C
13089,2011-07,6,3692.18,2485,-2,C
13089,2011-08,6,3630.55,2347,-1,C
13089,2011-09,9,7350.570000000001,3855,0,C
13089,2011-10,8,3320.9,1571,1,C
13089,2011-11,7,4462.09,1743,2,C
13089,2011-12,4,4681.62,2288,3,C
13090,2010-12,3,1008.4,197,-9,C
13090,2011-01,1,302.76,44,-8,0
13090,2011-02,1,485.03999999999996,192,-7,0
13090,2011-03,1,555.3,126,-6,0
13090,2011-04,1,760.1,166,-5,0
13090,2011-06,1,832.02,192,-3,0
13090,2011-07,1,968.4,216,-2,0
13090,2011-10,2,1233.97,369,1,C
13090,2011-11,2,2409.45,683,2,C
13090,2011-12,1,355.38,78,3,0
13091,2011-11,1,345.82,466,2,0
13092,2010-12,1,185.45,31,-9,0
13092,2011-03,1,110.2,22,-6,0
13092,2011-04,1,103.3,26,-5,0
13092,2011-05,1,40.8,16,-4,0
13092,2011-09,1,38.08,184,0,0
13093,2010-12,3,3795.5099999999998,1559,-9,C
13093,2011-01,2,2272.96,1600,-8,C
13093,2011-02,2,1459.5,678,-7,C
13093,2011-03,1,304.5,124,-6,0
13094,2010-12,1,223.68,192,-9,0
13094,2011-01,2,152.64000000000001,144,-8,C
13094,2011-02,1,76.32000000000001,72,-7,0
13094,2011-03,1,76.32000000000001,72,-6,0
13094,2011-05,2,411.48,324,-4,C
13094,2011-06,1,152.64000000000001,144,-3,0
13094,2011-07,1,223.68,192,-2,0
13094,2011-08,1,228.96000000000004,216,-1,0
13094,2011-09,1,228.96000000000004,216,0,0
13094,2011-11,1,152.64000000000001,144,2,0
13095,2011-09,1,74.39999999999999,144,0,0
13097,2010-12,1,304.90000000000003,90,-9,0
13097,2011-01,1,771.29,344,-8,0
13097,2011-02,1,587.01,287,-7,0
13097,2011-03,1,878.02,323,-6,0
13097,2011-04,1,460.94,218,-5,0
13097,2011-06,2,997.6,409,-3,C
13097,2011-08,1,636.75,190,-1,0
13097,2011-09,1,835.57,315,0,0
13097,2011-11,1,531.14,184,2,0
13098,2011-01,1,648.8,211,-8,0
13098,2011-02,1,244.79999999999998,96,-7,0
13098,2011-03,1,349.2,88,-6,0
13098,2011-04,2,2079.72,1288,-5,C
13098,2011-05,3,3881.09,2202,-4,C
13098,2011-06,3,2370.61,1560,-3,C
13098,2011-07,4,2233.66,1060,-2,C
13098,2011-08,2,2660.2,1746,-1,C
13098,2011-09,2,2881.68,1427,0,C
13098,2011-10,3,5412.14,2981,1,C
13098,2011-11,3,3754.78,1974,2,C
13098,2011-12,3,2365.76,1335,3,C
13099,2011-09,1,207.35999999999999,288,0,0
13101,2011-04,1,101.19,113,-5,0
13102,2010-12,2,673.92,362,-9,C
13102,2011-01,3,757.06,630,-8,C
13102,2011-02,2,450.82,270,-7,C
13102,2011-03,3,676.0799999999999,389,-6,C
13102,2011-04,2,574.56,390,-5,C
13102,2011-05,3,636.72,458,-4,C
13102,2011-06,1,236.44,184,-3,0
13102,2011-07,3,956.1,678,-2,C
13102,2011-09,1,331.14,159,0,0
13102,2011-10,1,366.12,252,1,0
13102,2011-11,1,263.0,161,2,0
13102,2011-12,2,502.13,271,3,C
13103,2011-10,1,243.94,82,1,0
13104,2010-12,1,101.76,96,-9,0
13104,2011-03,1,111.96,36,-6,0
13104,2011-07,1,162.72,48,-2,0
13104,2011-09,1,202.56,144,0,0
13104,2011-10,1,180.0,72,1,0
13104,2011-12,1,339.48,108,3,0
13106,2011-07,1,76.5,18,-2,0
13107,2011-01,1,566.84,468,-8,0
13107,2011-06,1,368.38,348,-3,0
13107,2011-09,1,472.2,377,0,0
13107,2011-10,1,124.2,100,1,0
13108,2010-12,1,350.06,298,-9,0
13109,2011-07,1,369.85,260,-2,0
13109,2011-10,1,416.69,260,1,0
13110,2011-02,1,271.55,70,-7,0
13110,2011-03,2,460.94,135,-6,C
13110,2011-07,2,309.75,69,-2,C
13110,2011-10,1,204.7,51,1,0
13110,2011-11,1,241.73000000000002,63,2,0
13113,2010-12,1,372.96999999999997,105,-9,0
13113,2011-01,2,1048.8899999999999,295,-8,C
13113,2011-02,2,1180.97,313,-7,C
13113,2011-03,3,1178.08,322,-6,C
13113,2011-04,4,1228.8000000000002,264,-5,C
13113,2011-05,4,3846.4500000000003,766,-4,C
13113,2011-06,2,787.86,212,-3,C
13113,2011-08,2,1143.04,339,-1,C
13113,2011-10,2,782.74,259,1,C
13113,2011-11,1,336.96,104,2,0
13113,2011-12,1,339.2,66,3,0
13115,2011-06,1,878.55,621,-3,0
13115,2011-10,2,916.67,616,1,C
13115,2011-11,1,499.56,330,2,0
13116,2011-07,1,501.14,291,-2,0
13117,2010-12,2,388.15,215,-9,C
13117,2011-01,1,111.78,102,-8,0
13117,2011-03,1,90.6,72,-6,0
13117,2011-04,1,65.28,100,-5,0
13117,2011-05,1,95.56,122,-4,0
13117,2011-08,1,90.4,92,-1,0
13117,2011-11,1,143.14,242,2,0
13118,2011-02,1,190.93,97,-7,0
13118,2011-03,1,423.55,127,-6,0
13118,2011-05,1,185.22,50,-4,0
13118,2011-11,2,398.11,136,2,C
13120,2011-04,1,30.599999999999998,12,-5,0
13121,2011-03,1,283.73,252,-6,0
13122,2011-04,1,903.67,537,-5,0
13122,2011-09,1,18.72,48,0,0
13124,2010-12,1,1256.32,930,-9,0
13124,2011-04,1,1260.15,671,-5,0
13124,2011-09,1,1239.86,518,0,0
13126,2010-12,2,223.44,120,-9,C
13126,2011-01,1,323.87,265,-8,0
13126,2011-03,2,530.11,677,-6,C
13126,2011-09,1,308.56,486,0,0
13126,2011-10,1,344.22,147,1,0
13126,2011-12,1,369.44,448,3,0
13127,2011-09,1,259.17,127,0,0
13130,2011-09,1,64.0,32,0,0
13131,2011-06,1,324.9,128,-3,0
13131,2011-09,1,447.3,153,0,0
13131,2011-11,1,301.1,166,2,0
13132,2011-03,1,77.3,20,-6,0
13133,2011-02,1,52.35,11,-7,0
13133,2011-03,1,57.45,21,-6,0
13134,2011-04,2,525.7,168,-5,C
13134,2011-06,1,360.04,162,-3,0
13134,2011-09,1,907.84,729,0,0
13135,2011-05,1,3096.0,4300,-4,0
13136,2011-05,1,574.46,276,-4,0
13136,2011-07,2,652.22,401,-2,C
13136,2011-09,1,921.4,360,0,0
13136,2011-10,1,459.53,291,1,0
13137,2011-02,1,206.63,136,-7,0
13137,2011-04,1,640.8100000000001,390,-5,0
13137,2011-07,1,290.46,156,-2,0
13137,2011-08,1,290.86,193,-1,0
13137,2011-09,1,459.56,294,0,0
13137,2011-10,1,571.97,366,1,0
13137,2011-11,2,1143.0,669,2,C
13138,2010-12,1,193.23,125,-9,0
13138,2011-04,1,193.62,72,-5,0
13138,2011-07,1,102.6,46,-2,0
13138,2011-09,1,198.44,106,0,0
13138,2011-10,1,143.8,58,1,0
13138,2011-11,1,130.7,66,2,0
13139,2011-03,1,409.5,210,-6,0
13139,2011-05,1,760.52,248,-4,0
13139,2011-08,1,540.9200000000001,268,-1,0
13139,2011-09,1,1873.62,1073,0,0
13139,2011-11,3,1480.38,626,2,C
13140,2010-12,1,158.26,74,-9,0
13140,2011-08,2,264.21,111,-1,C
13141,2011-01,2,524.57,301,-8,C
13141,2011-04,1,516.28,294,-5,0
13141,2011-05,1,360.18,347,-4,0
13141,2011-09,1,987.72,606,0,0
13142,2011-11,1,307.09,258,2,0
13144,2011-01,1,110.95,21,-8,0
13145,2010-12,1,295.0,1,-9,0
13145,2011-08,1,118.80000000000001,24,-1,0
13145,2011-09,1,85.92,96,0,0
13145,2011-10,1,118.80000000000001,24,1,0
13146,2011-11,1,228.91,154,2,0
13147,2011-09,1,118.80000000000001,24,0,0
13147,2011-10,1,118.80000000000001,24,1,0
13147,2011-11,2,475.20000000000005,96,2,C
13148,2010-12,1,309.40000000000003,178,-9,0
13148,2011-01,3,759.3100000000001,379,-8,C
13148,2011-03,1,369.09000000000003,173,-6,0
13148,2011-04,1,341.58,101,-5,0
13148,2011-07,4,986.63,539,-2,C
13148,2011-11,2,917.25,595,2,C
13149,2011-02,1,376.74,276,-7,0
13149,2011-07,1,506.16,282,-2,0
13149,2011-08,1,249.72,326,-1,0
13149,2011-11,1,543.4399999999999,396,2,0
13151,2011-02,1,1257.8700000000001,363,-7,0
13153,2011-12,1,486.22,418,3,0
13155,2010-12,1,379.7,168,-9,0
13155,2011-01,1,189.5,94,-8,0
13155,2011-09,1,313.3,183,0,0
13155,2011-11,1,89.25999999999999,52,2,0
13157,2011-02,1,197.82,190,-7,0
13157,2011-04,1,300.12,284,-5,0
13157,2011-07,1,375.26,314,-2,0
13157,2011-10,1,868.02,651,1,0
13158,2011-01,1,256.40999999999997,135,-8,0
13158,2011-07,1,306.42,194,-2,0
13158,2011-08,1,305.34000000000003,190,-1,0
13158,2011-09,1,332.89,265,0,0
13159,2011-08,2,843.09,627,-1,C
13159,2011-10,1,303.7,179,1,0
13159,2011-12,1,282.56,252,3,0
13160,2011-11,1,91.8,56,2,0
13161,2011-01,1,112.75,29,-8,0
13162,2011-01,1,753.26,942,-8,0
13162,2011-04,1,548.4300000000001,453,-5,0
13162,2011-06,1,3.75,1,-3,0
13162,2011-08,1,382.85,317,-1,0
13165,2010-12,1,354.64,496,-9,0
13165,2011-10,1,666.84,880,1,0
13166,2011-03,1,417.2,216,-6,0
13167,2011-07,1,242.91,367,-2,0
13167,2011-08,1,174.64,80,-1,0
13167,2011-10,1,242.12,246,1,0
13167,2011-11,1,131.66,92,2,0
13168,2011-01,1,622.33,355,-8,0
13168,2011-02,1,199.3,144,-7,0
13168,2011-05,1,131.43,46,-4,0
13168,2011-11,1,346.53000000000003,125,2,0
13169,2011-04,1,505.2,96,-5,0
13169,2011-10,1,207.68,176,1,0
13170,2011-11,1,108.81,141,2,0
13171,2011-02,1,140.35,53,-7,0
13171,2011-10,1,132.54,60,1,0
13171,2011-11,1,195.52,116,2,0
13173,2010-12,1,165.94,114,-9,0
13173,2011-12,1,187.71,163,3,0
13174,2010-12,1,1369.06,674,-9,0
13174,2011-01,1,665.0,253,-8,0
13174,2011-11,1,708.76,425,2,0
13176,2011-10,1,481.49,448,1,0
13177,2011-10,1,282.45,91,1,0
13178,2010-12,1,710.0,388,-9,0
13178,2011-02,1,414.0,326,-7,0
13178,2011-04,1,483.0,355,-5,0
13178,2011-05,2,1112.2,534,-4,C
13178,2011-06,1,591.73,290,-3,0
13178,2011-07,2,1080.8,706,-2,C
13178,2011-09,1,765.0,539,0,0
13178,2011-11,2,568.74,432,2,C
13182,2011-10,1,121.18,201,1,0
13183,2011-01,1,625.04,400,-8,0
13183,2011-03,1,513.84,288,-6,0
13183,2011-05,1,388.20000000000005,228,-4,0
13183,2011-07,2,655.94,358,-2,C
13183,2011-08,1,211.96,174,-1,0
13183,2011-09,1,690.6000000000001,356,0,0
13183,2011-11,1,443.14,190,2,0
13183,2011-12,1,429.06000000000006,214,3,0
13184,2011-02,1,212.52,134,-7,0
13184,2011-04,3,533.79,629,-5,C
13184,2011-06,1,173.66,179,-3,0
13184,2011-07,2,365.02,376,-2,C
13184,2011-08,2,187.11,219,-1,C
13184,2011-11,1,196.85,125,2,0
13185,2011-03,1,71.4,12,-6,0
13186,2011-08,1,988.34,360,-1,0
13186,2011-09,1,313.6,187,0,0
13186,2011-10,1,273.95,273,1,0
13187,2011-01,1,236.02,95,-8,0
13188,2011-11,1,114.60000000000001,25,2,0
13189,2011-08,1,127.0,526,-1,0
13189,2011-11,1,133.68,316,2,0
13192,2011-05,1,464.32,298,-4,0
13192,2011-09,1,447.62,297,0,0
13193,2011-10,1,112.08,46,1,0
13194,2011-07,1,60.7,26,-2,0
13196,2011-03,1,512.13,320,-6,0
13196,2011-09,1,1074.82,739,0,0
13196,2011-11,2,210.83,165,2,C
13198,2010-12,1,384.55,270,-9,0
13198,2011-01,1,800.19,575,-8,0
13198,2011-04,1,903.01,835,-5,0
13198,2011-07,1,431.57,301,-2,0
13198,2011-08,1,489.86,388,-1,0
13198,2011-11,1,392.06,279,2,0
13199,2010-12,2,711.8,668,-9,C
13199,2011-01,3,428.40000000000003,432,-8,C
13199,2011-02,3,734.84,404,-7,C
13199,2011-03,2,680.76,484,-6,C
13199,2011-04,3,502.4,192,-5,C
13199,2011-05,3,681.96,696,-4,C
13199,2011-06,2,425.40000000000003,300,-3,C
13199,2011-07,1,186.20000000000002,172,-2,0
13199,2011-08,2,202.07999999999998,144,-1,C
13199,2011-09,1,186.32,160,0,0
13199,2011-10,5,2519.2599999999998,838,1,C
13199,2011-11,8,1915.88,1356,2,C
13199,2011-12,3,641.82,330,3,C
13200,2011-08,1,319.32,249,-1,0
13200,2011-09,1,307.69,161,0,0
13200,2011-11,2,243.08,106,2,C
13203,2011-04,1,165.71,145,-5,0
13203,2011-08,1,144.15,129,-1,0
13203,2011-10,1,396.38,330,1,0
13203,2011-11,1,163.22,196,2,0
13207,2011-07,1,197.52000000000004,72,-2,0
13207,2011-11,1,52.739999999999995,58,2,0
13208,2011-02,1,168.45,157,-7,0
13208,2011-04,1,205.28,148,-5,0
13208,2011-05,1,320.23,179,-4,0
13208,2011-07,1,134.86,88,-2,0
13208,2011-10,2,388.83,231,1,C
13209,2010-12,1,318.85,117,-9,0
13209,2011-01,1,111.35,43,-8,0
13209,2011-04,1,1932.24,1703,-5,0
13209,2011-07,1,1198.3799999999999,868,-2,0
13209,2011-08,1,595.26,524,-1,0
13209,2011-11,3,1735.53,998,2,C
13210,2011-09,1,353.48,316,0,0
13211,2010-12,1,110.7,46,-9,0
13211,2011-09,1,673.94,533,0,0
13211,2011-11,1,310.78,255,2,0
13212,2011-10,2,291.47,95,1,C
13212,2011-11,1,495.36,214,2,0
13213,2011-05,2,415.28000000000003,206,-4,C
13213,2011-06,1,136.25,119,-3,0
13213,2011-08,1,412.35,153,-1,0
13213,2011-10,1,556.7,882,1,0
13216,2011-03,1,333.74,297,-6,0
13217,2011-07,2,481.96000000000004,244,-2,C
13217,2011-08,1,52.02,18,-1,0
13218,2011-08,1,62.63999999999999,88,-1,0
13220,2011-04,1,83.4,12,-5,0
13220,2011-05,1,476.29,96,-4,0
13220,2011-06,1,166.8,24,-3,0
13220,2011-09,1,92.8,64,0,0
13221,2010-12,1,498.16,153,-9,0
13221,2011-04,1,349.25,91,-5,0
13223,2011-04,1,100.80000000000001,48,-5,0
13223,2011-05,1,62.4,40,-4,0
13224,2011-07,1,1212.26,665,-2,0
13224,2011-10,1,943.69,853,1,0
13225,2010-12,1,1206.72,864,-9,0
13225,2011-01,1,1263.72,444,-8,0
13225,2011-03,1,734.44,260,-6,0
13225,2011-05,1,537.0,300,-4,0
13225,2011-07,1,557.6800000000001,296,-2,0
13225,2011-10,1,801.08,388,1,0
13225,2011-12,1,1363.2000000000003,864,3,0
13226,2011-03,1,108.21000000000001,80,-6,0
13227,2011-05,1,257.7,99,-4,0
13228,2011-09,1,358.0,200,0,0
13229,2011-04,1,160.95,63,-5,0
13230,2010-12,1,93.45,33,-9,0
13230,2011-01,1,145.94,75,-8,0
13230,2011-02,2,271.13,151,-7,C
13230,2011-03,1,275.53,133,-6,0
13230,2011-04,3,793.03,423,-5,C
13230,2011-05,1,184.55,81,-4,0
13230,2011-07,3,431.59999999999997,436,-2,C
13230,2011-11,1,169.69,82,2,0
13230,2011-12,1,390.71,224,3,0
13232,2011-04,1,117.43,196,-5,0
13232,2011-05,2,557.47,294,-4,C
13232,2011-06,1,186.55,57,-3,0
13232,2011-09,1,157.6,102,0,0
13232,2011-11,2,309.3,124,2,C
13233,2011-01,1,304.24,404,-8,0
13233,2011-09,1,300.88,600,0,0
13235,2011-05,1,1031.07,441,-4,0
13236,2011-08,1,439.23,168,-1,0
13236,2011-11,1,305.62,248,2,0
13238,2010-12,1,91.15,33,-9,0
13238,2011-06,1,227.70000000000002,104,-3,0
13238,2011-11,2,381.88,161,2,C
13239,2011-03,1,329.56,327,-6,0
13240,2010-12,1,224.07,131,-9,0
13240,2011-03,1,218.34,74,-6,0
13240,2011-06,1,111.2,36,-3,0
13240,2011-09,1,110.04,57,0,0
13242,2011-05,2,104.0,50,-4,C
13242,2011-08,1,166.4,80,-1,0
13243,2011-05,1,585.12,232,-4,0
13244,2011-09,1,121.74000000000001,38,0,0
13245,2011-10,1,430.5,125,1,0
13246,2011-01,2,679.21,632,-8,C
13246,2011-02,1,383.95,351,-7,0
13246,2011-05,1,562.88,341,-4,0
13246,2011-06,1,212.47,209,-3,0
13246,2011-11,1,123.01,54,2,0
13247,2011-09,1,305.07,203,0,0
13247,2011-10,1,85.8,78,1,0
13247,2011-11,2,110.25,47,2,C
13248,2011-06,1,387.46999999999997,251,-3,0
13248,2011-08,1,78.21000000000001,54,-1,0
13249,2011-03,1,291.84000000000003,240,-6,0
13249,2011-09,2,419.57000000000005,306,0,C
13253,2011-01,1,476.48,624,-8,0
13253,2011-07,1,553.92,948,-2,0
13255,2010-12,1,225.7,110,-9,0
13255,2011-11,1,173.81,67,2,0
13258,2011-05,1,198.87,77,-4,0
13258,2011-11,2,473.96,205,2,C
13259,2011-10,1,283.18,126,1,0
13260,2011-10,1,557.62,142,1,0
13261,2011-02,1,845.1,190,-7,0
13261,2011-03,1,99.0,20,-6,0
13262,2011-03,1,200.29,125,-6,0
13263,2011-01,1,141.66,106,-8,0
13263,2011-03,4,1194.39,740,-6,C
13263,2011-04,4,984.0,579,-5,C
13263,2011-05,5,958.48,515,-4,C
13263,2011-06,4,685.45,389,-3,C
13263,2011-07,2,308.71,173,-2,C
13263,2011-08,3,582.1,293,-1,C
13263,2011-09,2,775.8,687,0,C
13263,2011-10,6,936.41,650,1,C
13263,2011-11,2,525.73,437,2,C
13263,2011-12,2,344.2,199,3,C
13265,2011-03,1,307.44,162,-6,0
13265,2011-04,1,817.44,720,-5,0
13265,2011-06,1,325.78000000000003,244,-3,0
13265,2011-09,1,336.64,214,0,0
13265,2011-10,1,305.36,400,1,0
13266,2011-03,1,302.21999999999997,401,-6,0
13266,2011-04,2,623.43,801,-5,C
13266,2011-05,2,584.92,712,-4,C
13266,2011-06,1,315.86,458,-3,0
13266,2011-07,1,375.22,374,-2,0
13266,2011-08,1,333.93,314,-1,0
13266,2011-09,1,305.77,373,0,0
13266,2011-10,1,382.34000000000003,268,1,0
13266,2011-11,2,610.57,727,2,C
13267,2010-12,2,622.3000000000001,254,-9,C
13267,2011-01,1,311.67,131,-8,0
13267,2011-03,4,633.07,281,-6,C
13267,2011-04,1,313.65,111,-5,0
13267,2011-05,3,329.45,159,-4,C
13267,2011-07,2,277.45,131,-2,C
13267,2011-08,1,313.35,145,-1,0
13267,2011-09,1,318.4,132,0,0
13267,2011-11,3,1100.95,511,2,C
13267,2011-12,1,301.20000000000005,114,3,0
13268,2011-03,2,1089.9,1364,-6,C
13268,2011-04,1,180.43,163,-5,0
13268,2011-05,2,540.01,666,-4,C
13268,2011-06,1,307.47,297,-3,0
13268,2011-09,1,318.57,283,0,0
13268,2011-11,4,738.37,851,2,C
13269,2010-12,2,662.1700000000001,427,-9,C
13269,2011-04,2,1072.33,722,-5,C
13269,2011-05,1,310.78,188,-4,0
13269,2011-06,1,312.44,236,-3,0
13269,2011-07,1,305.1,146,-2,0
13269,2011-08,1,315.68,295,-1,0
13269,2011-09,1,362.18,214,0,0
13269,2011-10,2,574.22,384,1,C
13269,2011-11,3,1094.7,675,2,C
13269,2011-12,1,333.68,226,3,0
13270,2010-12,1,590.0,200,-9,0
13271,2011-11,1,211.49,240,2,0
13272,2011-09,1,140.96,72,0,0
13272,2011-11,1,135.6,24,2,0
13273,2011-08,1,138.98,153,-1,0
13276,2011-09,1,137.38,20,0,0
13276,2011-10,1,453.55,141,1,0
13277,2011-07,1,75.9,46,-2,0
13277,2011-08,1,50.0,40,-1,0
13277,2011-11,2,132.5,90,2,C
13278,2011-10,1,542.73,537,1,0
13279,2011-09,1,137.75,73,0,0
13280,2011-01,2,682.96,448,-8,C
13280,2011-08,1,115.5,70,-1,0
13282,2011-05,1,344.70000000000005,84,-4,0
13282,2011-06,1,428.40000000000003,88,-3,0
13282,2011-11,1,359.04,135,2,0
13283,2011-06,1,25.5,30,-3,0
13283,2011-10,1,68.16,60,1,0
13284,2011-01,1,201.19,91,-8,0
13285,2011-02,1,666.89,594,-7,0
13285,2011-04,1,506.38,320,-5,0
13285,2011-07,1,796.83,540,-2,0
13285,2011-11,1,739.02,597,2,0
13291,2011-07,1,361.11,233,-2,0
13292,2011-02,1,249.57,133,-7,0
13292,2011-11,1,329.37,214,2,0
13294,2011-04,1,483.65,317,-5,0
13294,2011-06,1,390.09,136,-3,0
13295,2010-12,1,201.20000000000002,82,-9,0
13296,2011-07,1,87.4,78,-2,0
13297,2011-10,1,1315.3799999999999,618,1,0
13297,2011-11,2,450.95,221,2,C
13297,2011-12,1,323.52,124,3,0
13298,2011-12,1,360.0,96,3,0
13299,2011-03,1,142.5,30,-6,0
13300,2011-06,1,371.89,203,-3,0
13301,2011-02,1,173.91,95,-7,0
13301,2011-05,1,153.86,94,-4,0
13301,2011-07,1,153.13,81,-2,0
13301,2011-08,1,137.19,75,-1,0
13302,2011-07,1,63.75,5,-2,0
13304,2010-12,1,300.42,238,-9,0
13305,2010-12,1,136.2,132,-9,0
13305,2011-02,1,152.7,146,-7,0
13305,2011-03,1,156.6,84,-6,0
13305,2011-04,1,194.75,125,-5,0
13305,2011-07,1,250.95,133,-2,0
13305,2011-08,1,194.55,77,-1,0
13305,2011-09,2,385.5,238,0,C
13305,2011-11,1,316.45,141,2,0
13305,2011-12,1,213.16,156,3,0
13307,2011-08,1,15.0,4,-1,0
13308,2011-05,1,814.95,519,-4,0
13308,2011-10,1,284.68,160,1,0
13308,2011-11,1,285.88,164,2,0
13309,2011-02,1,390.71,467,-7,0
13309,2011-05,1,155.93,149,-4,0
13309,2011-09,1,381.5,262,0,0
13309,2011-10,1,293.77,350,1,0
13309,2011-12,1,234.88,316,3,0
13310,2011-01,1,410.18,234,-8,0
13310,2011-05,1,407.47,161,-4,0
13310,2011-11,1,314.38,192,2,0
13311,2011-07,1,490.11,271,-2,0
13311,2011-12,1,108.46000000000001,34,3,0
13313,2011-01,1,307.3,171,-8,0
13313,2011-05,1,302.44,160,-4,0
13313,2011-07,1,308.6,156,-2,0
13313,2011-11,2,636.98,364,2,C
13314,2011-09,1,499.62,356,0,0
13314,2011-10,1,89.85000000000001,15,1,0
13314,2011-12,1,186.47,189,3,0
13316,2011-03,1,1622.48,2048,-6,0
13316,2011-07,1,1912.7,2229,-2,0
13316,2011-09,1,683.58,487,0,0
13316,2011-11,1,1514.17,744,2,0
13317,2010-12,2,238.05,93,-9,C
13317,2011-04,1,444.63,215,-5,0
13317,2011-05,2,631.3,192,-4,C
13317,2011-10,1,959.7,535,1,0
13318,2011-11,1,302.96,176,2,0
13318,2011-12,2,337.8,128,3,C
13319,2010-12,4,1551.08,624,-9,C
13319,2011-01,1,510.89,286,-8,0
13319,2011-02,2,707.07,269,-7,C
13319,2011-03,2,426.04,211,-6,C
13319,2011-04,1,599.84,216,-5,0
13319,2011-05,1,732.9200000000001,292,-4,0
13319,2011-06,3,1055.6,470,-3,C
13319,2011-07,3,967.4300000000001,393,-2,C
13319,2011-08,1,346.2,212,-1,0
13319,2011-09,1,493.4,224,0,0
13319,2011-10,2,858.11,363,1,C
13319,2011-11,4,2287.87,1036,2,C
13319,2011-12,1,309.1,128,3,0
13320,2011-05,2,508.61,426,-4,C
13320,2011-08,1,472.54,361,-1,0
13320,2011-09,1,551.05,299,0,0
13321,2011-09,2,567.36,372,0,C
13322,2011-11,1,199.48000000000002,117,2,0
13323,2011-09,1,120.30000000000001,26,0,0
13323,2011-11,2,235.0,52,2,C
13323,2011-12,2,432.55,97,3,C
13324,2010-12,1,650.1,210,-9,0
13324,2011-01,1,460.5,390,-8,0
13324,2011-04,2,1326.87,1097,-5,C
13324,2011-05,3,1361.52,776,-4,C
13324,2011-09,2,2638.84,2172,0,C
13324,2011-11,1,684.12,560,2,0
13325,2011-09,1,675.3,240,0,0
13327,2010-12,2,745.0,276,-9,C
13327,2011-02,1,202.9,102,-7,0
13327,2011-03,1,474.05,194,-6,0
13327,2011-06,1,450.40000000000003,296,-3,0
13327,2011-07,1,484.1,198,-2,0
13327,2011-08,1,382.3,190,-1,0
13327,2011-11,1,889.02,344,2,0
13328,2011-01,1,1308.48,680,-8,0
13329,2010-12,1,304.2,175,-9,0
13329,2011-11,1,484.79999999999995,288,2,0
13330,2011-01,1,335.82,198,-8,0
13330,2011-06,1,392.4,202,-3,0
13330,2011-09,1,412.71,351,0,0
13332,2011-11,1,350.9,179,2,0
13334,2011-02,1,1637.19,829,-7,0
13334,2011-06,1,1071.4,514,-3,0
13334,2011-09,1,793.73,421,0,0
13336,2011-09,1,795.12,559,0,0
13338,2011-07,1,487.02,256,-2,0
13339,2011-05,1,860.12,326,-4,0
13340,2011-03,1,3678.03,1605,-6,0
13340,2011-07,3,4594.27,2619,-2,C
13340,2011-08,1,957.24,924,-1,0
13340,2011-10,2,1506.94,622,1,C
13341,2011-03,1,775.85,301,-6,0
13343,2011-06,1,353.43,135,-3,0
13344,2011-03,1,1656.15,599,-6,0
13344,2011-10,2,855.54,353,1,C
13345,2011-02,1,389.5,141,-7,0
13347,2011-09,1,341.36,205,0,0
13348,2011-10,1,233.76,136,1,0
13349,2011-11,1,247.32,225,2,0
13350,2011-09,1,646.57,155,0,0
13350,2011-11,1,332.55,132,2,0
13351,2011-10,1,373.94,117,1,0
13352,2011-10,1,397.97999999999996,321,1,0
13354,2011-09,1,743.53,604,0,0
13355,2011-08,1,674.7,314,-1,0
13356,2011-09,1,768.24,325,0,0
13357,2011-03,1,609.4,321,-6,0
13358,2011-03,1,439.03,285,-6,0
13359,2011-10,1,439.56,161,1,0
13362,2011-02,1,812.7,336,-7,0
13362,2011-04,1,768.83,391,-5,0
13362,2011-10,1,756.11,289,1,0
13362,2011-11,1,753.1,366,2,0
13363,2011-10,1,603.82,443,1,0
13363,2011-11,1,388.68,267,2,0
13364,2011-09,1,134.95999999999998,71,0,0
13365,2011-05,1,700.6,404,-4,0
13365,2011-11,1,1524.77,843,2,0
13366,2011-10,1,56.160000000000004,144,1,0
13368,2011-01,1,35.400000000000006,12,-8,0
13368,2011-03,1,588.0,315,-6,0
13369,2010-12,1,308.28000000000003,149,-9,0
13370,2010-12,1,754.87,343,-9,0
13372,2011-09,1,378.64,159,0,0
13373,2011-03,1,987.7,458,-6,0
13373,2011-07,1,1067.8799999999999,486,-2,0
13373,2011-10,1,1256.67,707,1,0
13375,2011-09,1,778.65,442,0,0
13376,2011-04,1,376.0,191,-5,0
13376,2011-05,1,394.0,165,-4,0
13376,2011-09,1,249.76,137,0,0
13379,2011-07,1,136.29,166,-2,0
13379,2011-10,1,299.53,309,1,0
13379,2011-11,1,136.74,126,2,0
13381,2011-02,1,416.11,267,-7,0
13381,2011-05,1,655.24,330,-4,0
13381,2011-07,1,709.74,332,-2,0
13381,2011-08,1,680.24,322,-1,0
13381,2011-09,1,520.9,390,0,0
13381,2011-11,1,657.08,388,2,0
13382,2011-03,1,222.99,131,-6,0
13384,2011-06,1,1172.6,666,-3,0
13384,2011-08,1,583.24,396,-1,0
13384,2011-09,3,1375.63,639,0,C
13384,2011-10,1,298.26,174,1,0
13384,2011-11,1,722.2,547,2,0
13385,2011-01,1,534.57,281,-8,0
13388,2011-07,2,677.1,282,-2,C
13389,2011-04,1,257.89,115,-5,0
13389,2011-09,1,322.26,204,0,0
13389,2011-11,1,217.81,110,2,0
13390,2011-09,1,544.08,224,0,0
13391,2011-05,1,59.8,4,-4,0
13394,2011-02,1,313.76,212,-7,0
13394,2011-03,1,320.42,214,-6,0
13394,2011-05,1,301.15000000000003,293,-4,0
13394,2011-07,1,301.26,406,-2,0
13394,2011-08,1,306.86,350,-1,0
13394,2011-09,1,302.74,280,0,0
13394,2011-10,1,371.73,463,1,0
13394,2011-12,1,302.1,174,3,0
13395,2011-06,1,307.72,336,-3,0
13396,2011-01,1,387.27000000000004,139,-8,0
13396,2011-11,1,973.72,461,2,0
13397,2011-01,1,299.92,88,-8,0
13397,2011-02,1,301.85,103,-7,0
13397,2011-06,1,378.7,109,-3,0
13397,2011-08,1,247.72,58,-1,0
13397,2011-09,1,315.94,72,0,0
13398,2011-05,1,457.34,281,-4,0
13402,2010-12,1,308.28000000000003,190,-9,0
13402,2011-08,1,312.95,289,-1,0
13403,2011-11,1,75.0,44,2,0
13404,2011-05,1,217.81,99,-4,0
13404,2011-12,1,34.68,12,3,0
13405,2011-01,1,160.05,37,-8,0
13405,2011-05,1,397.40000000000003,126,-4,0
13405,2011-09,1,15.001,2,0,0
13408,2010-12,5,3031.2000000000003,1750,-9,C
13408,2011-01,3,1840.22,1304,-8,C
13408,2011-02,1,793.5,442,-7,0
13408,2011-03,4,1490.77,906,-6,C
13408,2011-04,6,2071.9,1350,-5,C
13408,2011-05,6,1879.52,846,-4,C
13408,2011-06,6,1803.72,1092,-3,C
13408,2011-07,3,2409.27,1369,-2,C
13408,2011-08,6,2087.98,1211,-1,C
13408,2011-09,6,2973.5,1654,0,C
13408,2011-10,6,2148.46,1217,1,C
13408,2011-11,7,4178.38,2134,2,C
13408,2011-12,3,1408.62,957,3,C
13410,2011-02,1,250.23999999999998,140,-7,0
13410,2011-03,1,154.4,88,-6,0
13410,2011-06,1,140.4,72,-3,0
13410,2011-09,1,183.62,106,0,0
13410,2011-11,1,274.40000000000003,112,2,0
13411,2011-08,1,213.55,72,-1,0
13414,2011-02,1,390.0,600,-7,0
13414,2011-07,2,1000.5,974,-2,C
13416,2011-09,1,275.0,48,0,0
13416,2011-10,1,437.5,94,1,0
13417,2011-05,1,236.0,72,-4,0
13417,2011-12,1,404.83,90,3,0
13418,2010-12,5,1579.62,614,-9,C
13418,2011-04,1,362.24,425,-5,0
13418,2011-05,3,1398.74,687,-4,C
13418,2011-06,2,437.72,242,-3,C
13418,2011-07,2,300.62,418,-2,C
13418,2011-08,1,263.19,298,-1,0
13418,2011-09,2,726.0,713,0,C
13418,2011-10,1,370.68,124,1,0
13418,2011-11,1,688.62,397,2,0
13419,2011-10,1,221.06,275,1,0
13420,2011-06,1,55.8,74,-3,0
13420,2011-07,1,104.05,27,-2,0
13421,2011-02,1,825.04,495,-7,0
13421,2011-10,1,1008.67,633,1,0
13422,2011-10,1,2626.3,1326,1,0
13425,2011-02,1,401.57,282,-7,0
13425,2011-06,1,773.08,520,-3,0
13425,2011-08,1,449.56,321,-1,0
13426,2010-12,1,336.98,142,-9,0
13426,2011-01,1,302.45,341,-8,0
13426,2011-03,1,306.39,311,-6,0
13426,2011-04,1,339.2,108,-5,0
13426,2011-06,1,273.66,297,-3,0
13426,2011-09,1,451.97,198,0,0
13426,2011-10,1,697.46,259,1,0
13426,2011-11,2,641.4300000000001,445,2,C
13426,2011-12,1,291.78000000000003,144,3,0
13427,2011-05,1,214.5,130,-4,0
13427,2011-08,1,250.36,301,-1,0
13427,2011-11,1,117.74000000000001,114,2,0
13428,2011-11,1,201.78,151,2,0
13429,2011-09,1,330.6,620,0,0
13429,2011-10,2,362.4,484,1,C
13429,2011-11,1,313.8,286,2,0
13430,2011-09,1,336.31,433,0,0
13430,2011-11,1,343.14,318,2,0
13431,2011-09,1,853.68,556,0,0
13431,2011-10,1,415.41999999999996,116,1,0
13434,2011-09,2,534.24,300,0,C
13435,2011-06,1,443.72,410,-3,0
13435,2011-08,2,644.4,484,-1,C
13435,2011-09,1,884.9,303,0,0
13435,2011-10,1,558.6,174,1,0
13435,2011-11,1,835.97,460,2,0
13435,2011-12,1,442.3,298,3,0
13436,2011-12,1,196.89,76,3,0
13437,2011-06,2,1661.73,509,-3,C
13437,2011-08,1,362.52000000000004,131,-1,0
13437,2011-09,1,149.35,49,0,0
13437,2011-11,3,1234.46,594,2,C
13439,2011-03,1,283.71,242,-6,0
13441,2011-09,1,296.64,204,0,0
13447,2011-11,3,1129.14,584,2,C
13448,2010-12,3,829.5400000000001,332,-9,C
13448,2011-05,1,593.72,388,-4,0
13448,2011-09,1,1061.11,476,0,0
13448,2011-11,1,1050.3200000000002,452,2,0
13449,2011-11,1,291.88,222,2,0
13450,2011-05,2,678.54,578,-4,C
13450,2011-07,1,440.64,424,-2,0
13450,2011-08,1,302.28,268,-1,0
13450,2011-09,1,305.82,348,0,0
13450,2011-11,1,316.44,364,2,0
13451,2011-01,1,359.19,254,-8,0
13451,2011-03,1,607.13,428,-6,0
13451,2011-05,1,623.16,413,-4,0
13451,2011-08,1,796.02,648,-1,0
13451,2011-11,1,512.76,385,2,0
13452,2011-03,2,590.0,2,-6,C
13453,2011-02,1,185.0,76,-7,0
13453,2011-06,1,171.98,58,-3,0
13455,2010-12,1,692.94,190,-9,0
13455,2011-11,1,365.4,164,2,0
13456,2011-05,1,207.66,100,-4,0
13456,2011-06,1,217.4,60,-3,0
13456,2011-07,1,430.00000000000006,101,-2,0
13456,2011-10,1,454.76,254,1,0
13456,2011-11,2,456.90000000000003,250,2,C
13458,2010-12,1,1185.8600000000001,506,-9,0
13458,2011-01,1,1489.18,944,-8,0
13458,2011-02,2,1495.78,872,-7,C
13458,2011-04,1,1015.14,666,-5,0
13458,2011-05,1,443.65999999999997,421,-4,0
13458,2011-06,2,931.24,438,-3,C
13458,2011-07,1,794.58,512,-2,0
13458,2011-09,1,322.98,162,0,0
13458,2011-10,2,994.22,516,1,C
13458,2011-11,1,389.41,193,2,0
13458,2011-12,1,584.52,278,3,0
13460,2011-10,1,107.46000000000001,197,1,0
13460,2011-11,1,75.98,89,2,0
13461,2011-06,1,576.4,424,-3,0
13461,2011-07,1,307.8,412,-2,0
13461,2011-11,1,560.8,334,2,0
13462,2011-04,1,151.5,62,-5,0
13464,2011-10,1,674.68,403,1,0
13466,2011-06,1,307.9,259,-3,0
13467,2011-11,2,1071.91,580,2,C
13468,2010-12,4,911.0,314,-9,C
13468,2011-01,2,291.85,115,-8,C
13468,2011-02,3,406.65000000000003,129,-7,C
13468,2011-03,5,690.62,305,-6,C
13468,2011-04,4,816.0,453,-5,C
13468,2011-05,3,475.0,168,-4,C
13468,2011-06,1,102.72,32,-3,0
13468,2011-07,3,333.22,188,-2,C
13468,2011-08,2,228.47,101,-1,C
13468,2011-09,3,599.61,347,0,C
13468,2011-10,2,222.63,57,1,C
13468,2011-11,3,346.26,146,2,C
13468,2011-12,2,280.94,234,3,C
13470,2011-08,1,115.5,70,-1,0
13470,2011-09,1,49.5,30,0,0
13471,2011-10,1,941.67,587,1,0
13471,2011-11,1,604.73,423,2,0
13471,2011-12,2,955.44,573,3,C
13473,2011-01,1,241.26,198,-8,0
13473,2011-10,1,181.38,68,1,0
13474,2011-04,1,226.84,129,-5,0
13475,2011-02,1,317.12,222,-7,0
13475,2011-03,1,589.4,404,-6,0
13475,2011-05,1,371.96,308,-4,0
13475,2011-06,1,153.3,78,-3,0
13476,2011-03,1,727.6,164,-6,0
13476,2011-06,1,510.87,253,-3,0
13477,2011-02,1,185.39999999999998,120,-7,0
13477,2011-05,1,330.63,147,-4,0
13477,2011-06,1,249.76,239,-3,0
13477,2011-07,1,133.76,120,-2,0
13477,2011-10,1,464.07,347,1,0
13477,2011-11,1,90.96,48,2,0
13479,2011-04,1,144.35,89,-5,0
13479,2011-05,1,156.6,45,-4,0
13481,2011-03,1,665.28,471,-6,0
13481,2011-05,1,313.71000000000004,165,-4,0
13481,2011-08,2,382.34,225,-1,C
13481,2011-10,1,443.23,281,1,0
13482,2011-04,1,184.64,116,-5,0
13483,2011-10,1,140.34,160,1,0
13484,2011-04,1,313.8,44,-5,0
13485,2011-04,1,454.24,277,-5,0
13486,2011-07,1,202.16,140,-2,0
13486,2011-08,1,617.4499999999999,389,-1,0
13486,2011-09,1,302.8,140,0,0
13487,2010-12,1,193.15,85,-9,0
13487,2011-05,1,215.65,128,-4,0
13487,2011-10,1,166.6,52,1,0
13488,2010-12,1,1381.92,516,-9,0
13488,2011-01,1,1358.29,766,-8,0
13488,2011-02,1,655.55,229,-7,0
13488,2011-03,1,713.9499999999999,259,-6,0
13488,2011-05,2,1420.72,762,-4,C
13488,2011-07,2,423.59,317,-2,C
13488,2011-08,1,642.36,383,-1,0
13488,2011-09,2,770.81,316,0,C
13488,2011-10,1,878.98,576,1,0
13488,2011-11,1,722.14,394,2,0
13489,2011-02,2,235.68,352,-7,C
13489,2011-07,1,51.36,40,-2,0
13489,2011-08,1,162.48,168,-1,0
13491,2010-12,2,196.4,54,-9,C
13491,2011-01,2,328.34000000000003,152,-8,C
13491,2011-02,1,117.09,97,-7,0
13491,2011-03,2,252.88,263,-6,C
13491,2011-04,1,136.92,192,-5,0
13491,2011-07,1,56.82,54,-2,0
13491,2011-10,1,127.37,91,1,0
13492,2011-05,1,315.3,114,-4,0
13492,2011-07,2,954.54,294,-2,C
13493,2011-02,1,179.35,66,-7,0
13493,2011-03,1,439.28,314,-6,0
13494,2011-02,1,316.26000000000005,162,-7,0
13495,2010-12,2,865.4300000000001,377,-9,C
13495,2011-04,1,207.0,108,-5,0
13495,2011-11,1,659.8,268,2,0
13495,2011-12,1,312.64,76,3,0
13496,2010-12,1,501.01,229,-9,0
13496,2011-11,1,152.32,112,2,0
13497,2010-12,1,153.5,54,-9,0
13497,2011-03,1,194.55,109,-6,0
13499,2011-03,1,158.23000000000002,121,-6,0
13499,2011-04,1,305.56,144,-5,0
13499,2011-09,1,150.06,186,0,0
13499,2011-11,2,545.26,914,2,C
13500,2011-08,1,326.4,128,-1,0
13500,2011-11,2,840.37,481,2,C
13501,2011-02,1,1340.32,560,-7,0
13502,2011-01,1,114.6,60,-8,0
13502,2011-03,1,74.56,50,-6,0
13502,2011-11,1,102.84,154,2,0
13503,2011-09,1,216.85,248,0,0
13504,2011-10,1,295.93,178,1,0
13505,2011-04,1,1009.69,489,-5,0
13505,2011-05,1,906.4,364,-4,0
13505,2011-06,1,667.03,408,-3,0
13505,2011-09,1,1810.51,1225,0,0
13506,2010-12,1,301.12,232,-9,0
13506,2011-01,1,157.4,92,-8,0
13507,2011-07,1,1242.3799999999999,751,-2,0
13507,2011-08,1,394.09,289,-1,0
13507,2011-09,1,386.32,172,0,0
13507,2011-12,1,456.37,385,3,0
13508,2011-04,1,110.97,24,-5,0
13509,2011-02,1,209.32,260,-7,0
13509,2011-03,2,440.7,506,-6,C
13509,2011-07,1,15.0,1,-2,0
13509,2011-09,1,40.0,32,0,0
13509,2011-10,1,176.6,172,1,0
13509,2011-12,1,98.10000000000001,135,3,0
13510,2011-06,1,585.3199999999999,421,-3,0
13510,2011-09,1,312.49,322,0,0
13510,2011-10,1,551.89,389,1,0
13510,2011-12,1,341.86,254,3,0
13512,2011-03,1,251.21,143,-6,0
13513,2011-08,1,205.1,109,-1,0
13514,2011-09,1,152.20000000000002,40,0,0
13515,2011-04,1,203.4,180,-5,0
13515,2011-07,1,132.16,127,-2,0
13515,2011-08,1,188.39999999999998,166,-1,0
13515,2011-09,1,367.16,208,0,0
13516,2011-04,1,146.0,56,-5,0
13516,2011-09,1,474.41,264,0,0
13516,2011-11,1,769.0,665,2,0
13517,2011-06,1,1101.86,715,-3,0
13517,2011-08,1,510.32,266,-1,0
13517,2011-10,1,516.24,388,1,0
13518,2011-09,1,627.16,382,0,0
13519,2011-09,1,122.75,23,0,0
13520,2010-12,1,303.4,110,-9,0
13520,2011-01,1,685.12,319,-8,0
13520,2011-03,1,490.78000000000003,227,-6,0
13520,2011-06,1,612.68,245,-3,0
13520,2011-07,1,856.0,411,-2,0
13520,2011-10,1,676.37,337,1,0
13521,2011-11,1,277.48,172,2,0
13521,2011-12,2,794.25,546,3,C
13522,2011-11,1,125.80000000000001,44,2,0
13523,2010-12,1,566.95,365,-9,0
13523,2011-05,2,1802.29,463,-4,C
13523,2011-10,1,616.8,396,1,0
13523,2011-11,1,978.84,528,2,0
13524,2011-05,1,159.20000000000002,100,-4,0
13524,2011-06,1,88.50000000000001,30,-3,0
13524,2011-08,1,161.16000000000003,57,-1,0
13524,2011-09,1,75.0,20,0,0
13524,2011-10,1,196.32,117,1,0
13525,2011-04,1,282.88,208,-5,0
13525,2011-11,1,345.9,186,2,0
13527,2011-01,1,110.45,31,-8,0
13527,2011-05,1,475.19,199,-4,0
13527,2011-08,2,776.88,1058,-1,C
13527,2011-09,2,485.27,221,0,C
13527,2011-11,1,394.57,174,2,0
13529,2011-05,1,181.1,30,-4,0
13529,2011-09,1,126.66000000000001,44,0,0
13531,2010-12,1,305.45,103,-9,0
13531,2011-05,1,178.35,71,-4,0
13532,2011-11,1,210.31,129,2,0
13533,2011-03,2,144.94,105,-6,C
13533,2011-06,1,124.14999999999999,97,-3,0
13534,2010-12,2,283.2,136,-9,C
13534,2011-01,4,566.95,271,-8,C
13534,2011-02,2,179.6,88,-7,C
13534,2011-03,2,514.3,314,-6,C
13534,2011-04,3,470.15,196,-5,C
13534,2011-05,3,634.6,336,-4,C
13534,2011-06,1,304.28000000000003,178,-3,0
13534,2011-07,3,1080.25,567,-2,C
13534,2011-08,1,338.2,156,-1,0
13534,2011-10,2,835.15,411,1,C
13534,2011-11,1,306.2,128,2,0
13534,2011-12,1,357.2,180,3,0
13536,2011-09,1,455.17,319,0,0
13536,2011-10,1,369.74,302,1,0
13536,2011-11,3,1614.3799999999999,1120,2,C
13536,2011-12,2,1005.1,385,3,C
13538,2011-01,1,166.8,24,-8,0
13538,2011-03,1,337.5,50,-6,0
13538,2011-06,1,115.2,16,-3,0
13538,2011-07,1,95.4,12,-2,0
13538,2011-08,1,176.85000000000002,23,-1,0
13538,2011-09,1,99.0,12,0,0
13538,2011-10,1,290.1,38,1,0
13539,2011-02,1,164.1,134,-7,0
13539,2011-04,1,151.55,97,-5,0
13539,2011-09,1,315.69,89,0,0
13544,2011-04,1,113.01,63,-5,0
13544,2011-10,1,163.05,49,1,0
13546,2011-05,1,182.26,107,-4,0
13546,2011-10,1,230.12,106,1,0
13546,2011-11,1,208.71,144,2,0
13548,2011-04,1,281.01,164,-5,0
13548,2011-09,1,397.15,272,0,0
13549,2011-04,1,183.5,134,-5,0
13549,2011-05,2,329.05,173,-4,C
13549,2011-07,2,249.5,104,-2,C
13549,2011-10,1,70.15,21,1,0
13549,2011-11,1,86.0,26,2,0
13551,2011-01,1,91.80000000000001,12,-8,0
13552,2011-01,1,313.70000000000005,74,-8,0
13552,2011-03,2,469.05,183,-6,C
13552,2011-05,2,1078.54,336,-4,C
13552,2011-06,2,417.8,191,-3,C
13552,2011-08,2,483.82,240,-1,C
13552,2011-09,2,551.64,214,0,C
13552,2011-10,1,425.52,179,1,0
13555,2011-05,2,1590.05,868,-4,C
13555,2011-09,2,2508.83,1768,0,C
13557,2011-03,1,240.68,224,-6,0
13557,2011-11,1,343.38,322,2,0
13558,2011-10,2,312.71,187,1,C
13558,2011-11,1,159.13,82,2,0
13558,2011-12,1,122.67999999999999,69,3,0
13560,2011-12,1,171.42000000000002,63,3,0
13561,2011-05,1,141.85999999999999,83,-4,0
13562,2011-04,1,603.27,233,-5,0
13562,2011-07,1,606.46,294,-2,0
13562,2011-09,1,589.6,230,0,0
13563,2011-07,1,310.88,146,-2,0
13563,2011-09,1,466.65,63,0,0
13564,2010-12,2,1174.03,635,-9,C
13564,2011-07,1,550.64,1,-2,0
13565,2011-01,1,110.17999999999999,78,-8,0
13565,2011-11,1,130.04,94,2,0
13566,2011-09,1,567.31,335,0,0
13566,2011-10,1,289.53000000000003,232,1,0
13568,2011-06,1,187.05,66,-3,0
13569,2010-12,1,109.82000000000001,43,-9,0
13569,2011-11,1,228.8,113,2,0
13570,2011-04,1,239.49,161,-5,0
13571,2011-03,1,145.27,77,-6,0
13571,2011-04,1,126.74000000000001,91,-5,0
13571,2011-05,1,120.59,107,-4,0
13571,2011-06,1,114.71,82,-3,0
13571,2011-07,1,126.58,148,-2,0
13571,2011-08,1,167.26,167,-1,0
13571,2011-09,1,282.68,179,0,0
13571,2011-10,2,338.53000000000003,342,1,C
13571,2011-11,3,666.58,564,2,C
13572,2011-05,1,1384.25,534,-4,0
13573,2011-03,1,31.770000000000003,10,-6,0
13573,2011-10,1,258.48,292,1,0
13575,2011-06,1,88.55,33,-3,0
13575,2011-07,1,130.2,80,-2,0
13575,2011-09,1,258.46,154,0,0
13575,2011-10,1,147.41,115,1,0
13575,2011-11,1,107.45,67,2,0
13576,2010-12,1,349.15,108,-9,0
13576,2011-01,1,623.6800000000001,288,-8,0
13576,2011-02,2,714.21,255,-7,C
13576,2011-03,1,330.24,192,-6,0
13576,2011-04,1,426.24,144,-5,0
13576,2011-05,1,302.88,80,-4,0
13576,2011-06,2,733.0500000000001,267,-3,C
13576,2011-07,2,705.72,276,-2,C
13576,2011-08,1,332.04,108,-1,0
13576,2011-09,2,826.1700000000001,269,0,C
13576,2011-10,1,283.89,132,1,0
13576,2011-11,3,1090.0700000000002,527,2,C
13577,2011-04,1,356.75,131,-5,0
13577,2011-07,1,465.35,206,-2,0
13577,2011-09,1,371.7,260,0,0
13577,2011-11,1,493.8,194,2,0
13579,2010-12,1,164.70000000000002,46,-9,0
13579,2011-11,1,302.34,130,2,0
13581,2011-02,1,118.0,30,-7,0
13583,2011-07,1,781.03,725,-2,0
13584,2011-02,1,142.4,37,-7,0
13587,2011-10,1,712.4,180,1,0
13588,2011-03,1,113.30000000000001,48,-6,0
13588,2011-07,1,491.0,646,-2,0
13588,2011-08,1,471.32,424,-1,0
13588,2011-09,2,530.3199999999999,656,0,C
13588,2011-10,1,425.38,436,1,0
13588,2011-11,3,447.63,396,2,C
13589,2011-06,1,147.0,28,-3,0
13589,2011-11,1,232.65,86,2,0
13590,2011-02,1,309.06,266,-7,0
13590,2011-04,1,301.42,338,-5,0
13590,2011-05,1,301.55,207,-4,0
13590,2011-07,1,204.35,89,-2,0
13590,2011-10,1,552.4,404,1,0
13590,2011-11,1,313.14,544,2,0
13591,2011-03,1,462.2,128,-6,0
13591,2011-05,1,314.03,135,-4,0
13591,2011-10,1,340.9,222,1,0
13592,2011-03,1,76.72,30,-6,0
13592,2011-05,2,128.79,41,-4,C
13592,2011-11,1,42.45,13,2,0
13593,2011-01,1,559.85,199,-8,0
13593,2011-03,2,437.90000000000003,159,-6,C
13593,2011-06,1,368.3,123,-3,0
13593,2011-08,1,645.83,238,-1,0
13594,2011-10,1,396.97,359,1,0
13596,2011-11,1,378.67,192,2,0
13596,2011-12,1,285.44,192,3,0
13598,2011-10,1,160.04,52,1,0
13599,2010-12,2,352.84,245,-9,C
13599,2011-01,1,369.14,262,-8,0
13599,2011-03,1,580.57,349,-6,0
13599,2011-04,2,331.81,182,-5,C
13599,2011-05,1,371.3,180,-4,0
13599,2011-07,1,308.18,313,-2,0
13599,2011-09,2,520.04,343,0,C
13599,2011-11,9,1996.3600000000001,1215,2,C
13599,2011-12,2,319.68,204,3,C
13600,2011-01,1,219.52,324,-8,0
13601,2011-05,1,373.2,275,-4,0
13601,2011-10,1,320.12,273,1,0
13602,2011-10,1,428.89,267,1,0
13603,2011-11,1,164.34,164,2,0
13606,2011-02,1,70.02,114,-7,0
13606,2011-04,1,176.60999999999999,126,-5,0
13606,2011-11,1,30.119999999999997,36,2,0
13607,2011-10,1,675.51,288,1,0
13610,2011-02,1,234.12,103,-7,0
13610,2011-04,1,108.55,47,-5,0
13610,2011-06,1,121.7,68,-3,0
13610,2011-07,1,173.39,93,-2,0
13610,2011-08,1,127.0,53,-1,0
13610,2011-10,1,204.28,89,1,0
13610,2011-11,1,113.29,35,2,0
13611,2010-12,1,303.15000000000003,183,-9,0
13611,2011-06,1,333.57,237,-3,0
13611,2011-09,1,517.68,334,0,0
13614,2011-01,1,205.75,25,-8,0
13614,2011-06,1,573.13,218,-3,0
13614,2011-09,1,302.15,67,0,0
13614,2011-11,1,504.43,254,2,0
13615,2011-01,1,417.69,189,-8,0
13617,2011-06,1,131.10999999999999,113,-3,0
13617,2011-08,1,234.59,75,-1,0
13617,2011-10,1,178.48000000000002,112,1,0
13618,2011-06,1,177.34,246,-3,0
13621,2011-08,1,213.85,343,-1,0
13623,2011-02,1,156.0,61,-7,0
13623,2011-03,1,88.60000000000001,33,-6,0
13623,2011-04,1,146.99,19,-5,0
13623,2011-05,1,147.58,36,-4,0
13623,2011-11,1,188.57,137,2,0
13626,2011-04,1,257.23,209,-5,0
13627,2010-12,1,311.19,197,-9,0
13627,2011-05,1,294.73,242,-4,0
13627,2011-06,1,421.08,336,-3,0
13627,2011-09,1,307.18,235,0,0
13627,2011-10,1,304.29,259,1,0
13629,2011-01,1,660.0,400,-8,0
13629,2011-02,1,765.0,450,-7,0
13629,2011-04,1,642.0,350,-5,0
13629,2011-05,1,821.0,450,-4,0
13629,2011-06,1,778.0,400,-3,0
13629,2011-07,2,1231.3600000000001,722,-2,C
13629,2011-09,1,821.0,450,0,0
13629,2011-10,1,537.0,300,1,0
13629,2011-11,2,1537.0,850,2,C
13630,2011-02,1,299.14,140,-7,0
13630,2011-04,1,431.78,311,-5,0
13630,2011-06,2,328.62,264,-3,C
13630,2011-08,1,301.92,258,-1,0
13630,2011-09,1,438.32,298,0,0
13630,2011-12,1,231.99999999999997,120,3,0
13631,2011-03,1,80.0,20,-6,0
13631,2011-05,3,1250.0,168,-4,C
13631,2011-06,4,960.72,166,-3,C
13631,2011-07,2,727.2,106,-2,C
13631,2011-09,1,52.5,7,0,0
13632,2011-04,2,610.69,233,-5,C
13632,2011-06,1,201.57,77,-3,0
13632,2011-10,1,854.53,433,1,0
13632,2011-11,1,452.14,288,2,0
13634,2011-01,1,334.2,123,-8,0
13634,2011-04,1,263.41,126,-5,0
13634,2011-08,1,158.36,98,-1,0
13634,2011-09,1,588.51,231,0,0
13634,2011-11,1,202.88,122,2,0
13635,2011-10,1,1071.03,677,1,0
13636,2011-02,1,154.5,65,-7,0
13636,2011-03,1,137.35,85,-6,0
13636,2011-04,1,249.60000000000002,153,-5,0
13636,2011-08,1,105.1,36,-1,0
13636,2011-11,1,302.57,253,2,0
13637,2011-04,1,416.4,211,-5,0
13637,2011-06,1,262.25,139,-3,0
13637,2011-10,1,125.65,55,1,0
13638,2011-11,1,122.64,93,2,0
13639,2011-09,1,1033.34,800,0,0
13642,2011-05,1,312.28,151,-4,0
13643,2011-06,1,87.9,60,-3,0
13643,2011-09,1,171.5,66,0,0
13643,2011-11,1,260.04,147,2,0
13644,2011-08,1,851.09,659,-1,0
13644,2011-09,1,547.52,444,0,0
13644,2011-10,1,446.73,483,1,0
13644,2011-11,1,778.92,481,2,0
13645,2011-08,1,252.1,158,-1,0
13647,2011-04,1,424.64,267,-5,0
13647,2011-06,1,379.22,174,-3,0
13647,2011-09,1,472.04,218,0,0
13647,2011-11,1,372.22,228,2,0
13649,2010-12,1,197.8,67,-9,0
13649,2011-03,1,148.8,72,-6,0
13650,2011-03,1,372.12,134,-6,0
13650,2011-05,1,373.4,150,-4,0
13650,2011-09,1,317.96,212,0,0
13650,2011-10,2,474.62,296,1,C
13650,2011-11,1,298.24,130,2,0
13651,2011-10,1,79.2,32,1,0
13651,2011-11,1,15.0,1,2,0
13652,2010-12,1,308.8,112,-9,0
13652,2011-03,1,329.44,178,-6,0
13652,2011-10,1,456.84000000000003,288,1,0
13654,2011-03,1,312.93,332,-6,0
13654,2011-04,1,485.31,201,-5,0
13654,2011-05,1,374.59999999999997,276,-4,0
13654,2011-07,1,541.4300000000001,723,-2,0
13654,2011-10,2,993.0600000000001,650,1,C
13655,2011-04,1,383.65,115,-5,0
13655,2011-08,1,549.32,490,-1,0
13656,2011-01,1,162.70000000000002,113,-8,0
13656,2011-06,1,216.95,377,-3,0
13657,2011-05,1,152.34,132,-4,0
13657,2011-11,1,229.8,77,2,0
13658,2011-05,1,933.3,300,-4,0
13658,2011-09,2,1163.47,511,0,C
13658,2011-11,2,542.4,208,2,C
13659,2011-01,1,1035.2,560,-8,0
13659,2011-05,1,527.8,322,-4,0
13662,2011-03,1,227.70000000000002,175,-6,0
13662,2011-05,1,288.74,178,-4,0
13662,2011-09,1,364.82,180,0,0
13663,2011-06,1,189.47,91,-3,0
13666,2011-02,2,64.05,37,-7,C
13666,2011-10,1,20.6,4,1,0
13667,2011-07,1,299.05,149,-2,0
13668,2010-12,1,177.66,66,-9,0
13668,2011-01,1,208.56,67,-8,0
13668,2011-02,2,1362.8600000000001,977,-7,C
13668,2011-03,2,485.43,242,-6,C
13668,2011-04,3,718.74,435,-5,C
13668,2011-05,2,779.62,503,-4,C
13668,2011-06,2,487.63,216,-3,C
13668,2011-07,2,249.36,87,-2,C
13668,2011-08,1,431.11,345,-1,0
13668,2011-10,1,188.94,97,1,0
13668,2011-11,3,886.9,513,2,C
13668,2011-12,1,333.02,174,3,0
13669,2011-07,1,48.150000000000006,13,-2,0
13669,2011-10,1,170.39999999999998,224,1,0
13670,2011-09,1,349.7,282,0,0
13672,2011-01,1,62.13,19,-8,0
13672,2011-02,1,124.26,38,-7,0
13673,2011-11,2,387.44,114,2,C
13675,2011-02,1,308.44,204,-7,0
13675,2011-07,1,178.38000000000002,126,-2,0
13678,2011-07,1,232.6,924,-2,0
13680,2011-01,2,2391.59,1195,-8,C
13680,2011-10,1,692.45,417,1,0
13680,2011-12,1,635.08,322,3,0
13681,2011-07,1,203.46,96,-2,0
13681,2011-10,1,327.62,152,1,0
13681,2011-11,2,296.75,112,2,C
13682,2011-06,1,59.5,10,-3,0
13684,2011-02,1,65.13,38,-7,0
13685,2011-10,3,1934.45,4441,1,C
13685,2011-12,4,1184.99,615,3,C
13686,2011-06,1,72.0,70,-3,0
13689,2011-10,1,910.0,512,1,0
13690,2011-10,1,172.25,67,1,0
13692,2011-04,1,856.63,734,-5,0
13692,2011-05,1,14.95,1,-4,0
13692,2011-11,1,616.74,491,2,0
13694,2010-12,2,2897.04,3860,-9,C
13694,2011-01,3,4131.98,3310,-8,C
13694,2011-02,5,3741.14,4782,-7,C
13694,2011-03,3,8089.22,7462,-6,C
13694,2011-04,6,2948.29,3943,-5,C
13694,2011-05,7,6391.68,3670,-4,C
13694,2011-06,3,6060.47,11487,-3,C
13694,2011-07,3,1943.43,2513,-2,C
13694,2011-08,7,9708.39,7803,-1,C
13694,2011-09,3,5615.42,3330,0,C
13694,2011-10,3,5542.18,5522,1,C
13694,2011-11,2,4839.22,3190,2,C
13694,2011-12,3,3131.16,2440,3,C
13695,2011-03,1,83.14,46,-6,0
13695,2011-04,2,147.74,122,-5,C
13695,2011-05,1,54.6,20,-4,0
13695,2011-06,2,464.06,266,-3,C
13695,2011-07,2,234.96,142,-2,C
13695,2011-08,3,401.03,318,-1,C
13695,2011-09,2,711.42,489,0,C
13695,2011-10,1,110.4,32,1,0
13695,2011-11,1,296.78000000000003,168,2,0
13697,2011-11,1,151.29999999999998,177,2,0
13699,2011-07,1,308.58000000000004,66,-2,0
13700,2011-01,2,139.52,251,-8,C
13700,2011-03,1,301.04,333,-6,0
13700,2011-04,2,486.61,514,-5,C
13700,2011-06,1,302.14,438,-3,0
13700,2011-09,2,405.46,459,0,C
13700,2011-10,1,305.76,148,1,0
13700,2011-11,1,308.1,138,2,0
13703,2011-01,1,99.5,10,-8,0
13704,2011-09,5,1289.4,1028,0,C
13704,2011-10,2,616.62,311,1,C
13704,2011-11,1,237.35999999999999,102,2,0
13704,2011-12,1,164.68,90,3,0
13705,2010-12,1,318.14,103,-9,0
13705,2011-07,1,204.54,134,-2,0
13705,2011-12,1,189.18,126,3,0
13706,2011-02,1,330.79,189,-7,0
13707,2011-01,1,583.41,231,-8,0
13707,2011-03,1,223.0,120,-6,0
13708,2011-03,1,285.33,301,-6,0
13709,2011-01,1,454.3,295,-8,0
13709,2011-06,2,1064.38,627,-3,C
13709,2011-08,2,1400.13,968,-1,C
13709,2011-10,3,1776.26,949,1,C
13709,2011-11,3,1084.27,444,2,C
13709,2011-12,2,528.3100000000001,225,3,C
13710,2011-11,1,180.48,176,2,0
13711,2011-05,2,252.06,140,-4,C
13712,2011-04,1,228.84,352,-5,0
13715,2010-12,3,494.68,228,-9,C
13715,2011-01,1,445.22,239,-8,0
13715,2011-03,1,137.49,95,-6,0
13716,2011-03,1,138.28,138,-6,0
13717,2011-02,1,298.05,375,-7,0
13717,2011-04,1,272.54,318,-5,0
13717,2011-06,1,183.63,535,-3,0
13717,2011-08,1,201.77,339,-1,0
13717,2011-10,1,301.53999999999996,180,1,0
13717,2011-11,1,187.48,212,2,0
13718,2011-02,1,114.05000000000001,135,-7,0
13718,2011-04,1,192.5,38,-5,0
13719,2011-04,1,132.9,78,-5,0
13719,2011-05,1,205.84,108,-4,0
13719,2011-10,1,250.49,77,1,0
13719,2011-11,2,452.45,346,2,C
13720,2011-03,1,266.2,204,-6,0
13720,2011-04,1,165.9,46,-5,0
13720,2011-06,1,120.45,150,-3,0
13720,2011-08,1,247.35,101,-1,0
13721,2011-11,1,524.14,316,2,0
13722,2011-03,1,1463.47,958,-6,0
13722,2011-07,2,911.94,443,-2,C
13723,2011-05,1,199.85000000000002,43,-4,0
13725,2011-02,4,1451.93,483,-7,C
13725,2011-03,1,146.87,137,-6,0
13725,2011-04,1,152.79999999999998,76,-5,0
13725,2011-06,1,114.1,28,-3,0
13725,2011-10,1,114.86,82,1,0
13726,2011-08,1,292.68,384,-1,0
13726,2011-11,1,786.98,670,2,0
13727,2011-11,2,333.48,162,2,C
13728,2011-02,1,158.57999999999998,38,-7,0
13728,2011-03,1,183.0,92,-6,0
13728,2011-05,1,152.35,35,-4,0
13728,2011-07,1,141.15,99,-2,0
13728,2011-08,1,161.94,90,-1,0
13728,2011-11,1,219.12,104,2,0
13730,2011-07,2,752.6,488,-2,C
13731,2011-04,1,308.12,166,-5,0
13731,2011-05,1,302.47,112,-4,0
13732,2011-11,1,491.86,498,2,0
13735,2011-04,1,935.15,505,-5,0
13735,2011-06,1,474.54,214,-3,0
13735,2011-10,1,989.86,243,1,0
13735,2011-11,1,483.99,166,2,0
13736,2011-03,1,357.53,228,-6,0
13736,2011-12,1,372.27,268,3,0
13737,2011-05,1,339.59999999999997,125,-4,0
13739,2011-11,1,216.9,54,2,0
13740,2011-04,1,350.75,425,-5,0
13741,2011-05,1,162.96,76,-4,0
13741,2011-06,1,200.17000000000002,67,-3,0
13741,2011-09,1,305.3,75,0,0
13742,2011-01,1,456.98,272,-8,0
13742,2011-02,2,698.2,205,-7,C
13742,2011-04,1,172.72,109,-5,0
13742,2011-05,1,298.43,89,-4,0
13742,2011-06,5,1006.24,289,-3,C
13742,2011-09,1,142.9,30,0,0
13742,2011-11,1,332.4,121,2,0
13743,2011-03,1,141.72,156,-6,0
13743,2011-05,1,211.44,264,-4,0
13743,2011-07,1,275.76,360,-2,0
13743,2011-08,2,283.2,432,-1,C
13743,2011-09,1,153.72,204,0,0
13743,2011-12,1,275.76,360,3,0
13744,2011-02,1,817.3199999999999,899,-7,0
13744,2011-09,1,263.2,254,0,0
13745,2011-06,1,300.04,496,-3,0
13747,2010-12,1,79.6,8,-9,0
13748,2010-12,1,204.0,80,-9,0
13748,2011-04,2,376.85,143,-5,C
13748,2011-09,2,367.4,216,0,C
13750,2011-01,1,325.44,96,-8,0
13750,2011-02,1,363.36,144,-7,0
13750,2011-06,1,302.39,95,-3,0
13750,2011-07,1,325.44,96,-2,0
13750,2011-10,1,330.63,85,1,0
13751,2011-02,1,296.25,152,-7,0
13752,2011-04,1,277.6,224,-5,0
13752,2011-05,2,447.07,338,-4,C
13752,2011-06,1,166.86,147,-3,0
13752,2011-07,1,90.6,84,-2,0
13752,2011-08,1,193.25,81,-1,0
13753,2011-02,1,741.26,512,-7,0
13754,2011-01,1,156.0,82,-8,0
13754,2011-07,1,126.6,132,-2,0
13755,2011-10,3,885.46,697,1,C
13755,2011-11,5,1065.7,465,2,C
13755,2011-12,1,156.9,80,3,0
13756,2010-12,3,1004.4000000000001,444,-9,C
13756,2011-05,1,399.21000000000004,141,-4,0
13756,2011-06,1,308.2,426,-3,0
13756,2011-07,1,525.03,229,-2,0
13756,2011-08,1,321.5,398,-1,0
13756,2011-09,1,413.99,205,0,0
13756,2011-10,1,292.99,233,1,0
13756,2011-11,3,1077.8,700,2,C
13756,2011-12,2,846.4000000000001,412,3,C
13758,2010-12,2,718.85,401,-9,C
13758,2011-01,1,422.4,152,-8,0
13758,2011-04,1,316.90000000000003,108,-5,0
13758,2011-05,1,893.37,832,-4,0
13758,2011-11,2,839.03,351,2,C
13759,2011-09,1,560.4100000000001,267,0,0
13759,2011-11,1,99.0,20,2,0
13760,2011-03,1,135.09,96,-6,0
13760,2011-10,1,151.70000000000002,101,1,0
13761,2011-06,1,491.71000000000004,224,-3,0
13761,2011-10,1,578.9399999999999,418,1,0
13762,2011-05,1,306.72,272,-4,0
13763,2011-10,1,1714.96,728,1,0
13764,2011-01,1,499.89,282,-8,0
13764,2011-07,1,443.40000000000003,302,-2,0
13764,2011-09,1,576.13,342,0,0
13767,2010-12,6,2439.36,1028,-9,C
13767,2011-01,2,670.88,192,-8,C
13767,2011-02,3,1033.58,542,-7,C
13767,2011-04,6,1521.64,610,-5,C
13767,2011-05,5,1575.83,670,-4,C
13767,2011-06,2,687.5,186,-3,C
13767,2011-07,1,457.26,180,-2,0
13767,2011-08,3,1290.32,525,-1,C
13767,2011-09,5,3627.0000000000005,1536,0,C
13767,2011-10,1,380.31,129,1,0
13767,2011-11,2,2650.7000000000003,1306,2,C
13767,2011-12,1,885.98,418,3,0
13769,2010-12,1,322.3,122,-9,0
13769,2011-01,1,304.02,166,-8,0
13769,2011-03,1,300.75,133,-6,0
13769,2011-04,1,202.88,74,-5,0
13769,2011-05,1,318.06,118,-4,0
13769,2011-08,1,282.23,95,-1,0
13769,2011-09,2,446.38,148,0,C
13769,2011-11,1,301.97,159,2,0
13769,2011-12,1,317.92,148,3,0
13771,2011-04,1,871.6,594,-5,0
13771,2011-05,1,593.25,231,-4,0
13771,2011-10,2,1169.6,652,1,C
13772,2011-04,1,228.42,86,-5,0
13772,2011-09,1,454.55,222,0,0
13772,2011-11,1,439.66,232,2,0
13774,2011-09,1,345.0,192,0,0
13777,2010-12,10,6961.78,3618,-9,C
13777,2011-01,1,332.64,156,-8,0
13777,2011-02,3,768.74,422,-7,C
13777,2011-03,3,1260.3899999999999,648,-6,C
13777,2011-04,1,326.4,96,-5,0
13777,2011-05,1,266.7,150,-4,0
13777,2011-06,3,1846.47,627,-3,C
13777,2011-07,1,270.9,104,-2,0
13777,2011-08,1,326.22,138,-1,0
13777,2011-09,3,661.26,374,0,C
13777,2011-10,1,3953.35,1941,1,0
13777,2011-11,2,6485.56,3260,2,C
13777,2011-12,3,2516.75,1363,3,C
13778,2011-08,1,178.7,70,-1,0
13780,2011-06,1,116.28000000000002,173,-3,0
13780,2011-12,1,243.73000000000002,145,3,0
13781,2011-04,1,127.84,30,-5,0
13782,2011-01,1,191.94,108,-8,0
13782,2011-04,1,169.35999999999999,48,-5,0
13782,2011-08,1,123.49,28,-1,0
13782,2011-10,2,254.01,89,1,C
13782,2011-11,1,170.06,96,2,0
13784,2011-01,2,174.12,300,-8,C
13784,2011-02,1,155.51999999999998,432,-7,0
13784,2011-03,1,96.75,57,-6,0
13784,2011-05,1,346.08,556,-4,0
13784,2011-06,2,859.9200000000001,400,-3,C
13784,2011-08,1,336.24,88,-1,0
13784,2011-09,1,155.51999999999998,432,0,0
13784,2011-10,1,300.48,192,1,0
13784,2011-11,1,38.160000000000004,36,2,0
13786,2010-12,1,230.39999999999998,136,-9,0
13787,2010-12,1,106.4,56,-9,0
13787,2011-09,1,202.64000000000001,281,0,0
13790,2011-12,1,348.8,748,3,0
13791,2011-06,1,937.0,700,-3,0
13791,2011-08,1,579.0,500,-1,0
13792,2011-02,1,74.60000000000001,28,-7,0
13792,2011-10,1,120.95,64,1,0
13798,2010-12,2,4170.66,2580,-9,C
13798,2011-01,5,4775.78,2862,-8,C
13798,2011-02,4,2054.96,1330,-7,C
13798,2011-03,6,3453.44,2218,-6,C
13798,2011-04,6,3187.7200000000003,2410,-5,C
13798,2011-05,9,4649.96,2570,-4,C
13798,2011-06,4,2505.26,1486,-3,C
13798,2011-07,2,1235.6399999999999,668,-2,C
13798,2011-08,3,2032.82,1514,-1,C
13798,2011-09,4,2355.26,2090,0,C
13798,2011-10,4,2517.2200000000003,1564,1,C
13798,2011-11,5,2377.89,1354,2,C
13798,2011-12,3,1837.24,1302,3,C
13799,2011-02,1,341.7,186,-7,0
13799,2011-08,1,347.15999999999997,216,-1,0
13800,2011-02,1,558.32,331,-7,0
13801,2011-10,1,324.8,168,1,0
13802,2011-02,1,969.74,690,-7,0
13802,2011-03,1,2161.32,1104,-6,0
13802,2011-07,1,1468.3600000000001,778,-2,0
13803,2011-03,1,277.07,121,-6,0
13804,2011-02,1,723.63,417,-7,0
13804,2011-07,2,631.48,374,-2,C
13804,2011-09,2,880.47,488,0,C
13804,2011-11,2,352.81,183,2,C
13805,2011-08,1,500.24,728,-1,0
13805,2011-10,1,424.36,1172,1,0
13806,2011-10,1,256.38,56,1,0
13807,2010-12,1,112.6,36,-9,0
13808,2011-09,2,723.1,324,0,C
13808,2011-10,2,795.4,344,1,C
13808,2011-12,1,229.16,114,3,0
13809,2011-02,1,155.05,29,-7,0
13810,2011-10,2,1253.0,180,1,C
13810,2011-11,1,246.01,132,2,0
13811,2011-04,2,481.5,30,-5,C
13811,2011-06,1,333.0,38,-3,0
13812,2011-08,1,278.74,191,-1,0
13812,2011-10,2,260.26,142,1,C
13813,2011-07,1,385.14,177,-2,0
13813,2011-09,2,574.1800000000001,260,0,C
13813,2011-10,1,407.54,115,1,0
13814,2011-07,1,617.54,332,-2,0
13814,2011-09,1,961.58,532,0,0
13815,2011-01,1,1012.01,608,-8,0
13815,2011-06,1,1965.74,1357,-3,0
13815,2011-11,2,1049.61,595,2,C
13816,2011-10,1,371.69,178,1,0
13816,2011-11,1,199.98000000000002,91,2,0
13817,2010-12,1,128.7,63,-9,0
13817,2011-11,1,254.28,148,2,0
13819,2011-01,1,408.3,546,-8,0
13819,2011-02,2,732.05,563,-7,C
13821,2011-03,1,270.15,110,-6,0
13821,2011-07,1,115.49,43,-2,0
13822,2011-10,1,468.38,500,1,0
13822,2011-12,1,163.62,111,3,0
13823,2011-09,1,650.42,325,0,0
13823,2011-11,1,307.24,114,2,0
13824,2011-02,1,442.88,292,-7,0
13824,2011-04,1,659.3000000000001,202,-5,0
13824,2011-05,1,130.8,24,-4,0
13824,2011-07,1,196.86,142,-2,0
13824,2011-11,1,269.1,108,2,0
13826,2011-06,1,189.5,82,-3,0
13827,2011-07,2,300.76,95,-2,C
13827,2011-10,1,109.04,43,1,0
13828,2011-11,1,209.49,311,2,0
13831,2010-12,1,408.0,160,-9,0
13831,2011-05,2,685.4499999999999,233,-4,C
13831,2011-07,1,357.4,122,-2,0
13831,2011-09,1,340.2,104,0,0
13831,2011-11,1,407.4,124,2,0
13832,2011-11,1,52.199999999999996,28,2,0
13833,2011-07,1,383.85,117,-2,0
13835,2011-05,1,328.45,157,-4,0
13835,2011-07,1,208.89,134,-2,0
13835,2011-10,1,205.57,105,1,0
13835,2011-11,1,91.66,46,2,0
13837,2011-01,1,109.05,61,-8,0
13837,2011-05,1,157.54000000000002,121,-4,0
13838,2010-12,1,230.66,80,-9,0
13838,2011-08,2,236.88,84,-1,C
13838,2011-12,1,207.28,90,3,0
13841,2011-04,1,85.0,100,-5,0
13842,2010-12,1,310.57,163,-9,0
13842,2011-01,1,303.0,88,-8,0
13842,2011-02,1,293.96,122,-7,0
13842,2011-03,1,311.07,115,-6,0
13842,2011-04,1,308.73,99,-5,0
13842,2011-05,1,301.14,142,-4,0
13842,2011-07,1,336.8,164,-2,0
13842,2011-09,1,638.66,404,0,0
13842,2011-10,1,581.6899999999999,471,1,0
13844,2011-11,1,361.62,196,2,0
13845,2011-10,1,312.98,182,1,0
13846,2010-12,1,411.4,234,-9,0
13846,2011-04,1,252.53,111,-5,0
13846,2011-11,1,201.13,43,2,0
13848,2010-12,1,320.0,1000,-9,0
13848,2011-02,1,615.0,1700,-7,0
13848,2011-09,1,320.0,1000,0,0
13849,2011-06,1,593.5799999999999,332,-3,0
13849,2011-10,1,944.37,684,1,0
13850,2011-08,1,1595.48,944,-1,0
13851,2011-02,1,246.32,150,-7,0
13851,2011-08,1,1106.96,873,-1,0
13851,2011-09,1,1298.18,682,0,0
13853,2011-10,1,1090.14,312,1,0
13854,2010-12,2,609.4399999999999,280,-9,C
13854,2011-01,2,649.95,245,-8,C
13854,2011-02,3,1009.81,223,-7,C
13854,2011-03,3,927.18,194,-6,C
13854,2011-04,3,946.04,212,-5,C
13854,2011-05,3,1017.12,386,-4,C
13854,2011-07,2,663.3000000000001,162,-2,C
13854,2011-08,1,322.32,40,-1,0
13854,2011-09,2,626.2,138,0,C
13854,2011-10,1,316.76,52,1,0
13854,2011-11,2,719.12,160,2,C
13854,2011-12,1,302.28,204,3,0
13856,2011-05,1,94.39999999999999,104,-4,0
13856,2011-06,2,294.1,390,-3,C
13858,2011-10,1,216.17,75,1,0
13859,2011-01,1,201.16,129,-8,0
13860,2011-09,1,405.88,176,0,0
13860,2011-10,2,211.93,87,1,C
13860,2011-11,1,308.64,105,2,0
13860,2011-12,1,319.45,223,3,0
13862,2011-01,1,425.1,308,-8,0
13862,2011-02,1,253.75,169,-7,0
13862,2011-04,1,173.46,126,-5,0
13862,2011-06,1,300.2,206,-3,0
13862,2011-07,1,300.86,234,-2,0
13862,2011-08,1,327.93,234,-1,0
13862,2011-09,1,308.4,264,0,0
13862,2011-11,1,119.66,147,2,0
13863,2011-04,1,305.78,224,-5,0
13865,2011-02,1,123.30000000000001,42,-7,0
13865,2011-06,1,159.22,58,-3,0
13865,2011-07,1,100.82,54,-2,0
13865,2011-10,1,118.22,50,1,0
13866,2011-09,1,145.67000000000002,57,0,0
13867,2011-05,1,138.85,31,-4,0
13867,2011-09,1,443.79,285,0,0
13867,2011-11,1,422.45000000000005,185,2,0
13868,2011-11,1,507.54,464,2,0
13868,2011-12,1,2685.0,1500,3,0
13869,2010-12,1,323.62,156,-9,0
13869,2011-01,1,562.39,257,-8,0
13869,2011-03,1,687.15,311,-6,0
13869,2011-08,1,1510.49,985,-1,0
13870,2011-02,1,544.03,384,-7,0
13870,2011-06,2,353.97,159,-3,C
13870,2011-07,1,469.31000000000006,175,-2,0
13870,2011-08,1,812.16,340,-1,0
13870,2011-10,2,438.72,210,1,C
13870,2011-12,1,152.75,57,3,0
13871,2011-02,1,456.05,217,-7,0
13871,2011-03,2,798.85,331,-6,C
13871,2011-04,1,509.34000000000003,226,-5,0
13871,2011-05,1,631.49,278,-4,0
13871,2011-06,1,615.09,257,-3,0
13871,2011-07,1,633.07,286,-2,0
13871,2011-08,1,430.35,151,-1,0
13871,2011-09,1,538.4,204,0,0
13871,2011-10,3,1257.85,590,1,C
13871,2011-11,1,532.76,266,2,0
13873,2011-02,1,121.45,29,-7,0
13873,2011-05,1,108.95,37,-4,0
13873,2011-08,1,159.20000000000002,74,-1,0
13874,2010-12,1,540.45,180,-9,0
13875,2011-02,1,340.65,302,-7,0
13875,2011-03,1,343.03000000000003,168,-6,0
13875,2011-06,1,384.2,284,-3,0
13875,2011-07,1,356.92,251,-2,0
13875,2011-10,1,361.99,311,1,0
13876,2011-10,1,122.7,36,1,0
13877,2011-09,1,117.24,108,0,0
13878,2011-10,1,1271.57,463,1,0
13880,2010-12,1,97.8,54,-9,0
13880,2011-02,1,210.2,112,-7,0
13880,2011-03,1,200.10000000000002,94,-6,0
13880,2011-04,1,291.63,193,-5,0
13880,2011-05,1,226.9,142,-4,0
13880,2011-06,1,312.94,122,-3,0
13880,2011-07,2,341.19,135,-2,C
13880,2011-09,3,820.26,577,0,C
13880,2011-10,1,322.1,154,1,0
13880,2011-11,1,396.65,259,2,0
13881,2011-02,1,1025.34,706,-7,0
13881,2011-03,1,673.9,506,-6,0
13881,2011-04,1,309.88,322,-5,0
13881,2011-05,1,1560.3400000000001,1006,-4,0
13881,2011-06,3,1648.8700000000001,1059,-3,C
13881,2011-07,1,563.07,309,-2,0
13881,2011-08,1,1187.74,858,-1,0
13881,2011-09,3,2755.04,1274,0,C
13881,2011-10,2,2688.16,1214,1,C
13881,2011-11,5,4178.0599999999995,2528,2,C
13881,2011-12,1,569.12,336,3,0
13882,2011-10,2,683.31,467,1,C
13882,2011-11,2,314.74,162,2,C
13882,2011-12,1,193.08,324,3,0
13883,2011-03,1,980.41,457,-6,0
13883,2011-05,3,762.37,447,-4,C
13883,2011-11,1,931.7,532,2,0
13884,2011-03,3,196.25,65,-6,C
13884,2011-09,1,344.25,149,0,0
13884,2011-12,1,247.10000000000002,86,3,0
13885,2011-05,1,399.15,159,-4,0
13885,2011-06,1,107.65,23,-3,0
13886,2011-09,1,243.56,126,0,0
13887,2011-05,1,349.55,147,-4,0
13888,2011-05,1,229.56,74,-4,0
13888,2011-08,1,366.11,180,-1,0
13889,2011-09,1,416.90000000000003,146,0,0
13890,2010-12,1,190.35,93,-9,0
13890,2011-08,1,310.76,178,-1,0
13890,2011-10,1,103.85,31,1,0
13890,2011-11,4,762.65,303,2,C
13890,2011-12,3,516.2,226,3,C
13892,2011-04,1,54.519999999999996,140,-5,0
13892,2011-10,2,517.25,819,1,C
13892,2011-11,1,61.199999999999996,24,2,0
13893,2011-02,1,821.1,190,-7,0
13894,2011-02,1,160.85,105,-7,0
13894,2011-11,2,403.77000000000004,249,2,C
13895,2011-06,1,382.46000000000004,188,-3,0
13895,2011-07,1,554.84,248,-2,0
13895,2011-10,1,973.81,511,1,0
13895,2011-11,1,681.96,418,2,0
13897,2011-10,1,311.16,200,1,0
13898,2011-01,1,155.93,133,-8,0
13899,2011-03,1,298.5,122,-6,0
13899,2011-11,1,90.02,34,2,0
13900,2011-03,1,357.58000000000004,154,-6,0
13900,2011-05,1,374.87,275,-4,0
13900,2011-06,1,8.5,1,-3,0
13901,2011-01,1,214.4,64,-8,0
13901,2011-03,1,433.9,244,-6,0
13901,2011-07,1,1561.0900000000001,856,-2,0
13901,2011-08,1,442.89,383,-1,0
13901,2011-09,1,214.92000000000002,192,0,0
13904,2011-02,1,201.12,223,-7,0
13904,2011-11,1,131.52,109,2,0
13908,2011-03,1,496.0,349,-6,0
13908,2011-05,1,335.11,209,-4,0
13908,2011-08,1,630.5,361,-1,0
13908,2011-09,1,907.94,559,0,0
13911,2011-02,2,559.27,405,-7,C
13911,2011-03,1,282.28000000000003,208,-6,0
13911,2011-04,1,247.95,105,-5,0
13911,2011-05,2,614.41,747,-4,C
13911,2011-07,2,733.72,724,-2,C
13911,2011-10,1,143.28,542,1,0
13914,2011-11,2,626.45,380,2,C
13917,2011-06,1,65.38,38,-3,0
13917,2011-10,1,206.66,190,1,0
13918,2011-03,1,198.2,100,-6,0
13918,2011-10,1,1014.64,1040,1,0
13919,2011-08,1,213.15,338,-1,0
13919,2011-10,1,171.66,136,1,0
13922,2010-12,1,172.25,93,-9,0
13923,2011-10,1,351.13,185,1,0
13924,2011-09,1,679.03,437,0,0
13924,2011-10,1,309.90000000000003,130,1,0
13924,2011-11,3,547.52,366,2,C
13924,2011-12,1,302.4,642,3,0
13925,2011-07,1,380.12,212,-2,0
13925,2011-08,1,115.92999999999999,55,-1,0
13925,2011-09,2,182.2,64,0,C
13926,2011-11,1,223.85000000000002,104,2,0
13927,2011-09,1,348.99,214,0,0
13928,2011-07,1,104.2,20,-2,0
13928,2011-08,1,121.25,67,-1,0
13928,2011-11,2,239.12,42,2,C
13929,2011-01,1,412.85,43,-8,0
13929,2011-06,1,429.79999999999995,100,-3,0
13930,2011-07,1,210.0,210,-2,0
13930,2011-10,1,127.33999999999999,64,1,0
13931,2011-03,1,378.21000000000004,211,-6,0
13931,2011-09,1,859.32,514,0,0
13932,2011-02,1,307.4,72,-7,0
13933,2011-07,1,300.99,113,-2,0
13933,2011-08,1,307.8,92,-1,0
13934,2011-03,1,922.1,390,-6,0
13936,2011-06,1,376.58,330,-3,0
13937,2011-06,1,158.85,123,-3,0
13938,2011-11,1,71.66,70,2,0
13939,2011-02,1,184.5,202,-7,0
13939,2011-08,1,205.71,455,-1,0
13939,2011-11,1,178.34,190,2,0
13940,2011-07,1,218.62,100,-2,0
13940,2011-08,1,172.44,140,-1,0
13940,2011-10,1,225.24,136,1,0
13940,2011-11,1,222.84,140,2,0
13941,2010-12,1,1095.12,644,-9,0
13941,2011-02,1,1023.84,336,-7,0
13941,2011-06,1,712.3,402,-3,0
13941,2011-09,1,1028.04,396,0,0
13941,2011-11,1,1253.66,586,2,0
13946,2011-03,1,209.85,95,-6,0
13946,2011-05,1,276.12,168,-4,0
13946,2011-09,1,75.6,180,0,0
13947,2011-10,1,90.6,44,1,0
13948,2010-12,1,102.0,40,-9,0
13949,2011-09,2,909.26,860,0,C
13949,2011-10,2,694.99,681,1,C
13949,2011-11,1,304.84000000000003,260,2,0
13949,2011-12,1,518.23,673,3,0
13950,2011-04,1,179.30999999999997,81,-5,0
13950,2011-09,1,144.35,69,0,0
13950,2011-11,2,421.4,173,2,C
13951,2011-02,1,212.56,140,-7,0
13951,2011-04,1,303.49,175,-5,0
13951,2011-06,1,158.4,144,-3,0
13952,2011-04,1,2042.761,886,-5,0
13952,2011-05,1,1208.31,545,-4,0
13953,2010-12,1,500.0,400,-9,0
13953,2011-03,1,500.0,400,-6,0
13953,2011-05,1,750.0,600,-4,0
13953,2011-06,1,500.0,400,-3,0
13953,2011-08,1,354.36,248,-1,0
13953,2011-10,1,500.0,400,1,0
13953,2011-12,1,411.32,276,3,0
13954,2011-09,1,227.41,49,0,0
13954,2011-12,1,212.51,101,3,0
13955,2011-02,1,205.1,110,-7,0
13955,2011-07,1,117.86,44,-2,0
13956,2011-03,1,118.02,56,-6,0
13956,2011-04,1,172.3,76,-5,0
13956,2011-07,1,385.75,249,-2,0
13956,2011-10,1,189.65,55,1,0
13956,2011-12,1,153.55,50,3,0
13959,2010-12,1,214.74,118,-9,0
13959,2011-03,1,122.7,80,-6,0
13959,2011-09,1,256.6,157,0,0
13960,2011-09,1,128.1,40,0,0
13960,2011-11,1,102.12,102,2,0
13962,2011-04,1,117.6,30,-5,0
13962,2011-11,1,51.95,57,2,0
13963,2010-12,1,151.3,54,-9,0
13963,2011-01,2,331.09,319,-8,C
13963,2011-02,1,182.15,87,-7,0
13967,2011-07,1,80.7,42,-2,0
13969,2010-12,1,317.59000000000003,133,-9,0
13969,2011-01,1,345.24,212,-8,0
13969,2011-03,1,145.55,69,-6,0
13969,2011-04,1,251.79,157,-5,0
13969,2011-05,2,443.01,270,-4,C
13969,2011-06,2,1041.02,494,-3,C
13969,2011-07,1,353.02,155,-2,0
13969,2011-08,2,986.01,480,-1,C
13969,2011-10,2,2101.78,1088,1,C
13969,2011-11,3,1897.26,829,2,C
13969,2011-12,2,1141.9,641,3,C
13971,2011-02,1,333.48,260,-7,0
13971,2011-03,1,309.34,238,-6,0
13971,2011-05,1,331.7,242,-4,0
13971,2011-06,1,306.46000000000004,132,-3,0
13971,2011-08,2,704.92,460,-1,C
13971,2011-10,1,371.66,278,1,0
13971,2011-11,1,400.70000000000005,234,2,0
13972,2011-05,1,145.9,42,-4,0
13972,2011-09,1,44.349999999999994,145,0,0
13973,2011-02,1,264.7,109,-7,0
13974,2011-10,1,413.59000000000003,249,1,0
13975,2011-03,1,671.16,446,-6,0
13975,2011-05,1,282.85,117,-4,0
13975,2011-07,1,151.76,74,-2,0
13975,2011-08,1,360.9,311,-1,0
13975,2011-11,2,994.57,749,2,C
13976,2011-05,1,357.98,154,-4,0
13978,2011-10,1,158.99,297,1,0
13978,2011-11,1,37.800000000000004,18,2,0
13979,2011-09,1,869.87,639,0,0
13980,2011-10,1,200.14,172,1,0
13982,2010-12,1,428.6,208,-9,0
13982,2011-01,1,475.2,304,-8,0
13982,2011-06,1,326.34,271,-3,0
13982,2011-10,1,641.67,353,1,0
13983,2010-12,1,329.36,220,-9,0
13983,2011-01,2,330.58,189,-8,C
13983,2011-02,1,290.0,2,-7,0
13983,2011-03,1,290.0,2,-6,0
13983,2011-04,1,305.43,261,-5,0
13983,2011-06,2,135.69,119,-3,C
13983,2011-09,1,382.48,180,0,0
13983,2011-10,2,411.01,138,1,C
13983,2011-11,1,128.88,72,2,0
13984,2010-12,1,154.8,120,-9,0
13984,2011-01,1,129.95,61,-8,0
13984,2011-04,1,432.48,408,-5,0
13984,2011-08,1,102.1,58,-1,0
13984,2011-11,1,101.18,32,2,0
13985,2011-03,1,393.0,190,-6,0
13985,2011-05,1,247.79999999999998,124,-4,0
13985,2011-06,1,524.5,244,-3,0
13985,2011-07,1,437.38,211,-2,0
13985,2011-08,3,1170.3600000000001,611,-1,C
13985,2011-09,1,1018.22,494,0,0
13985,2011-10,2,1171.02,632,1,C
13985,2011-11,4,1950.29,865,2,C
13985,2011-12,1,147.56,74,3,0
13986,2011-11,1,320.46,430,2,0
13988,2011-03,1,631.06,426,-6,0
13988,2011-05,1,725.02,343,-4,0
13988,2011-06,1,567.42,521,-3,0
13988,2011-09,1,1261.81,1076,0,0
13988,2011-10,1,500.21000000000004,286,1,0
13988,2011-11,1,462.44,392,2,0
13989,2011-04,1,896.6700000000001,869,-5,0
13989,2011-10,1,369.40999999999997,444,1,0
13990,2011-05,1,311.3,190,-4,0
13991,2011-07,1,126.35,83,-2,0
13991,2011-09,1,210.85,263,0,0
13991,2011-10,1,199.95999999999998,300,1,0
13991,2011-11,3,315.71999999999997,349,2,C
13992,2011-11,1,76.8,64,2,0
13993,2011-01,1,323.15000000000003,120,-8,0
13993,2011-02,1,499.70000000000005,98,-7,0
13993,2011-04,1,278.22,114,-5,0
13993,2011-05,1,391.75,73,-4,0
13993,2011-07,1,535.59,199,-2,0
13993,2011-08,1,219.0,49,-1,0
13993,2011-09,1,384.9,90,0,0
13993,2011-10,2,834.05,157,1,C
13994,2011-07,1,288.57,96,-2,0
13994,2011-08,1,130.99,37,-1,0
13994,2011-09,1,361.07,179,0,0
13994,2011-10,2,1377.41,594,1,C
13994,2011-12,1,116.10000000000001,26,3,0
13995,2011-04,1,310.45,183,-5,0
13995,2011-07,1,408.25,341,-2,0
13995,2011-08,1,153.2,84,-1,0
13995,2011-10,1,306.03,173,1,0
13995,2011-11,1,215.76,98,2,0
13999,2010-12,1,302.1,265,-9,0
13999,2011-01,1,307.6,160,-8,0
13999,2011-03,1,301.48,214,-6,0
13999,2011-05,1,335.64,262,-4,0
13999,2011-06,1,315.05,135,-3,0
13999,2011-07,2,665.73,333,-2,C
13999,2011-08,1,334.34,222,-1,0
13999,2011-09,1,307.03000000000003,142,0,0
13999,2011-10,1,308.44,142,1,0
13999,2011-11,2,724.4,368,2,C
14000,2011-05,1,635.66,710,-4,0
14001,2010-12,1,301.24,94,-9,0
14001,2011-04,1,1007.9,538,-5,0
14001,2011-10,1,733.94,330,1,0
14002,2011-07,2,529.73,877,-2,C
14004,2011-02,1,900.02,382,-7,0
14004,2011-06,1,580.34,356,-3,0
14004,2011-08,2,1481.9,894,-1,C
14004,2011-09,2,807.23,541,0,C
14004,2011-10,1,813.15,495,1,0
14005,2011-05,1,187.16,240,-4,0
14005,2011-06,1,144.3,270,-3,0
14005,2011-07,1,365.1,354,-2,0
14005,2011-09,1,281.12,228,0,0
14005,2011-11,1,1897.04,1386,2,0
14006,2011-01,1,304.44,236,-8,0
14006,2011-04,1,357.65,211,-5,0
14006,2011-08,1,300.1,194,-1,0
14009,2011-05,2,695.61,365,-4,C
14012,2011-03,1,328.8,160,-6,0
14013,2011-03,1,118.5,90,-6,0
14013,2011-07,1,155.3,114,-2,0
14013,2011-08,1,199.22,258,-1,0
14014,2011-09,1,505.18,1076,0,0
14015,2011-10,1,917.34,378,1,0
14016,2010-12,1,753.74,374,-9,0
14016,2011-03,1,1477.56,511,-6,0
14016,2011-05,1,1133.33,543,-4,0
14016,2011-07,1,976.58,697,-2,0
14019,2011-07,1,384.29,233,-2,0
14019,2011-09,1,416.24,320,0,0
14019,2011-10,1,621.0799999999999,484,1,0
14020,2011-09,1,331.14,180,0,0
14020,2011-11,1,311.66,261,2,0
14021,2011-03,1,198.89999999999998,54,-6,0
14021,2011-05,1,302.8,98,-4,0
14021,2011-07,1,130.2,40,-2,0
14022,2011-04,1,440.0,487,-5,0
14023,2011-04,1,273.14,162,-5,0
14023,2011-12,1,310.93,183,3,0
14024,2011-08,2,327.7,150,-1,C
14027,2011-10,1,104.82,62,1,0
14029,2011-07,1,165.20000000000002,24,-2,0
14029,2011-10,1,302.46,174,1,0
14030,2010-12,2,676.5,97,-9,C
14030,2011-02,1,307.23,225,-7,0
14030,2011-04,2,451.29,328,-5,C
14030,2011-08,1,222.48,210,-1,0
14030,2011-09,1,159.31,170,0,0
14030,2011-11,1,542.03,448,2,0
14031,2010-12,3,2568.9500000000003,989,-9,C
14031,2011-01,2,1425.51,727,-8,C
14031,2011-03,2,1702.1299999999999,517,-6,C
14031,2011-04,2,975.4200000000001,440,-5,C
14031,2011-05,2,1232.55,353,-4,C
14031,2011-06,1,913.36,174,-3,0
14031,2011-08,1,809.11,388,-1,0
14031,2011-09,1,1592.1200000000001,690,0,0
14031,2011-10,3,3492.5,558,1,C
14031,2011-11,1,2068.09,806,2,0
14031,2011-12,1,507.12,146,3,0
14032,2010-12,2,619.42,389,-9,C
14032,2011-03,1,309.64,291,-6,0
14032,2011-04,1,303.34,230,-5,0
14032,2011-05,1,303.17,179,-4,0
14032,2011-06,1,309.8,236,-3,0
14032,2011-09,1,302.2,273,0,0
14032,2011-11,3,644.9,346,2,C
14032,2011-12,1,183.12,88,3,0
14034,2011-07,2,473.90999999999997,307,-2,C
14034,2011-11,1,174.98,113,2,0
14035,2011-02,1,301.6,168,-7,0
14035,2011-03,1,398.97999999999996,206,-6,0
14035,2011-08,1,136.68,73,-1,0
14035,2011-10,1,290.44,172,1,0
14035,2011-11,1,300.32,120,2,0
14036,2011-02,1,626.65,268,-7,0
14037,2010-12,1,111.8,34,-9,0
14037,2011-06,1,35.400000000000006,12,-3,0
14038,2011-05,1,716.32,501,-4,0
14038,2011-07,1,370.1,200,-2,0
14038,2011-09,1,473.96,264,0,0
14039,2011-11,1,152.2,92,2,0
14040,2011-01,3,914.05,336,-8,C
14040,2011-04,1,171.1,84,-5,0
14040,2011-05,1,353.33,149,-4,0
14040,2011-06,1,506.67999999999995,198,-3,0
14040,2011-07,1,151.95,93,-2,0
14040,2011-08,2,374.95,284,-1,C
14040,2011-09,1,262.40000000000003,142,0,0
14040,2011-10,2,825.86,258,1,C
14041,2011-03,1,141.41,94,-6,0
14044,2011-02,1,170.44,73,-7,0
14044,2011-07,1,169.79,69,-2,0
14044,2011-08,1,195.48,105,-1,0
14044,2011-11,1,110.71000000000001,57,2,0
14045,2010-12,1,326.4,128,-9,0
14045,2011-01,2,925.3499999999999,359,-8,C
14045,2011-08,1,408.0,48,-1,0
14046,2011-02,1,154.99,460,-7,0
14047,2010-12,1,286.92,108,-9,0
14047,2011-01,1,9.3,2,-8,0
14047,2011-05,1,339.7,100,-4,0
14047,2011-09,1,321.54,62,0,0
14047,2011-12,1,351.15,109,3,0
14048,2011-02,1,409.93,288,-7,0
14049,2011-01,1,1028.08,764,-8,0
14049,2011-05,1,1989.73,1251,-4,0
14049,2011-07,1,226.93,135,-2,0
14049,2011-11,1,2333.98,1658,2,0
14050,2011-08,1,485.98,447,-1,0
14050,2011-11,1,260.38,242,2,0
14051,2010-12,3,1828.16,592,-9,C
14051,2011-01,1,483.90000000000003,154,-8,0
14051,2011-02,2,814.3,150,-7,C
14051,2011-03,1,905.1,162,-6,0
14051,2011-04,2,1169.82,314,-5,C
14051,2011-05,2,632.2,228,-4,C
14051,2011-06,1,535.86,150,-3,0
14051,2011-07,2,1575.3,318,-2,C
14051,2011-08,1,742.8000000000001,128,-1,0
14051,2011-09,1,584.4,91,0,0
14051,2011-10,3,2691.4500000000003,571,1,C
14051,2011-11,2,1683.9,376,2,C
14051,2011-12,2,1963.2,522,3,C
14052,2011-11,1,225.36,89,2,0
14053,2011-07,1,154.25,115,-2,0
14053,2011-08,1,106.0,100,-1,0
14054,2011-10,1,92.46,62,1,0
14055,2011-08,1,725.6400000000001,216,-1,0
14056,2011-02,1,582.37,366,-7,0
14056,2011-03,4,934.56,609,-6,C
14056,2011-04,1,321.83,217,-5,0
14056,2011-05,4,1421.73,663,-4,C
14056,2011-06,1,393.34000000000003,187,-3,0
14056,2011-07,2,993.06,478,-2,C
14056,2011-08,4,687.08,344,-1,C
14056,2011-09,1,254.06,120,0,0
14056,2011-10,2,1139.01,536,1,C
14056,2011-11,2,1000.65,542,2,C
14056,2011-12,1,425.02,190,3,0
14057,2010-12,2,925.92,971,-9,C
14057,2011-02,1,617.48,490,-7,0
14057,2011-03,2,393.33,471,-6,C
14057,2011-04,2,391.03999999999996,356,-5,C
14057,2011-05,1,342.46,250,-4,0
14057,2011-06,1,482.6,309,-3,0
14057,2011-07,1,440.26,328,-2,0
14057,2011-08,3,1212.59,770,-1,C
14057,2011-09,1,331.56,252,0,0
14057,2011-10,2,435.26,186,1,C
14057,2011-11,1,639.16,490,2,0
14059,2011-03,1,183.6,128,-6,0
14060,2010-12,3,874.04,868,-9,C
14060,2011-01,2,654.76,747,-8,C
14060,2011-02,1,402.65999999999997,474,-7,0
14060,2011-03,1,140.0,80,-6,0
14060,2011-04,2,600.54,565,-5,C
14060,2011-05,1,285.1,214,-4,0
14060,2011-06,1,438.0,294,-3,0
14060,2011-07,1,189.58,118,-2,0
14060,2011-08,2,518.1,410,-1,C
14060,2011-09,2,1032.82,862,0,C
14060,2011-10,1,294.78,226,1,0
14060,2011-11,1,412.56000000000006,336,2,0
14060,2011-12,1,297.48,192,3,0
14062,2010-12,3,1444.1200000000001,842,-9,C
14062,2011-01,1,1652.27,1059,-8,0
14062,2011-04,2,1738.24,818,-5,C
14062,2011-06,1,360.03999999999996,160,-3,0
14062,2011-07,1,898.44,236,-2,0
14062,2011-08,1,1708.68,500,-1,0
14062,2011-09,2,1423.68,588,0,C
14062,2011-11,1,1239.38,1390,2,0
14064,2011-03,2,560.4999999999999,1073,-6,C
14064,2011-05,1,281.65999999999997,222,-4,0
14064,2011-08,1,254.87,217,-1,0
14064,2011-11,1,237.31,260,2,0
14066,2011-03,1,152.55,45,-6,0
14067,2011-09,1,224.67,216,0,0
14067,2011-10,1,150.03,145,1,0
14068,2011-01,1,265.85,73,-8,0
14071,2011-03,2,356.81,295,-6,C
14071,2011-10,2,433.66,196,1,C
14071,2011-11,2,492.52,375,2,C
14071,2011-12,2,154.58,128,3,C
14073,2011-11,1,151.04,130,2,0
14075,2011-03,1,307.92,270,-6,0
14075,2011-11,1,317.56,282,2,0
14075,2011-12,1,316.78,202,3,0
14076,2011-08,1,118.67,79,-1,0
14077,2011-03,1,117.11,63,-6,0
14077,2011-04,1,82.5,20,-5,0
14077,2011-06,1,110.78999999999999,65,-3,0
14077,2011-09,1,56.3,48,0,0
14077,2011-10,1,132.72,72,1,0
14078,2010-12,1,136.24,29,-9,0
14078,2011-02,1,170.04999999999998,34,-7,0
14078,2011-04,1,166.4,68,-5,0
14078,2011-05,1,111.28999999999999,33,-4,0
14078,2011-06,1,243.92999999999998,73,-3,0
14078,2011-08,1,221.46,73,-1,0
14079,2011-08,1,375.1,301,-1,0
14080,2011-11,1,45.599999999999994,48,2,0
14081,2010-12,1,423.52,252,-9,0
14081,2011-02,1,498.1,340,-7,0
14082,2010-12,1,182.25,110,-9,0
14083,2010-12,3,444.36,217,-9,C
14083,2011-03,1,14.399999999999999,120,-6,0
14083,2011-05,1,15.18,26,-4,0
14083,2011-07,1,41.6,8,-2,0
14083,2011-08,1,17.85,3,-1,0
14083,2011-12,2,469.51,331,3,C
14085,2010-12,3,1165.49,496,-9,C
14085,2011-01,2,553.45,480,-8,C
14085,2011-02,1,241.72,122,-7,0
14085,2011-03,3,513.0,393,-6,C
14085,2011-05,1,311.5,170,-4,0
14085,2011-06,1,147.95,320,-3,0
14085,2011-07,1,287.83,209,-2,0
14085,2011-10,2,290.54,252,1,C
14085,2011-11,1,278.82,239,2,0
14085,2011-12,3,630.99,496,3,C
14087,2011-12,1,191.47,250,3,0
14088,2011-01,1,7544.91,1927,-8,0
14088,2011-06,3,7843.09,1750,-3,C
14088,2011-07,2,9115.01,2635,-2,C
14088,2011-08,1,1004.88,762,-1,0
14088,2011-10,1,8132.31,1624,1,0
14088,2011-11,5,16851.61,3967,2,C
14089,2011-10,1,158.75,133,1,0
14090,2011-01,1,76.32000000000001,72,-8,0
14092,2010-12,2,601.73,245,-9,C
14092,2011-01,1,318.5,205,-8,0
14092,2011-03,1,238.20000000000002,100,-6,0
14092,2011-04,1,311.38,219,-5,0
14092,2011-05,1,327.66,130,-4,0
14092,2011-06,2,279.79,105,-3,C
14092,2011-07,1,360.54,258,-2,0
14092,2011-09,1,307.62,233,0,0
14092,2011-10,1,351.17,153,1,0
14092,2011-11,1,625.86,234,2,0
14092,2011-12,2,354.46,184,3,C
14093,2011-11,1,433.86,391,2,0
14096,2011-08,1,21.84,7,-1,0
14096,2011-09,5,9264.86,2344,0,C
14096,2011-10,6,19114.329999999998,4712,1,C
14096,2011-11,4,27827.78,7096,2,C
14096,2011-12,1,8935.98,2193,3,0
14098,2011-11,1,147.35,104,2,0
14099,2010-12,1,383.52,411,-9,0
14099,2011-01,1,234.62,146,-8,0
14099,2011-02,1,200.59,212,-7,0
14099,2011-03,1,244.13,236,-6,0
14099,2011-05,1,258.6,235,-4,0
14099,2011-06,1,403.81,191,-3,0
14099,2011-07,1,235.63,104,-2,0
14099,2011-08,1,349.02000000000004,191,-1,0
14099,2011-10,2,580.45,379,1,C
14099,2011-11,1,213.8,74,2,0
14100,2011-07,1,191.95000000000002,63,-2,0
14101,2011-01,1,751.5999999999999,664,-8,0
14101,2011-02,1,1092.43,1090,-7,0
14101,2011-03,1,1224.6,3620,-6,0
14101,2011-05,1,1090.76,476,-4,0
14101,2011-07,1,785.0,556,-2,0
14101,2011-09,1,1032.4,536,0,0
14102,2011-10,1,214.1,107,1,0
14102,2011-11,3,773.28,572,2,C
14102,2011-12,1,118.5,90,3,0
14104,2011-06,1,111.25999999999999,70,-3,0
14104,2011-07,1,104.95,2,-2,0
14105,2011-04,1,1266.23,800,-5,0
14107,2010-12,1,363.24,268,-9,0
14107,2011-02,1,257.85,211,-7,0
14107,2011-03,1,554.18,418,-6,0
14107,2011-05,1,299.81,179,-4,0
14107,2011-06,1,361.76,204,-3,0
14107,2011-09,1,625.1,326,0,0
14107,2011-10,1,241.29,187,1,0
14108,2011-08,1,291.33,209,-1,0
14108,2011-11,1,306.58,172,2,0
14109,2011-09,1,144.2,88,0,0
14110,2011-03,1,904.26,388,-6,0
14110,2011-05,1,797.26,402,-4,0
14110,2011-06,1,379.72,156,-3,0
14110,2011-07,1,317.40000000000003,134,-2,0
14110,2011-08,1,860.98,454,-1,0
14110,2011-09,2,905.99,333,0,C
14110,2011-10,2,825.0600000000001,366,1,C
14110,2011-11,2,367.04,116,2,C
14110,2011-12,1,325.44,96,3,0
14111,2011-04,1,94.2,148,-5,0
14111,2011-08,1,153.0,36,-1,0
14111,2011-09,1,48.3,18,0,0
14111,2011-11,1,397.35,256,2,0
14112,2011-03,1,617.1,384,-6,0
14112,2011-05,2,535.4,288,-4,C
14112,2011-08,1,748.32,476,-1,0
14112,2011-10,2,803.23,415,1,C
14112,2011-11,1,211.10000000000002,88,2,0
14113,2010-12,1,433.5,102,-9,0
14113,2011-09,1,492.88000000000005,224,0,0
14113,2011-11,1,442.14,188,2,0
14113,2011-12,1,471.9,231,3,0
14114,2011-01,1,195.13,89,-8,0
14114,2011-03,1,191.39999999999998,12,-6,0
14116,2011-08,1,319.97,162,-1,0
14116,2011-09,1,308.9,218,0,0
14116,2011-10,1,327.45,151,1,0
14116,2011-11,2,426.42,176,2,C
14117,2011-07,1,90.0,72,-2,0
14121,2011-10,1,233.1,234,1,0
14121,2011-11,2,1775.89,1154,2,C
14121,2011-12,1,771.16,694,3,0
14124,2011-09,1,419.58000000000004,1618,0,0
14125,2011-09,1,1295.43,972,0,0
14125,2011-11,2,1425.2,656,2,C
14126,2011-11,2,643.6300000000001,458,2,C
14126,2011-12,1,62.5,50,3,0
14127,2011-02,1,314.63,161,-7,0
14127,2011-03,1,137.6,36,-6,0
14127,2011-08,1,257.48,124,-1,0
14128,2011-03,1,305.54,269,-6,0
14128,2011-10,1,331.96,295,1,0
14129,2011-03,1,358.90000000000003,164,-6,0
14129,2011-09,2,367.33,191,0,C
14129,2011-11,1,245.05,151,2,0
14129,2011-12,1,152.57999999999998,86,3,0
14130,2011-01,1,480.91,257,-8,0
14132,2011-06,2,607.92,578,-3,C
14132,2011-07,1,304.5,406,-2,0
14132,2011-08,2,640.04,436,-1,C
14132,2011-09,1,347.74,266,0,0
14132,2011-10,1,419.53999999999996,363,1,0
14132,2011-11,3,951.16,1004,2,C
14132,2011-12,1,315.13,315,3,0
14133,2011-01,1,318.0,152,-8,0
14133,2011-08,2,287.64,196,-1,C
14135,2010-12,4,947.0500000000001,857,-9,C
14135,2011-01,3,864.86,1190,-8,C
14135,2011-05,1,309.35,468,-4,0
14135,2011-06,1,320.2,232,-3,0
14135,2011-08,1,748.86,617,-1,0
14135,2011-09,1,324.0,80,0,0
14135,2011-11,2,733.09,229,2,C
14135,2011-12,2,442.9,177,3,C
14138,2011-10,1,621.71,449,1,0
14138,2011-12,1,344.17,151,3,0
14139,2011-10,1,415.82,510,1,0
14140,2011-11,1,540.99,517,2,0
14140,2011-12,1,394.06,294,3,0
14141,2011-08,1,285.16,140,-1,0
14141,2011-09,1,204.15,81,0,0
14141,2011-10,1,199.47000000000003,57,1,0
14141,2011-12,1,226.35000000000002,77,3,0
14142,2010-12,1,311.81,313,-9,0
14143,2011-07,1,115.8,30,-2,0
14145,2011-05,1,1128.6,228,-4,0
14145,2011-07,2,1722.6,348,-2,C
14145,2011-10,1,891.0,180,1,0
14146,2010-12,1,1241.43,551,-9,0
14146,2011-03,1,662.3,260,-6,0
14146,2011-09,2,1062.11,966,0,C
14146,2011-12,1,1225.16,660,3,0
14147,2011-02,1,182.8,40,-7,0
14147,2011-09,1,300.6,68,0,0
14148,2011-04,1,157.2,16,-5,0
14149,2011-05,1,446.62,218,-4,0
14150,2010-12,1,306.18,262,-9,0
14150,2011-11,1,352.46000000000004,234,2,0
14152,2011-04,1,314.51,369,-5,0
14152,2011-09,1,306.78000000000003,342,0,0
14154,2011-04,2,1345.62,465,-5,C
14155,2011-03,1,118.75,25,-6,0
14156,2010-12,1,322.2,1548,-9,0
14156,2011-01,1,16774.72,6198,-8,0
14156,2011-02,5,8640.33,4267,-7,C
14156,2011-03,6,9744.619999999999,4420,-6,C
14156,2011-04,3,2998.1800000000003,1547,-5,C
14156,2011-05,2,5412.18,2220,-4,C
14156,2011-06,7,9757.79,6416,-3,C
14156,2011-07,5,26464.989999999998,11665,-2,C
14156,2011-08,5,4862.34,2301,-1,C
14156,2011-09,8,19578.52,10854,0,C
14156,2011-10,7,5901.53,2669,1,C
14156,2011-11,5,6752.68,3663,2,C
14157,2011-02,1,269.18,186,-7,0
14157,2011-11,1,155.71,85,2,0
14158,2011-10,1,507.66,781,1,0
14159,2010-12,1,189.92,112,-9,0
14159,2011-03,1,455.28000000000003,395,-6,0
14159,2011-06,2,767.16,713,-3,C
14159,2011-07,2,747.98,696,-2,C
14159,2011-09,2,959.39,864,0,C
14159,2011-10,2,689.03,855,1,C
14159,2011-11,1,821.59,713,2,0
14161,2010-12,1,283.15,128,-9,0
14161,2011-03,1,263.04,140,-6,0
14161,2011-05,1,551.43,182,-4,0
14162,2011-02,1,177.68,110,-7,0
14162,2011-06,1,111.68,32,-3,0
14163,2011-04,1,411.87,153,-5,0
14163,2011-05,1,337.92,128,-4,0
14163,2011-07,1,909.6,308,-2,0
14163,2011-09,1,786.52,304,0,0
14164,2011-09,2,1631.77,1033,0,C
14165,2011-03,1,120.44,53,-6,0
14167,2011-01,1,148.35,39,-8,0
14167,2011-03,1,110.65,33,-6,0
14167,2011-06,1,130.85,31,-3,0
14167,2011-10,1,172.74,44,1,0
14171,2011-09,1,363.79,167,0,0
14173,2011-05,1,114.04,40,-4,0
14173,2011-10,1,129.77,31,1,0
14173,2011-11,2,207.03,79,2,C
14174,2011-11,1,134.46,94,2,0
14175,2011-01,1,322.58,146,-8,0
14175,2011-06,1,883.41,480,-3,0
14175,2011-10,1,2016.31,889,1,0
14176,2010-12,1,159.55,61,-9,0
14176,2011-01,1,121.20000000000002,48,-8,0
14176,2011-02,2,296.15000000000003,100,-7,C
14177,2011-06,1,108.13,38,-3,0
14177,2011-09,3,441.33,166,0,C
14178,2011-06,1,197.37,161,-3,0
14178,2011-07,1,99.45,112,-2,0
14178,2011-09,1,180.47000000000003,114,0,0
14178,2011-10,2,457.64,368,1,C
14178,2011-11,1,246.86,232,2,0
14178,2011-12,1,418.47,507,3,0
14179,2011-10,2,701.57,319,1,C
14180,2010-12,4,896.25,147,-9,C
14180,2011-01,2,560.1,74,-8,C
14180,2011-02,3,397.17,47,-7,C
14180,2011-03,3,854.3,115,-6,C
14180,2011-04,1,187.75,37,-5,0
14180,2011-05,2,388.9,64,-4,C
14180,2011-06,2,317.7,58,-3,C
14180,2011-07,2,198.55,27,-2,C
14180,2011-08,2,309.4,50,-1,C
14180,2011-09,1,148.8,16,0,0
14180,2011-10,1,149.7,26,1,0
14180,2011-11,2,339.9,58,2,C
14184,2011-10,1,452.89,127,1,0
14185,2011-01,1,197.65,6,-8,0
14188,2011-02,1,398.0,223,-7,0
14188,2011-05,1,362.9,190,-4,0
14188,2011-07,1,329.46000000000004,185,-2,0
14188,2011-08,1,293.1,185,-1,0
14188,2011-09,1,334.5,201,0,0
14188,2011-11,1,336.40000000000003,178,2,0
14189,2010-12,1,311.24,254,-9,0
14189,2011-01,2,639.54,646,-8,C
14189,2011-02,1,214.71,121,-7,0
14189,2011-03,1,314.1,224,-6,0
14189,2011-04,1,318.78000000000003,226,-5,0
14189,2011-05,2,357.7,398,-4,C
14189,2011-07,1,321.46,236,-2,0
14189,2011-08,1,429.43,345,-1,0
14189,2011-09,1,360.96,270,0,0
14189,2011-10,1,467.5,446,1,0
14189,2011-11,2,617.1,449,2,C
14189,2011-12,1,301.56,322,3,0
14191,2011-05,2,429.1,309,-4,C
14191,2011-06,2,676.5,294,-3,C
14191,2011-07,1,417.94,308,-2,0
14191,2011-08,2,734.72,477,-1,C
14191,2011-09,1,267.03,187,0,0
14191,2011-10,1,329.97,279,1,0
14191,2011-11,3,1403.3799999999999,1332,2,C
14191,2011-12,1,426.12,476,3,0
14193,2011-03,1,422.53999999999996,250,-6,0
14193,2011-10,1,430.85,195,1,0
14194,2011-02,1,516.95,217,-7,0
14194,2011-03,2,1062.47,653,-6,C
14194,2011-05,4,1828.45,872,-4,C
14194,2011-06,2,561.29,225,-3,C
14194,2011-07,1,558.49,193,-2,0
14194,2011-08,2,1138.8,1083,-1,C
14194,2011-09,2,1309.51,526,0,C
14194,2011-10,4,1744.0,762,1,C
14194,2011-11,2,2145.46,1085,2,C
14194,2011-12,1,484.1,224,3,0
14195,2011-04,1,828.4,736,-5,0
14195,2011-05,1,183.60000000000002,24,-4,0
14196,2011-08,1,335.52,142,-1,0
14198,2011-04,1,183.3,104,-5,0
14198,2011-07,1,173.65,63,-2,0
14198,2011-09,1,171.85000000000002,79,0,0
14198,2011-11,1,172.6,44,2,0
14199,2011-05,1,185.39999999999998,28,-4,0
14201,2010-12,1,67.24000000000001,132,-9,0
14201,2011-04,1,109.04,68,-5,0
14201,2011-05,1,187.98000000000002,74,-4,0
14201,2011-06,1,46.839999999999996,28,-3,0
14201,2011-07,1,110.14,58,-2,0
14201,2011-09,1,105.9,82,0,0
14201,2011-10,1,120.3,148,1,0
14204,2011-12,1,150.61,72,3,0
14205,2011-03,1,222.9,126,-6,0
14205,2011-11,1,243.8,78,2,0
14206,2011-04,1,328.15999999999997,276,-5,0
14208,2011-09,1,151.74,114,0,0
14209,2011-01,1,347.95,97,-8,0
14209,2011-03,1,420.6,84,-6,0
14209,2011-05,1,314.6,154,-4,0
14209,2011-07,1,438.5,138,-2,0
14209,2011-08,1,354.68,184,-1,0
14209,2011-11,1,197.10000000000002,34,2,0
14210,2010-12,1,304.95000000000005,93,-9,0
14210,2011-01,1,363.66,238,-8,0
14210,2011-02,1,308.78000000000003,102,-7,0
14210,2011-04,1,305.46000000000004,100,-5,0
14210,2011-05,1,316.8,108,-4,0
14210,2011-08,1,306.19,119,-1,0
14211,2011-02,2,465.1,324,-7,C
14211,2011-04,2,294.39,145,-5,C
14211,2011-05,1,150.4,28,-4,0
14211,2011-09,2,429.20000000000005,196,0,C
14211,2011-10,2,902.01,549,1,C
14212,2011-09,1,1070.48,1152,0,0
14214,2011-03,1,638.65,313,-6,0
14214,2011-06,1,183.56,305,-3,0
14214,2011-07,1,76.95,53,-2,0
14214,2011-10,1,55.42,32,1,0
14214,2011-11,1,49.800000000000004,48,2,0
14215,2010-12,1,166.0,104,-9,0
14215,2011-01,2,756.11,353,-8,C
14215,2011-06,1,176.16,132,-3,0
14215,2011-09,1,245.64,258,0,0
14215,2011-11,1,445.81,511,2,0
14216,2011-11,2,1252.74,452,2,C
14216,2011-12,2,586.5600000000001,142,3,C
14217,2010-12,1,118.3,26,-9,0
14217,2011-01,2,172.2,34,-8,C
14217,2011-02,1,88.3,12,-7,0
14217,2011-03,1,130.05,63,-6,0
14217,2011-04,1,112.8,24,-5,0
14217,2011-05,1,202.24,96,-4,0
14217,2011-06,1,165.36,58,-3,0
14217,2011-07,1,95.75,23,-2,0
14217,2011-09,3,384.67,103,0,C
14217,2011-10,2,195.47,51,1,C
14217,2011-11,2,245.36,171,2,C
14217,2011-12,1,94.47999999999999,28,3,0
14218,2011-10,1,169.48000000000002,160,1,0
14219,2011-12,1,89.94,78,3,0
14220,2010-12,1,312.98,134,-9,0
14220,2011-04,1,319.42,138,-5,0
14221,2011-01,1,312.95,169,-8,0
14221,2011-05,1,551.03,209,-4,0
14221,2011-06,2,789.85,470,-3,C
14221,2011-07,2,375.18,256,-2,C
14221,2011-08,1,588.0,442,-1,0
14221,2011-09,1,471.88,467,0,0
14221,2011-10,1,343.90999999999997,178,1,0
14222,2011-06,1,683.17,607,-3,0
14223,2011-03,1,304.9,130,-6,0
14223,2011-07,1,351.69,261,-2,0
14223,2011-09,1,334.54,194,0,0
14224,2011-01,1,244.3,99,-8,0
14224,2011-05,1,247.76999999999998,130,-4,0
14224,2011-07,1,368.18,162,-2,0
14224,2011-08,1,149.48,92,-1,0
14226,2011-03,1,965.9,698,-6,0
14226,2011-05,1,726.1,377,-4,0
14226,2011-09,1,185.77,87,0,0
14226,2011-11,2,337.02000000000004,134,2,C
14227,2011-02,1,736.7,385,-7,0
14227,2011-04,2,587.27,317,-5,C
14227,2011-05,4,1075.55,577,-4,C
14227,2011-09,2,632.38,354,0,C
14227,2011-11,1,319.06,187,2,0
14229,2011-01,1,456.97,195,-8,0
14229,2011-02,1,305.15999999999997,108,-7,0
14229,2011-10,1,785.0699999999999,307,1,0
14231,2011-02,1,308.95,117,-7,0
14231,2011-04,1,309.0,176,-5,0
14231,2011-06,1,307.76,116,-3,0
14232,2011-03,1,693.1800000000001,568,-6,0
14232,2011-06,1,310.79,241,-3,0
14232,2011-07,1,311.76,316,-2,0
14232,2011-08,1,257.59999999999997,378,-1,0
14232,2011-10,1,474.74,438,1,0
14233,2011-01,1,100.85000000000001,47,-8,0
14233,2011-02,1,530.1,266,-7,0
14233,2011-05,1,328.15000000000003,97,-4,0
14233,2011-10,1,503.62,270,1,0
14234,2011-10,2,431.0,610,1,C
14234,2011-11,2,323.12,341,2,C
14235,2011-03,1,850.3100000000001,576,-6,0
14235,2011-04,1,414.24,280,-5,0
14235,2011-07,2,1538.31,985,-2,C
14235,2011-09,1,342.0,118,0,0
14236,2010-12,1,189.3,38,-9,0
14236,2011-09,1,301.56,272,0,0
14237,2010-12,1,161.0,38,-9,0
14238,2011-01,1,146.85,111,-8,0
14239,2011-01,1,159.60000000000002,48,-8,0
14239,2011-02,1,205.38,150,-7,0
14239,2011-03,1,430.5,148,-6,0
14239,2011-04,1,144.95000000000002,53,-5,0
14239,2011-05,2,354.61,195,-4,C
14239,2011-08,1,120.5,60,-1,0
14239,2011-09,3,803.85,249,0,C
14239,2011-10,1,161.46,90,1,0
14240,2011-04,1,226.85,79,-5,0
14240,2011-11,1,663.49,339,2,0
14241,2011-06,1,213.70000000000002,146,-3,0
14242,2011-01,1,138.35,53,-8,0
14242,2011-04,1,142.2,70,-5,0
14243,2010-12,2,472.0,170,-9,C
14243,2011-01,1,328.4,150,-8,0
14243,2011-02,1,339.4,100,-7,0
14243,2011-04,1,373.27,237,-5,0
14243,2011-06,1,263.09,99,-3,0
14243,2011-07,1,214.62,110,-2,0
14243,2011-09,1,315.17,165,0,0
14243,2011-11,1,175.4,124,2,0
14243,2011-12,1,107.42,66,3,0
14245,2011-03,1,1005.1,631,-6,0
14245,2011-05,1,688.35,345,-4,0
14246,2011-04,1,449.64,216,-5,0
14246,2011-07,1,520.23,267,-2,0
14246,2011-08,1,504.19,321,-1,0
14247,2011-03,1,136.76999999999998,47,-6,0
14248,2011-01,1,302.58,102,-8,0
14250,2011-09,1,1228.83,866,0,0
14250,2011-12,2,675.22,334,3,C
14251,2011-10,1,1259.46,746,1,0
14251,2011-11,3,1137.96,704,2,C
14251,2011-12,1,482.28000000000003,224,3,0
14256,2010-12,1,523.86,302,-9,0
14256,2011-03,1,445.2,112,-6,0
14257,2011-01,1,620.14,424,-8,0
14257,2011-06,1,410.45,179,-3,0
14257,2011-07,1,306.33000000000004,107,-2,0
14257,2011-08,1,1388.92,628,-1,0
14257,2011-10,1,373.88,344,1,0
14258,2011-01,1,3120.2200000000003,1798,-8,0
14258,2011-02,1,1165.96,724,-7,0
14258,2011-03,1,982.08,184,-6,0
14258,2011-04,2,798.4,1296,-5,C
14258,2011-05,1,1541.16,636,-4,0
14258,2011-07,1,1778.5,782,-2,0
14258,2011-09,1,1912.06,744,0,0
14258,2011-11,1,1371.6,936,2,0
14259,2011-07,1,120.0,68,-2,0
14261,2011-09,1,943.75,387,0,0
14261,2011-10,1,219.7,19,1,0
14262,2011-04,1,240.0,196,-5,0
14262,2011-07,1,305.5,213,-2,0
14262,2011-08,1,309.5,184,-1,0
14262,2011-09,1,524.3,262,0,0
14262,2011-10,1,214.45,182,1,0
14262,2011-11,2,719.78,360,2,C
14262,2011-12,1,304.7,248,3,0
14264,2011-04,1,115.7,18,-5,0
14264,2011-07,1,218.27,52,-2,0
14265,2011-07,1,252.05,271,-2,0
14265,2011-08,1,278.13,59,-1,0
14267,2011-03,2,836.36,280,-6,C
14267,2011-06,1,679.88,250,-3,0
14270,2011-01,1,492.65000000000003,197,-8,0
14271,2011-04,1,112.32,88,-5,0
14272,2011-03,1,132.09,87,-6,0
14272,2011-09,1,305.87,512,0,0
14273,2011-04,1,112.8,54,-5,0
14273,2011-05,1,105.9,55,-4,0
14273,2011-07,1,231.35,87,-2,0
14273,2011-10,1,109.92,68,1,0
14276,2011-02,1,341.2,216,-7,0
14276,2011-06,1,379.2,296,-3,0
14276,2011-09,1,399.34,232,0,0
14277,2011-05,1,1629.03,855,-4,0
14277,2011-11,2,2558.97,1121,2,C
14280,2011-05,1,134.04,52,-4,0
14282,2010-12,1,571.0,300,-9,0
14282,2011-03,1,323.3,279,-6,0
14282,2011-04,1,107.28,128,-5,0
14282,2011-05,2,779.7,522,-4,C
14282,2011-06,2,442.3,353,-3,C
14282,2011-08,2,243.96,206,-1,C
14282,2011-09,1,301.3,328,0,0
14282,2011-11,3,574.9,350,2,C
14282,2011-12,2,357.7,190,3,C
14284,2011-09,1,252.1,70,0,0
14284,2011-11,1,343.15,91,2,0
14285,2011-06,1,5.9,2,-3,0
14285,2011-09,1,1247.53,293,0,0
14285,2011-11,2,656.58,246,2,C
14286,2011-04,1,2050.08,1998,-5,0
14286,2011-10,1,642.77,835,1,0
14286,2011-11,1,1935.9,1505,2,0
14287,2011-05,2,83.28,216,-4,C
14287,2011-12,1,93.35,45,3,0
14288,2011-05,1,426.6,188,-4,0
14289,2011-02,1,322.24,148,-7,0
14289,2011-04,1,147.3,40,-5,0
14289,2011-05,1,124.68,26,-4,0
14289,2011-06,1,129.3,38,-3,0
14289,2011-07,1,109.26,26,-2,0
14289,2011-12,1,78.48,14,3,0
14290,2010-12,1,777.5600000000001,220,-9,0
14290,2011-09,1,293.54,78,0,0
14290,2011-10,2,979.02,520,1,C
14290,2011-11,1,264.53000000000003,97,2,0
14291,2011-03,1,984.88,516,-6,0
14291,2011-05,2,628.58,358,-4,C
14291,2011-06,3,416.76,382,-3,C
14291,2011-08,1,325.32,222,-1,0
14291,2011-10,2,970.02,773,1,C
14291,2011-12,2,557.69,498,3,C
14292,2011-03,1,463.0,228,-6,0
14292,2011-05,1,662.21,235,-4,0
14292,2011-07,2,1465.0,362,-2,C
14292,2011-09,1,553.74,268,0,0
14292,2011-10,2,1314.66,374,1,C
14292,2011-12,2,413.32,196,3,C
14293,2010-12,1,364.92,172,-9,0
14293,2011-02,1,143.1,90,-7,0
14293,2011-07,1,231.39,165,-2,0
14293,2011-12,1,307.15000000000003,282,3,0
14295,2011-10,1,166.20000000000002,84,1,0
14297,2011-03,1,232.6,78,-6,0
14297,2011-10,2,492.35,329,1,C
14297,2011-11,1,580.38,458,2,0
14298,2010-12,5,4689.46,4976,-9,C
14298,2011-01,4,3153.1,3476,-8,C
14298,2011-02,5,3981.34,3882,-7,C
14298,2011-03,4,2522.6,1660,-6,C
14298,2011-04,7,9656.85,13662,-5,C
14298,2011-05,1,2805.2799999999997,4760,-4,0
14298,2011-06,5,4352.04,5364,-3,C
14298,2011-07,4,3832.29,4569,-2,C
14298,2011-08,1,598.88,474,-1,0
14298,2011-09,5,8645.62,8454,0,C
14298,2011-10,1,5355.68,5918,1,0
14298,2011-11,1,1296.56,788,2,0
14298,2011-12,1,637.6,360,3,0
14299,2010-12,1,429.24,92,-9,0
14299,2011-01,3,1136.7,250,-8,C
14299,2011-08,1,871.2,580,-1,0
14299,2011-09,1,406.35,260,0,0
14299,2011-10,1,307.06,230,1,0
14299,2011-11,1,525.55,497,2,0
14299,2011-12,1,289.52,240,3,0
14300,2011-11,1,43.2,32,2,0
14301,2011-08,1,640.14,606,-1,0
14304,2011-05,1,383.45,139,-4,0
14305,2011-07,1,1044.2,581,-2,0
14305,2011-08,1,4.25,1,-1,0
14305,2011-09,1,810.51,507,0,0
14306,2011-09,1,1702.94,917,0,0
14306,2011-10,1,390.38,158,1,0
14307,2010-12,1,783.11,558,-9,0
14307,2011-01,1,487.45000000000005,310,-8,0
14307,2011-05,1,424.42,311,-4,0
14307,2011-07,1,612.91,532,-2,0
14307,2011-09,2,687.83,347,0,C
14309,2010-12,1,147.75,103,-9,0
14309,2011-02,2,440.64,366,-7,C
14309,2011-04,1,347.49,155,-5,0
14309,2011-06,2,374.14,340,-3,C
14309,2011-09,1,323.68,236,0,0
14309,2011-11,1,328.96000000000004,180,2,0
14309,2011-12,1,389.87,253,3,0
14311,2011-04,1,310.26,146,-5,0
14312,2011-01,1,309.55,71,-8,0
14312,2011-02,1,126.82,78,-7,0
14312,2011-03,1,157.65,91,-6,0
14312,2011-06,1,260.57,145,-3,0
14312,2011-09,1,192.6,95,0,0
14312,2011-10,1,564.4,532,1,0
14314,2011-08,1,120.0,296,-1,0
14315,2011-03,1,530.4,256,-6,0
14315,2011-06,1,325.8,128,-3,0
14315,2011-07,2,673.15,295,-2,C
14315,2011-08,1,20.8,10,-1,0
14315,2011-10,1,930.98,332,1,0
14317,2011-10,1,508.58000000000004,255,1,0
14320,2011-01,1,352.51,235,-8,0
14320,2011-05,1,125.28,90,-4,0
14321,2011-01,1,326.82,645,-8,0
14321,2011-06,1,300.11,509,-3,0
14321,2011-08,1,273.72,362,-1,0
14321,2011-09,1,329.94,522,0,0
14321,2011-11,1,300.16,368,2,0
14323,2011-04,1,299.82,222,-5,0
14323,2011-08,1,305.24,128,-1,0
14326,2011-04,1,183.85,103,-5,0
14327,2011-06,1,311.65,139,-3,0
14329,2011-01,1,1547.58,740,-8,0
14329,2011-03,1,578.02,380,-6,0
14329,2011-06,1,960.08,803,-3,0
14329,2011-08,1,399.35,261,-1,0
14329,2011-10,1,1121.76,566,1,0
14329,2011-11,2,368.45,337,2,C
14331,2011-07,1,383.66,236,-2,0
14331,2011-08,1,79.0,16,-1,0
14332,2011-07,1,119.04,48,-2,0
14332,2011-10,1,440.2,224,1,0
14332,2011-11,1,280.97,191,2,0
14333,2011-10,1,415.2,58,1,0
14334,2010-12,1,320.15,225,-9,0
14334,2011-01,1,352.42,318,-8,0
14334,2011-03,1,366.53,249,-6,0
14334,2011-04,1,268.68,178,-5,0
14334,2011-05,1,370.45,177,-4,0
14334,2011-08,1,335.28,280,-1,0
14334,2011-09,1,315.2,170,0,0
14334,2011-11,1,223.5,134,2,0
14335,2011-09,1,347.5,337,0,0
14335,2011-11,1,107.36,38,2,0
14336,2011-03,1,534.4200000000001,434,-6,0
14336,2011-05,2,579.97,555,-4,C
14336,2011-11,1,500.52000000000004,770,2,0
14338,2011-05,1,579.97,334,-4,0
14338,2011-07,1,8.25,1,-2,0
14339,2011-04,1,309.52,168,-5,0
14340,2011-05,1,134.7,58,-4,0
14341,2011-01,2,335.63,203,-8,C
14341,2011-05,2,367.52,215,-4,C
14341,2011-07,1,115.08,54,-2,0
14341,2011-08,1,321.29,237,-1,0
14341,2011-10,2,1027.46,688,1,C
14342,2011-05,1,309.6,102,-4,0
14342,2011-07,1,110.14,74,-2,0
14342,2011-11,2,248.82,171,2,C
14344,2010-12,3,355.65000000000003,127,-9,C
14344,2011-03,2,228.73000000000002,180,-6,C
14344,2011-05,1,61.5,26,-4,0
14344,2011-07,1,126.75,105,-2,0
14344,2011-08,1,117.3,39,-1,0
14345,2011-11,1,108.97999999999999,50,2,0
14346,2011-02,1,262.44,104,-7,0
14346,2011-08,1,759.14,501,-1,0
14348,2011-03,1,409.57,183,-6,0
14349,2011-11,1,133.5,86,2,0
14350,2011-03,1,282.93,183,-6,0
14351,2011-06,1,51.0,12,-3,0
14352,2011-03,1,231.3,94,-6,0
14352,2011-04,1,614.02,316,-5,0
14352,2011-07,2,233.64000000000001,128,-2,C
14353,2011-05,1,90.6,64,-4,0
14354,2011-11,1,87.78,90,2,0
14354,2011-12,1,75.84,120,3,0
14355,2010-12,1,174.4,92,-9,0
14356,2011-09,2,701.23,277,0,C
14357,2011-10,1,225.12,147,1,0
14359,2011-09,1,483.39,189,0,0
14359,2011-10,1,302.09000000000003,132,1,0
14359,2011-11,1,126.7,50,2,0
14360,2011-09,1,1124.49,733,0,0
14360,2011-10,2,782.59,267,1,C
14360,2011-11,1,210.95,139,2,0
14362,2011-11,1,151.5,96,2,0
14364,2011-05,2,1117.2,600,-4,C
14364,2011-06,4,1690.8,864,-3,C
14364,2011-07,1,558.25,319,-2,0
14364,2011-08,1,351.1,184,-1,0
14367,2011-03,2,1487.77,801,-6,C
14367,2011-04,1,431.65000000000003,221,-5,0
14367,2011-05,3,901.74,321,-4,C
14367,2011-06,2,1295.6100000000001,530,-3,C
14367,2011-07,2,1302.93,689,-2,C
14367,2011-09,2,1496.54,726,0,C
14367,2011-10,1,764.74,370,1,0
14367,2011-11,2,913.31,435,2,C
14367,2011-12,1,633.53,333,3,0
14368,2011-01,1,155.0,36,-8,0
14371,2011-02,1,100.5,34,-7,0
14373,2010-12,1,76.55,17,-9,0
14375,2011-06,1,235.56,184,-3,0
14377,2011-03,1,314.6,124,-6,0
14377,2011-06,1,302.45,95,-3,0
14379,2011-02,1,110.98,128,-7,0
14379,2011-10,1,237.12,164,1,0
14381,2011-10,1,202.68,146,1,0
14382,2011-11,1,615.49,1231,2,0
14383,2011-06,1,242.09,201,-3,0
14383,2011-10,1,675.72,394,1,0
14383,2011-11,1,329.88,222,2,0
14385,2011-11,3,202.11,159,2,C
14386,2011-02,1,142.4,54,-7,0
14387,2011-08,1,440.76,209,-1,0
14387,2011-09,1,488.98,222,0,0
14387,2011-11,1,797.86,364,2,0
14388,2010-12,1,312.8,170,-9,0
14388,2011-03,1,401.45,219,-6,0
14388,2011-05,1,458.94,356,-4,0
14388,2011-07,1,326.77,185,-2,0
14388,2011-08,1,335.15,249,-1,0
14388,2011-09,1,442.66,210,0,0
14388,2011-11,2,935.07,552,2,C
14389,2011-06,1,311.14,189,-3,0
14389,2011-10,1,732.32,540,1,0
14390,2010-12,1,223.7,74,-9,0
14390,2011-04,1,501.38,206,-5,0
14390,2011-05,1,309.05,149,-4,0
14390,2011-07,1,556.58,310,-2,0
14390,2011-10,1,879.8,451,1,0
14390,2011-11,4,2172.06,943,2,C
14393,2011-05,1,67.95,13,-4,0
14395,2010-12,1,308.68,174,-9,0
14395,2011-01,1,380.68,171,-8,0
14395,2011-03,1,360.24,180,-6,0
14395,2011-04,1,188.13,152,-5,0
14395,2011-05,1,388.21000000000004,149,-4,0
14395,2011-06,1,326.38,144,-3,0
14395,2011-09,1,658.0600000000001,315,0,0
14395,2011-10,1,310.54,156,1,0
14395,2011-12,1,558.99,248,3,0
14396,2010-12,1,110.35000000000001,39,-9,0
14396,2011-10,1,377.64,186,1,0
14397,2011-05,2,242.24,224,-4,C
14397,2011-06,2,136.8,88,-3,C
14397,2011-07,3,203.84,172,-2,C
14397,2011-08,2,273.12,168,-1,C
14397,2011-09,2,233.24,144,0,C
14397,2011-10,3,500.94,306,1,C
14397,2011-11,3,593.5799999999999,460,2,C
14397,2011-12,2,429.2,328,3,C
14400,2011-07,1,574.7,454,-2,0
14401,2010-12,1,247.38,370,-9,0
14401,2011-01,1,304.74,98,-8,0
14401,2011-06,3,1047.3,1038,-3,C
14401,2011-07,1,227.92000000000002,368,-2,0
14401,2011-08,3,938.9599999999999,1399,-1,C
14401,2011-09,2,618.58,382,0,C
14401,2011-11,1,312.82,394,2,0
14401,2011-12,1,353.78,458,3,0
14403,2011-04,1,790.7,274,-5,0
14403,2011-05,1,185.31,129,-4,0
14403,2011-07,1,295.79999999999995,100,-2,0
14403,2011-08,1,204.0,16,-1,0
14404,2010-12,1,129.23,56,-9,0
14404,2011-01,1,261.85,91,-8,0
14404,2011-03,1,307.5,146,-6,0
14404,2011-06,1,314.7,312,-3,0
14404,2011-08,1,309.24,164,-1,0
14404,2011-11,1,126.79999999999998,58,2,0
14406,2011-08,1,156.75,77,-1,0
14407,2011-03,1,357.18,134,-6,0
14407,2011-05,1,645.5,282,-4,0
14407,2011-07,2,785.43,876,-2,C
14407,2011-08,2,369.62,123,-1,C
14408,2011-03,1,350.8,188,-6,0
14408,2011-04,1,354.84000000000003,190,-5,0
14408,2011-06,2,509.68,343,-3,C
14408,2011-08,1,773.69,569,-1,0
14408,2011-09,1,301.80000000000007,158,0,0
14408,2011-11,1,308.22,162,2,0
14409,2010-12,2,328.80000000000007,168,-9,C
14409,2011-01,1,337.3,253,-8,0
14409,2011-07,1,1086.8300000000002,639,-2,0
14409,2011-08,1,190.8,100,-1,0
14409,2011-09,1,115.72,70,0,0
14410,2011-02,1,137.65,71,-7,0
14410,2011-03,2,346.87,165,-6,C
14410,2011-04,1,91.47999999999999,76,-5,0
14410,2011-05,2,198.0,34,-4,C
14410,2011-07,1,201.18,138,-2,0
14410,2011-09,2,125.09,83,0,C
14411,2011-02,1,1063.0,196,-7,0
14412,2011-09,1,462.45,666,0,0
14412,2011-10,1,307.58,120,1,0
14413,2010-12,1,121.05,67,-9,0
14414,2010-12,1,217.2,146,-9,0
14414,2011-07,2,604.78,990,-2,C
14414,2011-08,2,315.1,650,-1,C
14414,2011-09,2,359.9,726,0,C
14415,2010-12,1,852.68,458,-9,0
14415,2011-01,1,233.05,73,-8,0
14415,2011-02,1,495.83,191,-7,0
14415,2011-04,1,397.14,187,-5,0
14415,2011-05,1,387.1,188,-4,0
14415,2011-06,1,360.07,162,-3,0
14415,2011-07,1,215.75,143,-2,0
14415,2011-08,1,364.26,194,-1,0
14415,2011-09,1,460.25,202,0,0
14415,2011-10,2,887.3100000000001,468,1,C
14415,2011-11,1,111.18,38,2,0
14415,2011-12,1,1090.95,692,3,0
14416,2011-10,1,361.0,262,1,0
14416,2011-11,1,129.22,64,2,0
14418,2011-08,1,150.44,148,-1,0
14418,2011-11,1,889.46,774,2,0
14418,2011-12,1,897.35,789,3,0
14419,2010-12,1,124.1,55,-9,0
14419,2011-04,1,183.04,106,-5,0
14419,2011-09,1,233.65,120,0,0
14419,2011-10,1,126.39,50,1,0
14419,2011-11,2,384.61,152,2,C
14420,2011-09,1,387.52,334,0,0
14421,2011-05,1,455.18,194,-4,0
14421,2011-10,1,357.93,171,1,0
14422,2011-03,1,401.31,175,-6,0
14422,2011-06,1,630.84,366,-3,0
14422,2011-09,1,1285.98,1286,0,0
14422,2011-10,1,1232.95,593,1,0
14422,2011-11,1,330.55,307,2,0
14422,2011-12,1,382.01,179,3,0
14423,2011-05,1,265.2,120,-4,0
14424,2011-11,1,322.08,48,2,0
14426,2011-01,2,701.17,463,-8,C
14426,2011-03,1,794.41,379,-6,0
14426,2011-06,1,714.35,386,-3,0
14426,2011-07,2,675.65,375,-2,C
14426,2011-11,4,1596.09,1096,2,C
14427,2011-10,2,363.34000000000003,228,1,C
14428,2011-01,1,203.55,56,-8,0
14428,2011-04,1,127.07000000000001,89,-5,0
14428,2011-09,1,203.5,49,0,0
14428,2011-11,1,488.08000000000004,158,2,0
14428,2011-12,1,201.85999999999999,76,3,0
14431,2011-02,1,470.36,130,-7,0
14432,2011-09,1,249.17000000000002,308,0,0
14432,2011-10,2,1024.08,1034,1,C
14432,2011-11,3,975.25,671,2,C
14434,2011-09,1,310.8,92,0,0
14434,2011-10,3,410.40000000000003,116,1,C
14434,2011-11,2,651.6,160,2,C
14436,2011-09,1,89.06,129,0,0
14437,2010-12,1,63.0,60,-9,0
14438,2011-02,1,131.9,82,-7,0
14439,2011-01,1,2661.24,526,-8,0
14440,2010-12,1,656.7,150,-9,0
14440,2011-01,1,529.01,191,-8,0
14440,2011-09,1,373.02000000000004,108,0,0
14440,2011-10,1,181.7,22,1,0
14440,2011-12,1,617.25,117,3,0
14441,2011-03,1,356.84000000000003,108,-6,0
14441,2011-09,1,340.56,104,0,0
14441,2011-10,1,709.79,150,1,0
14441,2011-12,1,305.7,84,3,0
14442,2011-01,1,675.58,259,-8,0
14442,2011-05,1,914.24,223,-4,0
14443,2010-12,1,303.5,163,-9,0
14443,2011-02,1,304.9,184,-7,0
14443,2011-07,1,383.12,319,-2,0
14443,2011-10,1,428.68,272,1,0
14446,2011-04,1,303.04,318,-5,0
14446,2011-09,1,371.52,362,0,0
14446,2011-11,1,148.96,121,2,0
14446,2011-12,1,186.83,115,3,0
14447,2011-03,1,265.0,136,-6,0
14447,2011-05,1,336.03000000000003,177,-4,0
14447,2011-10,2,271.44,132,1,C
14447,2011-11,1,290.76,126,2,0
14448,2010-12,1,102.35000000000001,44,-9,0
14448,2011-11,1,273.0,60,2,0
14449,2010-12,1,210.24,142,-9,0
14449,2011-04,1,189.67,191,-5,0
14449,2011-10,1,298.56,301,1,0
14449,2011-11,1,187.33,107,2,0
14450,2011-01,1,161.03,81,-8,0
14450,2011-04,1,108.42,71,-5,0
14450,2011-06,1,213.8,89,-3,0
14451,2011-05,1,360.0,204,-4,0
14451,2011-10,1,283.9,174,1,0
14452,2011-09,1,127.37,46,0,0
14452,2011-11,1,131.68,70,2,0
14453,2011-06,1,119.93,49,-3,0
14456,2011-07,3,636.65,576,-2,C
14456,2011-09,2,1184.17,1078,0,C
14456,2011-10,1,238.92,253,1,0
14456,2011-11,2,574.58,444,2,C
14456,2011-12,1,382.96,534,3,0
14457,2011-02,1,113.64,88,-7,0
14459,2011-07,1,1837.92,760,-2,0
14460,2011-02,1,30.0,24,-7,0
14460,2011-06,1,246.54,493,-3,0
14460,2011-08,1,157.79999999999998,364,-1,0
14461,2011-03,1,776.23,277,-6,0
14461,2011-06,1,969.99,326,-3,0
14461,2011-07,1,356.84,163,-2,0
14462,2011-01,1,109.3,34,-8,0
14462,2011-02,2,334.71999999999997,155,-7,C
14462,2011-03,2,239.54000000000002,116,-6,C
14462,2011-05,1,249.19,126,-4,0
14462,2011-06,1,184.52,71,-3,0
14462,2011-07,1,140.76,68,-2,0
14462,2011-08,1,252.62,108,-1,0
14462,2011-09,1,168.05,85,0,0
14462,2011-10,1,301.87,193,1,0
14463,2011-05,1,115.92,96,-4,0
14463,2011-06,1,193.5,31,-3,0
14463,2011-09,1,220.2,52,0,0
14465,2011-02,1,597.3,186,-7,0
14465,2011-04,2,441.14,212,-5,C
14466,2010-12,1,379.75,137,-9,0
14466,2011-02,1,323.5,70,-7,0
14466,2011-03,1,332.4,108,-6,0
14466,2011-06,1,310.05,143,-3,0
14466,2011-08,1,234.75,139,-1,0
14466,2011-09,1,205.20000000000002,232,0,0
14466,2011-11,1,486.75,177,2,0
14467,2011-01,1,131.7,37,-8,0
14467,2011-10,1,180.27,91,1,0
14467,2011-11,2,284.29,148,2,C
14470,2011-02,1,297.64,138,-7,0
14470,2011-11,1,163.55,55,2,0
14472,2010-12,1,246.38,96,-9,0
14472,2011-01,1,299.89,176,-8,0
14472,2011-02,1,397.92,288,-7,0
14472,2011-03,1,311.57,216,-6,0
14472,2011-06,1,201.45,117,-3,0
14472,2011-07,2,264.46999999999997,150,-2,C
14472,2011-08,1,130.99,92,-1,0
14473,2011-03,1,85.0,10,-6,0
14473,2011-09,1,149.34000000000003,78,0,0
14474,2011-10,1,547.66,140,1,0
14475,2011-02,1,306.55,131,-7,0
14475,2011-06,1,315.62,112,-3,0
14475,2011-09,1,303.68,204,0,0
14476,2011-03,1,193.0,110,-6,0
14477,2011-02,1,165.0,100,-7,0
14477,2011-06,1,358.0,200,-3,0
14477,2011-10,1,441.2,240,1,0
14477,2011-11,1,345.4,180,2,0
14479,2010-12,1,174.4,58,-9,0
14479,2011-03,1,141.85,59,-6,0
14480,2011-11,1,279.05,143,2,0
14481,2011-02,1,302.86,234,-7,0
14481,2011-06,1,333.65,255,-3,0
14482,2011-04,1,238.1,111,-5,0
14482,2011-09,1,227.85000000000002,123,0,0
14482,2011-10,1,613.98,498,1,0
14482,2011-11,3,942.88,895,2,C
14483,2011-03,1,137.1,97,-6,0
14484,2011-10,1,321.92,210,1,0
14485,2011-11,1,162.8,70,2,0
14487,2010-12,1,125.10000000000001,37,-9,0
14487,2011-09,3,691.51,422,0,C
14487,2011-10,1,196.67999999999998,162,1,0
14487,2011-11,1,152.19,91,2,0
14488,2011-10,1,1064.28,799,1,0
14489,2011-05,1,463.38,299,-4,0
14491,2010-12,1,127.2,40,-9,0
14491,2011-06,1,213.73,99,-3,0
14493,2011-07,1,611.22,327,-2,0
14493,2011-10,1,399.5,172,1,0
14493,2011-11,2,856.82,508,2,C
14493,2011-12,1,515.7,278,3,0
14494,2011-11,1,139.56,92,2,0
14495,2011-08,1,40.599999999999994,22,-1,0
14495,2011-10,1,83.2,40,1,0
14496,2010-12,1,304.34000000000003,86,-9,0
14496,2011-02,1,234.47,73,-7,0
14497,2011-02,1,475.37,235,-7,0
14498,2010-12,1,166.22,70,-9,0
14498,2011-06,1,147.02,96,-3,0
14498,2011-07,1,608.46,284,-2,0
14498,2011-08,1,360.09,239,-1,0
14498,2011-10,1,675.53,409,1,0
14499,2011-03,1,122.87,70,-6,0
14499,2011-07,1,244.94,118,-2,0
14499,2011-11,1,440.63,308,2,0
14500,2011-06,1,284.85,103,-3,0
14500,2011-08,1,51.0,4,-1,0
14500,2011-09,1,21.0,10,0,0
14501,2011-01,1,66.93,45,-8,0
14501,2011-06,1,184.28,116,-3,0
14502,2011-01,1,152.07,64,-8,0
14502,2011-02,1,293.33,105,-7,0
14502,2011-03,1,220.47,124,-6,0
14502,2011-04,3,394.07,144,-5,C
14502,2011-07,1,103.28,95,-2,0
14502,2011-10,1,464.64,302,1,0
14502,2011-11,3,801.97,646,2,C
14503,2011-06,1,597.07,381,-3,0
14503,2011-09,1,687.38,560,0,0
14503,2011-11,2,1487.94,664,2,C
14503,2011-12,2,770.87,399,3,C
14504,2011-03,2,281.79,146,-6,C
14504,2011-04,1,260.92,117,-5,0
14504,2011-10,1,130.55,45,1,0
14505,2010-12,1,1038.6,506,-9,0
14505,2011-01,1,317.06,95,-8,0
14505,2011-03,1,560.74,303,-6,0
14505,2011-05,2,1243.46,432,-4,C
14505,2011-08,1,1062.88,586,-1,0
14505,2011-11,2,1636.69,817,2,C
14506,2010-12,1,257.0,106,-9,0
14506,2011-03,1,297.16,107,-6,0
14506,2011-06,1,264.8,38,-3,0
14506,2011-10,1,665.72,204,1,0
14506,2011-11,1,475.97,249,2,0
14507,2011-03,2,378.85,272,-6,C
14507,2011-05,1,236.46,64,-4,0
14507,2011-08,1,309.38,142,-1,0
14507,2011-10,1,205.59,68,1,0
14507,2011-11,1,237.60000000000002,48,2,0
14508,2011-09,1,137.56,70,0,0
14508,2011-11,1,130.49,59,2,0
14511,2011-07,1,138.16,72,-2,0
14511,2011-09,1,191.73000000000002,73,0,0
14511,2011-10,1,318.44,170,1,0
14511,2011-11,2,666.48,469,2,C
14512,2011-04,1,126.32,50,-5,0
14512,2011-06,1,148.95999999999998,72,-3,0
14513,2011-02,1,18.75,7,-7,0
14513,2011-05,1,298.6,162,-4,0
14513,2011-08,1,138.24,192,-1,0
14514,2011-01,1,255.25,121,-8,0
14514,2011-05,1,147.86,52,-4,0
14514,2011-10,1,587.09,391,1,0
14515,2011-05,1,425.4,177,-4,0
14515,2011-06,1,340.25,194,-3,0
14515,2011-10,1,558.22,375,1,0
14515,2011-11,3,753.02,364,2,C
14517,2011-07,1,252.45,73,-2,0
14517,2011-11,1,78.0,18,2,0
14518,2011-10,1,174.37,278,1,0
14520,2011-02,1,165.0,100,-7,0
14520,2011-12,1,105.60000000000001,46,3,0
14522,2011-05,1,278.63,168,-4,0
14522,2011-09,2,552.87,261,0,C
14522,2011-11,1,143.04,96,2,0
14523,2011-08,1,241.09,251,-1,0
14524,2010-12,1,275.45,137,-9,0
14524,2011-03,1,194.6,69,-6,0
14524,2011-04,2,283.68,103,-5,C
14524,2011-06,1,275.14,107,-3,0
14524,2011-09,3,703.0600000000001,227,0,C
14524,2011-11,1,111.9,26,2,0
14525,2010-12,1,462.3,312,-9,0
14525,2011-01,1,264.65,135,-8,0
14525,2011-03,1,293.45,240,-6,0
14525,2011-04,1,169.47,70,-5,0
14525,2011-06,1,742.17,302,-3,0
14525,2011-08,2,888.25,661,-1,C
14525,2011-10,1,409.44,380,1,0
14525,2011-11,1,986.17,537,2,0
14527,2010-12,4,925.49,183,-9,C
14527,2011-01,5,762.2,151,-8,C
14527,2011-02,5,444.45,90,-7,C
14527,2011-03,4,393.02,120,-6,C
14527,2011-04,4,320.07,106,-5,C
14527,2011-05,4,507.85,185,-4,C
14527,2011-06,4,566.14,140,-3,C
14527,2011-07,5,663.35,129,-2,C
14527,2011-08,4,553.83,170,-1,C
14527,2011-09,4,699.55,209,0,C
14527,2011-10,5,986.27,228,1,C
14527,2011-11,5,1052.96,254,2,C
14527,2011-12,2,631.95,123,3,C
14528,2011-11,1,364.21999999999997,278,2,0
14529,2011-08,1,135.24,84,-1,0
14529,2011-09,1,202.9,102,0,0
14529,2011-10,1,240.47,139,1,0
14530,2011-02,1,662.86,359,-7,0
14530,2011-03,1,420.25,145,-6,0
14530,2011-06,1,413.93,157,-3,0
14530,2011-08,1,460.43,171,-1,0
14530,2011-09,1,524.85,219,0,0
14530,2011-11,1,379.79,344,2,0
14532,2010-12,1,222.6,28,-9,0
14532,2011-01,1,182.8,24,-8,0
14532,2011-02,1,386.90000000000003,66,-7,0
14532,2011-04,1,140.55,166,-5,0
14533,2010-12,1,433.5,540,-9,0
14533,2011-08,1,301.48,372,-1,0
14533,2011-09,1,408.38,555,0,0
14533,2011-10,3,653.7,2442,1,C
14533,2011-11,1,152.66000000000003,110,2,0
14534,2011-01,1,355.12,153,-8,0
14534,2011-02,2,415.61,218,-7,C
14534,2011-03,2,326.15,143,-6,C
14534,2011-04,1,187.7,141,-5,0
14534,2011-05,2,432.65,148,-4,C
14534,2011-06,2,564.16,270,-3,C
14534,2011-07,2,464.51,320,-2,C
14534,2011-08,1,153.85,55,-1,0
14534,2011-09,1,131.64,34,0,0
14534,2011-10,1,705.87,192,1,0
14534,2011-11,2,529.22,270,2,C
14534,2011-12,1,130.82,83,3,0
14535,2011-04,1,852.87,460,-5,0
14535,2011-08,1,799.94,506,-1,0
14535,2011-10,1,1202.03,858,1,0
14536,2011-03,1,170.95,39,-6,0
14537,2011-10,1,355.56,120,1,0
14538,2011-03,1,106.5,30,-6,0
14538,2011-10,1,281.75,125,1,0
14539,2011-10,1,72.13,53,1,0
14539,2011-11,1,465.35,375,2,0
14540,2011-02,1,195.9,122,-7,0
14540,2011-09,1,442.03,178,0,0
14540,2011-11,1,314.73,111,2,0
14541,2011-01,2,470.95,303,-8,C
14541,2011-02,2,361.40000000000003,116,-7,C
14541,2011-04,1,134.8,52,-5,0
14541,2011-05,1,38.3,26,-4,0
14541,2011-06,1,301.9,100,-3,0
14541,2011-10,1,146.0,44,1,0
14542,2011-06,1,103.25,19,-3,0
14543,2010-12,1,254.4,40,-9,0
14543,2011-01,1,303.8,76,-8,0
14543,2011-02,1,388.05,105,-7,0
14543,2011-03,3,639.8000000000001,120,-6,C
14543,2011-04,1,252.61,26,-5,0
14543,2011-05,1,352.54,78,-4,0
14543,2011-06,3,581.0,76,-3,C
14543,2011-08,2,462.30000000000007,74,-1,C
14543,2011-09,1,36.650000000000006,8,0,0
14543,2011-11,2,328.58000000000004,72,2,C
14544,2010-12,1,1101.77,836,-9,0
14544,2011-11,1,902.53,700,2,0
14546,2011-04,1,561.29,357,-5,0
14546,2011-05,1,313.59000000000003,144,-4,0
14546,2011-09,1,727.22,407,0,0
14546,2011-10,1,476.0,174,1,0
14546,2011-12,1,495.83,231,3,0
14547,2011-10,1,471.05,211,1,0
14547,2011-11,5,3024.2,2172,2,C
14547,2011-12,2,479.5,256,3,C
14548,2011-01,1,326.4,128,-8,0
14548,2011-07,1,326.4,128,-2,0
14549,2011-02,1,289.24,136,-7,0
14550,2011-10,1,340.79,207,1,0
14550,2011-11,1,416.58000000000004,182,2,0
14551,2011-05,1,125.43,66,-4,0
14551,2011-11,1,60.8,40,2,0
14552,2011-07,1,164.22,90,-2,0
14553,2011-01,1,201.94,131,-8,0
14553,2011-05,1,110.38,51,-4,0
14553,2011-11,3,546.95,311,2,C
14554,2011-10,1,334.93,224,1,0
14554,2011-11,3,1944.56,1219,2,C
14555,2011-02,1,186.34,90,-7,0
14555,2011-10,1,126.2,32,1,0
14557,2011-09,1,788.38,510,0,0
14560,2010-12,1,408.16999999999996,69,-9,0
14560,2011-01,1,152.25,39,-8,0
14560,2011-02,2,109.30000000000001,22,-7,C
14560,2011-03,4,495.13,88,-6,C
14560,2011-05,1,67.15,17,-4,0
14560,2011-06,1,17.0,2,-3,0
14560,2011-07,1,73.8,8,-2,0
14560,2011-08,2,91.19999999999999,20,-1,C
14560,2011-09,2,151.2,360,0,C
14560,2011-10,3,413.49,327,1,C
14560,2011-11,3,218.28,260,2,C
14560,2011-12,1,40.8,48,3,0
14561,2011-06,2,566.99,375,-3,C
14561,2011-09,1,513.77,639,0,0
14562,2011-02,2,434.7,147,-7,C
14562,2011-04,1,455.9,289,-5,0
14562,2011-06,1,215.39000000000001,59,-3,0
14562,2011-07,1,603.5400000000001,246,-2,0
14562,2011-08,1,245.32,158,-1,0
14562,2011-09,4,1044.3700000000001,239,0,C
14562,2011-10,2,616.8,214,1,C
14562,2011-11,4,1067.43,343,2,C
14562,2011-12,2,323.32,120,3,C
14565,2010-12,1,1167.41,640,-9,0
14565,2011-05,1,710.14,259,-4,0
14565,2011-08,1,682.77,472,-1,0
14565,2011-09,1,538.8000000000001,169,0,0
14566,2011-08,1,1432.0,800,-1,0
14567,2011-08,1,800.76,172,-1,0
14567,2011-10,1,729.6,240,1,0
14569,2011-12,1,227.39,79,3,0
14570,2011-03,2,218.06,95,-6,C
14572,2011-01,1,331.03,179,-8,0
14572,2011-03,2,742.3000000000001,282,-6,C
14572,2011-07,1,400.76,248,-2,0
14572,2011-08,1,589.15,474,-1,0
14572,2011-10,1,606.25,222,1,0
14572,2011-12,1,135.05,15,3,0
14573,2010-12,1,402.0,126,-9,0
14573,2011-02,1,168.6,39,-7,0
14573,2011-03,2,300.33,69,-6,C
14573,2011-05,3,494.37,212,-4,C
14573,2011-06,2,274.52,88,-3,C
14576,2010-12,1,35.400000000000006,12,-9,0
14577,2010-12,1,346.90000000000003,131,-9,0
14577,2011-04,1,121.11,60,-5,0
14577,2011-06,1,178.63,89,-3,0
14577,2011-11,1,213.07,73,2,0
14578,2011-12,1,168.63,240,3,0
14581,2011-11,1,138.6,217,2,0
14582,2011-10,1,114.11,73,1,0
14583,2011-05,1,135.98,81,-4,0
14583,2011-06,2,302.45,326,-3,C
14583,2011-07,1,303.29,145,-2,0
14583,2011-12,1,245.24,199,3,0
14584,2011-05,2,474.8,183,-4,C
14584,2011-06,2,558.26,198,-3,C
14585,2011-10,1,157.05,91,1,0
14586,2011-03,1,237.36,444,-6,0
14587,2011-01,1,208.05,146,-8,0
14587,2011-02,2,303.07,137,-7,C
14587,2011-03,2,374.83,197,-6,C
14587,2011-04,1,178.4,72,-5,0
14587,2011-05,1,195.13,82,-4,0
14587,2011-06,1,193.2,82,-3,0
14587,2011-11,1,127.61,33,2,0
14589,2010-12,1,39.75,5,-9,0
14591,2011-05,1,204.02,91,-4,0
14591,2011-11,3,1116.19,1137,2,C
14592,2011-10,2,396.65,340,1,C
14592,2011-11,1,161.29,67,2,0
14593,2011-05,2,339.59,118,-4,C
14593,2011-11,1,277.56,212,2,0
14594,2010-12,1,255.0,146,-9,0
14594,2011-12,1,108.33,37,3,0
14595,2011-01,1,163.8,76,-8,0
14595,2011-09,1,136.23,71,0,0
14595,2011-10,2,1233.04,760,1,C
14595,2011-11,2,207.53,71,2,C
14597,2011-06,1,165.1,118,-3,0
14597,2011-11,1,701.14,448,2,0
14598,2011-10,1,221.97,189,1,0
14600,2011-02,1,393.33000000000004,125,-7,0
14601,2011-11,1,213.96,168,2,0
14603,2011-03,1,660.0,400,-6,0
14606,2010-12,8,1233.76,474,-9,C
14606,2011-01,7,1483.32,778,-8,C
14606,2011-02,11,1174.2,600,-7,C
14606,2011-03,8,1272.21,689,-6,C
14606,2011-04,8,905.53,502,-5,C
14606,2011-05,6,670.4399999999999,362,-4,C
14606,2011-06,8,935.03,602,-3,C
14606,2011-07,7,808.1800000000001,408,-2,C
14606,2011-08,6,797.38,318,-1,C
14606,2011-09,7,654.58,317,0,C
14606,2011-10,6,683.37,377,1,C
14606,2011-11,9,1116.31,592,2,C
14606,2011-12,2,341.84000000000003,168,3,C
14607,2011-03,1,495.0,300,-6,0
14607,2011-10,9,11595.2,8912,1,C
14607,2011-11,4,4119.3,2314,2,C
14608,2010-12,1,204.0,48,-9,0
14608,2011-09,1,586.95,145,0,0
14608,2011-11,1,486.65,119,2,0
14608,2011-12,1,507.55,125,3,0
14609,2011-02,1,144.0,2400,-7,0
14609,2011-06,1,151.2,720,-3,0
14609,2011-07,1,191.16,3186,-2,0
14609,2011-09,1,115.2,720,0,0
14616,2011-01,1,237.60000000000002,48,-8,0
14616,2011-02,1,10.08,24,-7,0
14616,2011-04,1,158.4,32,-5,0
14618,2011-01,1,211.8,92,-8,0
14618,2011-11,2,341.64,172,2,C
14619,2011-04,1,394.44,152,-5,0
14620,2011-03,1,235.35,73,-6,0
14620,2011-05,1,177.43,141,-4,0
14621,2010-12,1,305.7,130,-9,0
14621,2011-06,1,330.61,152,-3,0
14621,2011-07,1,366.6,128,-2,0
14621,2011-11,1,482.59000000000003,329,2,0
14621,2011-12,1,302.86,254,3,0
14622,2011-06,1,320.58000000000004,146,-3,0
14623,2011-04,1,192.68,104,-5,0
14623,2011-06,1,205.18,91,-3,0
14623,2011-08,1,208.3,70,-1,0
14623,2011-10,1,118.2,22,1,0
14623,2011-11,1,162.34,131,2,0
14624,2011-10,2,225.85,162,1,C
14625,2010-12,1,585.53,255,-9,0
14625,2011-05,1,314.1,80,-4,0
14626,2011-04,1,586.9,432,-5,0
14626,2011-08,1,984.39,447,-1,0
14626,2011-10,1,610.91,315,1,0
14626,2011-11,1,609.07,209,2,0
14628,2011-04,1,331.58000000000004,106,-5,0
14628,2011-09,1,340.38,166,0,0
14629,2011-10,1,603.1800000000001,214,1,0
14629,2011-12,1,352.08,164,3,0
14631,2011-02,1,309.5,160,-7,0
14631,2011-04,1,320.58,192,-5,0
14631,2011-10,1,376.90000000000003,270,1,0
14632,2011-03,1,114.56,96,-6,0
14633,2011-03,1,344.90000000000003,96,-6,0
14636,2011-03,1,300.19,117,-6,0
14636,2011-11,1,309.66,124,2,0
14638,2011-10,1,443.6,166,1,0
14639,2010-12,1,676.54,272,-9,0
14639,2011-02,1,558.59,239,-7,0
14639,2011-08,2,754.1,278,-1,C
14639,2011-10,2,995.26,642,1,C
14640,2011-04,1,395.75,173,-5,0
14640,2011-06,1,406.3,112,-3,0
14640,2011-07,1,185.07,57,-2,0
14640,2011-08,1,496.24,230,-1,0
14640,2011-10,1,306.07,107,1,0
14640,2011-11,1,317.95,201,2,0
14641,2011-11,1,110.46,90,2,0
14642,2011-10,1,96.12,76,1,0
14643,2010-12,1,357.94,386,-9,0
14643,2011-06,1,335.87,429,-3,0
14644,2011-02,1,187.50000000000003,66,-7,0
14644,2011-10,1,643.26,192,1,0
14645,2011-03,1,240.10000000000002,78,-6,0
14645,2011-07,1,356.99,303,-2,0
14646,2010-12,2,8591.88,6714,-9,C
14646,2011-01,4,26476.68,20300,-8,C
14646,2011-02,4,22797.46,16274,-7,C
14646,2011-03,4,21462.4,14125,-6,C
14646,2011-04,3,2976.56,1768,-5,C
14646,2011-05,8,28408.14,19577,-4,C
14646,2011-06,7,25288.99,18663,-3,C
14646,2011-07,1,26.02,10,-2,0
14646,2011-08,7,40327.81,29300,-1,C
14646,2011-09,6,26750.7,17164,0,C
14646,2011-10,12,39995.95,26742,1,C
14646,2011-11,12,25375.41,18320,2,C
14646,2011-12,3,11728.02,7958,3,C
14647,2011-05,1,236.04000000000002,91,-4,0
14649,2011-05,2,582.12,349,-4,C
14649,2011-09,1,313.06,308,0,0
14649,2011-12,1,507.41,347,3,0
14651,2011-05,1,415.47,185,-4,0
14651,2011-10,1,238.28,158,1,0
14652,2011-09,1,114.18,53,0,0
14653,2011-01,1,344.81,305,-8,0
14653,2011-10,2,755.22,297,1,C
14653,2011-11,3,423.59,157,2,C
14653,2011-12,1,403.03,186,3,0
14655,2011-05,1,810.56,522,-4,0
14655,2011-09,1,400.61,239,0,0
14655,2011-11,1,358.15000000000003,175,2,0
14655,2011-12,1,362.91,153,3,0
14656,2011-03,1,133.11,40,-6,0
14656,2011-06,1,157.94,80,-3,0
14657,2011-01,1,416.08,209,-8,0
14657,2011-03,1,108.32000000000001,62,-6,0
14657,2011-07,1,114.54,68,-2,0
14657,2011-11,1,209.28,127,2,0
14658,2011-08,1,123.14,23,-1,0
14658,2011-12,1,124.01,24,3,0
14659,2011-01,1,593.17,323,-8,0
14659,2011-02,1,181.8,44,-7,0
14659,2011-03,1,227.92000000000002,106,-6,0
14659,2011-05,1,162.24,86,-4,0
14659,2011-06,1,216.63,91,-3,0
14659,2011-07,1,259.79,117,-2,0
14659,2011-09,1,426.43,207,0,0
14659,2011-11,1,312.55,145,2,0
14659,2011-12,1,149.4,76,3,0
14660,2011-08,1,128.95,104,-1,0
14660,2011-09,1,156.79,124,0,0
14661,2011-11,1,107.95,35,2,0
14662,2011-01,1,96.95,65,-8,0
14662,2011-03,1,260.03,222,-6,0
14662,2011-04,1,155.3,35,-5,0
14662,2011-11,1,229.09,256,2,0
14664,2011-11,2,636.24,465,2,C
14665,2011-02,3,731.66,268,-7,C
14665,2011-09,1,544.52,234,0,0
14665,2011-10,1,559.52,238,1,0
14666,2011-11,1,195.25,161,2,0
14667,2010-12,5,1972.04,1376,-9,C
14667,2011-01,1,280.61,205,-8,0
14667,2011-02,1,333.6,160,-7,0
14667,2011-03,1,144.9,58,-6,0
14667,2011-04,1,388.77,205,-5,0
14667,2011-05,2,774.33,374,-4,C
14667,2011-06,3,857.02,392,-3,C
14667,2011-07,1,179.41,109,-2,0
14667,2011-08,2,497.98,224,-1,C
14667,2011-09,2,1647.1399999999999,840,0,C
14667,2011-11,6,2099.24,1376,2,C
14669,2011-01,2,837.5,487,-8,C
14669,2011-04,1,421.74,283,-5,0
14670,2011-03,2,392.86,326,-6,C
14672,2011-01,1,285.28000000000003,147,-8,0
14672,2011-04,1,480.27,307,-5,0
14673,2010-12,1,373.49,213,-9,0
14673,2011-11,3,996.14,574,2,C
14673,2011-12,1,366.77,217,3,0
14675,2011-11,1,596.36,336,2,0
14676,2011-03,1,556.32,504,-6,0
14676,2011-05,2,592.2,576,-4,C
14676,2011-07,1,542.4,744,-2,0
14676,2011-09,1,480.04,268,0,0
14676,2011-11,1,377.28,408,2,0
14680,2010-12,2,2875.4,934,-9,C
14680,2011-01,2,2601.41,1139,-8,C
14680,2011-02,1,2807.31,1223,-7,0
14680,2011-03,1,2106.46,1250,-6,0
14680,2011-04,1,72.0,100,-5,0
14680,2011-05,2,4071.3,1954,-4,C
14680,2011-06,1,976.25,555,-3,0
14680,2011-07,2,6298.07,3069,-2,C
14680,2011-08,1,2388.2,1324,-1,0
14680,2011-09,2,3390.11,1459,0,C
14680,2011-11,1,1167.6,469,2,0
14681,2011-05,1,393.95,48,-4,0
14681,2011-09,2,105.0,28,0,C
14682,2011-05,1,20.8,32,-4,0
14682,2011-06,1,31.200000000000003,48,-3,0
14684,2010-12,1,168.36,70,-9,0
14684,2011-05,1,325.08,200,-4,0
14684,2011-09,1,129.33,84,0,0
14684,2011-10,1,265.61,220,1,0
14684,2011-11,1,313.13,247,2,0
14687,2011-08,1,628.38,470,-1,0
14688,2010-12,1,444.98,454,-9,0
14688,2011-01,2,507.82,400,-8,C
14688,2011-02,2,538.57,400,-7,C
14688,2011-03,2,373.39,237,-6,C
14688,2011-04,1,375.16,266,-5,0
14688,2011-05,2,546.51,309,-4,C
14688,2011-06,2,317.34,166,-3,C
14688,2011-07,2,304.3,255,-2,C
14688,2011-08,1,423.3,261,-1,0
14688,2011-09,2,589.8100000000001,342,0,C
14688,2011-10,2,528.65,202,1,C
14688,2011-12,2,629.27,292,3,C
14689,2011-05,1,112.8,76,-4,0
14690,2011-07,1,212.56,84,-2,0
14690,2011-10,1,142.49,83,1,0
14691,2011-05,1,439.6,162,-4,0
14691,2011-09,3,1329.47,445,0,C
14691,2011-11,1,345.26,100,2,0
14692,2011-01,1,259.6,131,-8,0
14692,2011-02,1,121.25,61,-7,0
14692,2011-04,1,99.45,37,-5,0
14692,2011-07,1,111.25,36,-2,0
14693,2011-03,1,172.9,34,-6,0
14696,2010-12,1,294.62,284,-9,0
14696,2011-01,1,293.63,147,-8,0
14696,2011-04,1,284.35,135,-5,0
14696,2011-06,1,298.79,185,-3,0
14696,2011-08,1,287.15000000000003,335,-1,0
14696,2011-09,1,319.87,353,0,0
14696,2011-12,1,300.54,191,3,0
14697,2011-05,2,188.60999999999999,181,-4,C
14698,2011-10,2,611.77,291,1,C
14698,2011-11,2,453.32,213,2,C
14698,2011-12,1,152.18,98,3,0
14699,2011-05,1,109.13000000000001,77,-4,0
14700,2011-04,1,721.55,321,-5,0
14700,2011-06,1,819.55,527,-3,0
14700,2011-11,1,654.0,466,2,0
14701,2011-01,1,384.65,139,-8,0
14701,2011-02,1,254.17000000000002,92,-7,0
14701,2011-03,2,821.23,209,-6,C
14701,2011-04,1,273.85,128,-5,0
14701,2011-06,2,207.53,98,-3,C
14701,2011-11,2,584.66,255,2,C
14702,2010-12,1,310.45,162,-9,0
14702,2011-01,3,612.5,143,-8,C
14702,2011-02,1,101.25,31,-7,0
14702,2011-03,1,161.5,47,-6,0
14702,2011-06,1,165.5,60,-3,0
14702,2011-07,1,109.9,92,-2,0
14702,2011-08,1,190.15,101,-1,0
14702,2011-09,1,216.09,63,0,0
14702,2011-10,3,772.41,415,1,C
14702,2011-11,2,286.36,178,2,C
14702,2011-12,2,325.68,147,3,C
14703,2011-11,1,318.17,183,2,0
14704,2011-06,1,100.75,49,-3,0
14704,2011-07,1,106.75,52,-2,0
14704,2011-09,1,165.32,68,0,0
14704,2011-10,3,735.19,663,1,C
14704,2011-11,3,385.95,211,2,C
14705,2011-05,1,179.0,100,-4,0
14708,2010-12,1,419.06,350,-9,0
14708,2011-07,1,282.12,60,-2,0
14708,2011-12,1,425.19,211,3,0
14709,2010-12,1,314.1,108,-9,0
14709,2011-01,1,407.95,135,-8,0
14709,2011-03,1,461.25,251,-6,0
14709,2011-05,1,426.84,290,-4,0
14709,2011-06,1,332.9,136,-3,0
14709,2011-07,1,416.90000000000003,240,-2,0
14709,2011-08,2,1004.5,502,-1,C
14709,2011-09,2,899.6,502,0,C
14709,2011-11,3,657.0,320,2,C
14710,2011-10,2,319.23,209,1,C
14710,2011-11,2,280.25,166,2,C
14711,2011-03,1,200.51999999999998,90,-6,0
14711,2011-04,2,735.07,309,-5,C
14711,2011-05,2,500.56,205,-4,C
14711,2011-06,2,472.01,77,-3,C
14711,2011-08,1,148.57,24,-1,0
14711,2011-09,1,298.9,90,0,0
14711,2011-11,2,483.99,171,2,C
14712,2011-08,1,115.72,102,-1,0
14712,2011-09,1,305.75,93,0,0
14712,2011-11,1,495.6,120,2,0
14713,2010-12,2,425.85,202,-9,C
14713,2011-01,1,222.24,146,-8,0
14713,2011-03,2,261.52,177,-6,C
14713,2011-05,1,292.42,196,-4,0
14713,2011-06,1,247.60999999999999,137,-3,0
14713,2011-08,1,372.24,267,-1,0
14713,2011-09,1,207.73,111,0,0
14713,2011-11,2,632.59,377,2,C
14714,2011-11,1,160.19,229,2,0
14715,2011-01,1,137.95,82,-8,0
14715,2011-02,1,109.5,46,-7,0
14715,2011-09,1,347.3,169,0,0
14715,2011-11,1,272.63,224,2,0
14716,2011-07,1,181.72,319,-2,0
14716,2011-10,1,125.79,176,1,0
14719,2011-04,1,223.46,188,-5,0
14719,2011-06,1,264.66,210,-3,0
14719,2011-10,1,299.88,162,1,0
14719,2011-11,1,387.42,212,2,0
14719,2011-12,1,406.42,253,3,0
14720,2011-08,1,155.8,40,-1,0
14720,2011-09,1,245.33,107,0,0
14720,2011-12,1,262.68,72,3,0
14722,2011-07,1,180.42000000000002,118,-2,0
14723,2010-12,3,455.65,199,-9,C
14723,2011-10,1,190.04,171,1,0
14723,2011-11,2,476.67,303,2,C
14725,2011-11,1,655.58,588,2,0
14727,2011-03,1,268.58,62,-6,0
14729,2010-12,1,313.49,197,-9,0
14730,2011-03,2,367.28000000000003,225,-6,C
14730,2011-04,1,162.02,87,-5,0
14730,2011-06,1,205.69,112,-3,0
14730,2011-08,1,137.14,85,-1,0
14730,2011-10,2,797.25,392,1,C
14730,2011-12,1,228.19,177,3,0
14731,2011-05,2,251.01999999999998,182,-4,C
14731,2011-10,1,129.0,74,1,0
14732,2011-01,1,203.1,58,-8,0
14732,2011-03,1,470.88,242,-6,0
14732,2011-05,1,306.5,156,-4,0
14732,2011-06,1,302.72,284,-3,0
14732,2011-07,1,335.09999999999997,220,-2,0
14732,2011-09,1,308.89,175,0,0
14732,2011-11,1,311.19,121,2,0
14732,2011-12,1,464.11,149,3,0
14733,2010-12,3,4357.22,1884,-9,C
14733,2011-01,2,2090.0,757,-8,C
14733,2011-02,1,493.5,168,-7,0
14733,2011-03,1,619.6,312,-6,0
14733,2011-05,1,347.26,142,-4,0
14733,2011-06,1,441.48,144,-3,0
14733,2011-07,1,378.16,160,-2,0
14733,2011-08,1,316.98,78,-1,0
14733,2011-11,1,541.71,119,2,0
14735,2010-12,1,252.2,68,-9,0
14735,2011-01,3,654.2,208,-8,C
14735,2011-02,1,110.45000000000002,43,-7,0
14735,2011-03,3,525.0,200,-6,C
14735,2011-04,3,272.12,68,-5,C
14735,2011-05,6,741.44,276,-4,C
14735,2011-06,1,331.0,130,-3,0
14735,2011-07,3,487.62,244,-2,C
14735,2011-08,1,122.28,84,-1,0
14735,2011-09,4,850.94,271,0,C
14735,2011-11,5,1161.0,438,2,C
14735,2011-12,1,557.44,234,3,0
14737,2010-12,1,434.0,150,-9,0
14737,2011-08,1,647.75,153,-1,0
14737,2011-12,1,82.8,42,3,0
14738,2011-01,1,204.77,83,-8,0
14738,2011-04,1,162.70000000000002,58,-5,0
14738,2011-05,2,158.22,78,-4,C
14738,2011-07,1,231.96,132,-2,0
14738,2011-10,2,556.8000000000001,250,1,C
14739,2010-12,1,713.88,476,-9,0
14739,2011-01,1,229.56,224,-8,0
14739,2011-05,1,364.18,374,-4,0
14739,2011-09,1,939.96,1604,0,0
14739,2011-10,1,609.78,546,1,0
14739,2011-11,1,509.96,332,2,0
14739,2011-12,1,534.96,264,3,0
14740,2011-03,1,521.1,260,-6,0
14740,2011-04,1,371.4,224,-5,0
14740,2011-05,1,555.71,251,-4,0
14741,2010-12,2,495.3,410,-9,C
14741,2011-06,1,173.56,78,-3,0
14741,2011-08,1,196.10000000000002,70,-1,0
14741,2011-10,1,303.43,117,1,0
14741,2011-11,1,231.95,166,2,0
14744,2010-12,1,225.0,148,-9,0
14744,2011-01,3,492.03,340,-8,C
14744,2011-02,1,211.0,31,-7,0
14744,2011-10,1,83.75,35,1,0
14744,2011-11,1,88.2,73,2,0
14745,2011-02,1,240.60000000000002,188,-7,0
14745,2011-06,1,341.07,283,-3,0
14745,2011-07,2,358.83,279,-2,C
14745,2011-08,1,279.76,288,-1,0
14747,2011-04,1,328.2,84,-5,0
14748,2010-12,2,470.42,330,-9,C
14748,2011-05,1,300.71,279,-4,0
14748,2011-08,1,347.64,452,-1,0
14748,2011-11,1,296.98,162,2,0
14752,2011-10,1,389.64,260,1,0
14753,2011-09,1,563.15,211,0,0
14754,2011-02,1,228.26999999999998,173,-7,0
14754,2011-10,1,409.78,313,1,0
14755,2011-01,1,488.46000000000004,238,-8,0
14755,2011-02,1,506.02,134,-7,0
14755,2011-03,1,307.76,184,-6,0
14755,2011-05,1,560.27,203,-4,0
14755,2011-06,1,376.77,153,-3,0
14755,2011-07,1,312.9,139,-2,0
14755,2011-08,1,315.5,190,-1,0
14755,2011-09,1,304.3,128,0,0
14755,2011-10,1,443.21,167,1,0
14755,2011-11,2,1395.0900000000001,683,2,C
14756,2011-11,1,738.96,416,2,0
14757,2011-09,1,420.5,160,0,0
14758,2011-03,1,654.75,158,-6,0
14758,2011-04,1,327.71999999999997,102,-5,0
14758,2011-05,1,224.47,59,-4,0
14758,2011-07,1,277.12,100,-2,0
14759,2011-04,1,572.25,119,-5,0
14759,2011-08,1,298.6,128,-1,0
14759,2011-12,1,755.12,322,3,0
14760,2011-02,1,89.2,40,-7,0
14761,2011-01,1,97.5,58,-8,0
14761,2011-10,1,158.4,60,1,0
14762,2011-03,1,300.52,341,-6,0
14764,2011-10,1,278.3,190,1,0
14765,2011-06,1,80.5,18,-3,0
14765,2011-08,1,15.0,4,-1,0
14765,2011-11,1,158.61,113,2,0
14766,2010-12,1,180.4,64,-9,0
14766,2011-03,1,628.66,466,-6,0
14766,2011-05,1,357.15000000000003,203,-4,0
14766,2011-06,1,365.11,251,-3,0
14766,2011-09,1,519.53,215,0,0
14766,2011-12,1,422.52,150,3,0
14768,2011-08,1,133.20000000000002,40,-1,0
14768,2011-11,1,59.400000000000006,12,2,0
14769,2010-12,1,347.01,189,-9,0
14769,2011-01,1,523.98,403,-8,0
14769,2011-03,1,2309.15,1610,-6,0
14769,2011-05,1,2454.11,1562,-4,0
14769,2011-07,1,337.93,317,-2,0
14769,2011-08,1,312.66,248,-1,0
14769,2011-09,1,3790.17,2709,0,0
14769,2011-12,1,341.96999999999997,201,3,0
14770,2011-01,1,278.6,180,-8,0
14770,2011-04,1,597.8199999999999,310,-5,0
14772,2011-08,1,139.26,82,-1,0
14775,2010-12,1,406.56,384,-9,0
14775,2011-07,1,294.9,418,-2,0
14775,2011-10,1,310.44,372,1,0
14776,2011-01,1,558.36,684,-8,0
14776,2011-04,1,301.68,384,-5,0
14776,2011-05,1,214.56,236,-4,0
14776,2011-06,3,394.56,490,-3,C
14776,2011-07,1,201.96,202,-2,0
14776,2011-08,1,191.1,234,-1,0
14776,2011-10,3,676.08,904,1,C
14778,2011-02,1,334.05,141,-7,0
14778,2011-08,1,396.81,165,-1,0
14779,2011-01,2,348.15,70,-8,C
14779,2011-03,1,38.0,14,-6,0
14780,2011-09,1,332.8,210,0,0
14780,2011-10,1,114.88,100,1,0
14782,2011-01,1,200.10000000000002,114,-8,0
14784,2011-01,1,114.68,56,-8,0
14784,2011-11,1,175.31,181,2,0
14785,2011-11,2,77.4,84,2,C
14788,2011-11,1,368.45,193,2,0
14788,2011-12,1,310.99,228,3,0
14789,2011-11,1,197.64,116,2,0
14790,2011-03,1,152.16,136,-6,0
14790,2011-08,1,211.88,248,-1,0
14790,2011-11,2,381.02,315,2,C
14792,2011-10,1,6.2,2,1,0
14793,2011-11,1,228.99,91,2,0
14794,2011-01,1,179.1,34,-8,0
14794,2011-03,2,299.98,130,-6,C
14794,2011-05,1,200.45999999999998,147,-4,0
14794,2011-11,2,435.51,204,2,C
14794,2011-12,1,204.86,158,3,0
14795,2011-06,1,131.45000000000002,17,-3,0
14796,2010-12,2,1028.82,672,-9,C
14796,2011-01,1,293.74,219,-8,0
14796,2011-02,2,681.34,427,-7,C
14796,2011-03,2,631.0,441,-6,C
14796,2011-04,1,420.98,243,-5,0
14796,2011-05,1,415.02,349,-4,0
14796,2011-06,1,539.81,384,-3,0
14796,2011-07,2,1112.98,1060,-2,C
14796,2011-08,1,624.4300000000001,589,-1,0
14796,2011-09,1,833.0600000000001,466,0,0
14796,2011-10,1,596.75,449,1,0
14796,2011-11,1,401.78,346,2,0
14796,2011-12,1,395.78000000000003,350,3,0
14798,2011-02,1,75.68,76,-7,0
14798,2011-07,1,21.72,28,-2,0
14798,2011-10,1,76.34,46,1,0
14799,2011-10,1,157.7,146,1,0
14800,2010-12,2,1219.85,1072,-9,C
14800,2011-01,1,533.79,402,-8,0
14800,2011-03,1,629.25,536,-6,0
14800,2011-05,2,804.76,471,-4,C
14800,2011-06,1,198.46,198,-3,0
14800,2011-07,1,282.66,266,-2,0
14800,2011-08,1,163.72,209,-1,0
14800,2011-09,1,107.06,179,0,0
14800,2011-10,2,392.24,311,1,C
14801,2011-10,1,189.34,173,1,0
14803,2011-02,1,542.15,216,-7,0
14803,2011-03,1,188.64,48,-6,0
14803,2011-06,1,114.76,106,-3,0
14804,2011-12,1,353.27,121,3,0
14805,2011-01,1,109.25,29,-8,0
14805,2011-10,1,136.4,40,1,0
14805,2011-11,2,300.75,45,2,C
14806,2011-09,1,193.39000000000001,330,0,0
14808,2011-06,3,920.51,496,-3,C
14808,2011-07,3,913.31,745,-2,C
14808,2011-09,1,350.59,424,0,0
14808,2011-10,1,534.19,455,1,0
14810,2010-12,1,177.89,83,-9,0
14810,2011-01,1,146.55,64,-8,0
14810,2011-02,2,317.3,148,-7,C
14810,2011-03,2,266.45,127,-6,C
14810,2011-04,1,171.06,86,-5,0
14810,2011-05,1,196.9,102,-4,0
14810,2011-07,1,238.4,114,-2,0
14810,2011-08,1,352.23,188,-1,0
14810,2011-10,1,218.55,103,1,0
14813,2010-12,2,152.88,66,-9,C
14815,2011-10,1,551.58,460,1,0
14815,2011-11,1,226.92,284,2,0
14816,2011-05,1,271.85,5,-4,0
14817,2011-03,1,580.79,374,-6,0
14817,2011-05,1,529.5500000000001,281,-4,0
14818,2011-03,1,118.25,31,-6,0
14818,2011-06,1,291.38,171,-3,0
14818,2011-09,1,248.17000000000002,122,0,0
14819,2011-05,1,84.72,48,-4,0
14819,2011-10,1,187.35,61,1,0
14820,2011-06,1,139.77,87,-3,0
14820,2011-09,1,102.42,58,0,0
14820,2011-11,2,265.1,108,2,C
14821,2010-12,1,48.800000000000004,20,-9,0
14823,2011-05,2,210.65,48,-4,C
14823,2011-06,1,110.78,40,-3,0
14824,2011-09,2,755.51,349,0,C
14824,2011-11,2,372.20000000000005,176,2,C
14825,2010-12,2,396.43,141,-9,C
14825,2011-02,1,235.44,173,-7,0
14825,2011-03,1,247.4,52,-6,0
14825,2011-05,1,140.70000000000002,44,-4,0
14825,2011-06,1,181.45000000000002,83,-3,0
14825,2011-08,1,132.05,47,-1,0
14825,2011-09,1,160.20000000000002,72,0,0
14825,2011-10,1,151.24,65,1,0
14825,2011-11,2,475.01,233,2,C
14825,2011-12,1,101.09,79,3,0
14828,2011-01,1,582.0,968,-8,0
14828,2011-03,1,493.92,696,-6,0
14828,2011-05,1,1063.8400000000001,508,-4,0
14829,2010-12,2,385.33,290,-9,C
14829,2011-06,1,146.3,74,-3,0
14829,2011-11,1,165.92,88,2,0
14830,2011-10,1,188.88,164,1,0
14834,2011-04,1,243.69,81,-5,0
14834,2011-08,1,185.61,99,-1,0
14834,2011-09,1,421.90000000000003,196,0,0
14834,2011-10,1,343.94,116,1,0
14834,2011-11,2,525.16,242,2,C
14836,2011-11,3,102.44999999999999,45,2,C
14837,2011-05,1,492.26,338,-4,0
14837,2011-06,1,465.18,550,-3,0
14837,2011-08,1,388.12,338,-1,0
14837,2011-09,1,303.94,210,0,0
14840,2011-03,1,62.85,31,-6,0
14841,2010-12,1,395.16,274,-9,0
14841,2011-02,1,596.79,355,-7,0
14841,2011-03,1,789.9,322,-6,0
14841,2011-06,1,593.72,284,-3,0
14841,2011-10,2,920.19,543,1,C
14842,2011-02,1,310.0,5,-7,0
14842,2011-06,1,1378.48,628,-3,0
14842,2011-09,1,213.04000000000002,78,0,0
14842,2011-10,1,923.17,455,1,0
14844,2011-04,1,874.5500000000001,582,-5,0
14844,2011-06,1,668.8,354,-3,0
14844,2011-08,1,714.33,365,-1,0
14844,2011-10,1,932.13,532,1,0
14847,2011-07,1,309.4,120,-2,0
14849,2010-12,5,566.89,306,-9,C
14849,2011-01,1,459.84000000000003,316,-8,0
14849,2011-02,2,401.29999999999995,153,-7,C
14849,2011-04,1,422.34000000000003,377,-5,0
14849,2011-05,1,562.54,387,-4,0
14849,2011-06,2,984.74,827,-3,C
14849,2011-07,1,813.89,567,-2,0
14849,2011-08,2,813.71,691,-1,C
14849,2011-09,2,759.28,464,0,C
14849,2011-10,2,785.35,605,1,C
14849,2011-11,6,1360.66,1001,2,C
14850,2011-02,1,325.75,293,-7,0
14851,2011-03,1,206.13,139,-6,0
14851,2011-11,1,305.22,186,2,0
14852,2011-04,1,490.4,368,-5,0
14852,2011-06,2,717.85,379,-3,C
14852,2011-07,1,425.96,266,-2,0
14852,2011-09,1,554.21,377,0,0
14852,2011-10,1,648.27,357,1,0
14853,2011-05,1,214.5,34,-4,0
14853,2011-11,1,261.3,48,2,0
14854,2011-03,1,462.28000000000003,288,-6,0
14854,2011-04,2,729.05,395,-5,C
14854,2011-06,2,722.05,603,-3,C
14854,2011-07,1,368.45,143,-2,0
14854,2011-09,1,458.2,391,0,0
14855,2011-07,1,306.35,129,-2,0
14855,2011-08,1,339.3,138,-1,0
14856,2011-10,1,982.42,482,1,0
14856,2011-11,2,308.11,229,2,C
14857,2011-07,1,522.52,188,-2,0
14857,2011-10,1,650.6,276,1,0
14859,2011-05,1,296.86,209,-4,0
14859,2011-09,1,630.26,254,0,0
14859,2011-11,2,426.62,208,2,C
14860,2011-11,1,170.32,232,2,0
14861,2011-10,1,125.79,117,1,0
14862,2011-07,1,304.09999999999997,430,-2,0
14862,2011-11,1,537.1,342,2,0
14863,2011-11,1,266.76,132,2,0
14865,2010-12,1,37.2,96,-9,0
14865,2011-12,1,15.0,12,3,0
14866,2010-12,1,103.67999999999999,144,-9,0
14866,2011-07,2,119.42,24,-2,C
14866,2011-08,1,940.8,384,-1,0
14866,2011-09,1,5639.52,2472,0,0
14866,2011-10,3,4905.22,2482,1,C
14866,2011-11,4,2681.26,1246,2,C
14867,2011-01,1,300.74,118,-8,0
14867,2011-05,1,313.4,136,-4,0
14867,2011-06,1,96.14,74,-3,0
14868,2011-04,1,439.33,231,-5,0
14868,2011-07,2,457.14,224,-2,C
14868,2011-08,1,400.6,234,-1,0
14868,2011-09,1,337.70000000000005,182,0,0
14868,2011-11,2,928.73,389,2,C
14868,2011-12,1,390.09000000000003,145,3,0
14869,2011-08,1,387.06,354,-1,0
14869,2011-12,1,334.39,195,3,0
14870,2011-03,1,327.25,119,-6,0
14871,2010-12,1,120.95,33,-9,0
14871,2011-03,1,108.2,38,-6,0
14871,2011-06,1,106.15,38,-3,0
14871,2011-12,1,165.98000000000002,70,3,0
14873,2011-05,1,519.68,168,-4,0
14875,2011-03,1,362.0,100,-6,0
14875,2011-08,1,1103.32,458,-1,0
14878,2010-12,1,322.01,135,-9,0
14878,2011-02,1,111.88,58,-7,0
14878,2011-03,1,197.89,181,-6,0
14878,2011-05,1,219.96,151,-4,0
14878,2011-06,2,231.28,102,-3,C
14878,2011-09,1,101.24,64,0,0
14878,2011-11,2,291.83,108,2,C
14880,2011-02,1,129.2,66,-7,0
14880,2011-06,1,218.47,171,-3,0
14880,2011-09,1,342.92,128,0,0
14881,2011-11,1,255.4,316,2,0
14882,2011-11,2,589.7,158,2,C
14883,2011-05,1,310.56,234,-4,0
14883,2011-06,1,47.92,88,-3,0
14883,2011-09,2,213.51,270,0,C
14883,2011-10,1,94.08,108,1,0
14883,2011-11,1,95.52000000000001,90,2,0
14885,2011-07,1,765.3199999999999,724,-2,0
14886,2011-04,1,364.8,160,-5,0
14887,2011-09,1,1862.0,1100,0,0
14888,2011-05,1,369.2,184,-4,0
14889,2011-01,1,135.9,90,-8,0
14890,2011-03,1,125.65,51,-6,0
14891,2011-06,1,449.38,434,-3,0
14891,2011-07,1,105.0,71,-2,0
14893,2011-11,2,1237.8500000000001,799,2,C
14894,2011-09,1,655.75,265,0,0
14895,2011-02,1,2346.34,964,-7,0
14895,2011-04,1,500.35,181,-5,0
14895,2011-05,1,1073.09,361,-4,0
14895,2011-06,2,809.98,341,-3,C
14895,2011-07,3,479.03000000000003,279,-2,C
14895,2011-08,2,872.9200000000001,300,-1,C
14895,2011-09,3,1893.08,992,0,C
14895,2011-10,3,1467.3799999999999,673,1,C
14895,2011-11,1,770.92,305,2,0
14895,2011-12,3,925.62,455,3,C
14896,2010-12,1,257.22,184,-9,0
14896,2011-05,1,211.55,95,-4,0
14897,2011-02,1,175.5,122,-7,0
14897,2011-09,1,169.9,30,0,0
14897,2011-10,1,400.91999999999996,170,1,0
14897,2011-12,1,620.0600000000001,146,3,0
14898,2010-12,1,98.5,18,-9,0
14898,2011-01,1,157.2,96,-8,0
14898,2011-02,1,168.35,59,-7,0
14898,2011-04,1,186.88,248,-5,0
14898,2011-07,1,380.25,431,-2,0
14898,2011-11,1,278.13,149,2,0
14901,2010-12,3,497.04999999999995,206,-9,C
14901,2011-08,2,325.07,203,-1,C
14901,2011-09,2,271.71000000000004,113,0,C
14901,2011-11,2,327.46,139,2,C
14902,2011-11,1,332.66,218,2,0
14903,2011-03,1,529.88,232,-6,0
14903,2011-04,1,580.58,284,-5,0
14903,2011-05,1,686.47,406,-4,0
14903,2011-08,1,601.6899999999999,408,-1,0
14903,2011-11,1,396.71,201,2,0
14904,2011-11,1,396.96,593,2,0
14904,2011-12,1,628.48,1392,3,0
14905,2011-04,1,308.55,141,-5,0
14905,2011-07,1,307.6,146,-2,0
14907,2010-12,3,960.69,364,-9,C
14907,2011-07,1,971.13,569,-2,0
14907,2011-09,1,676.36,374,0,0
14907,2011-11,1,416.56,116,2,0
14907,2011-12,1,476.36,268,3,0
14908,2011-09,1,277.8,132,0,0
14910,2011-10,1,214.41,98,1,0
14910,2011-11,2,109.14,60,2,C
14910,2011-12,1,110.8,80,3,0
14911,2010-12,13,7737.9400000000005,3321,-9,C
14911,2011-01,6,5129.47,2596,-8,C
14911,2011-02,4,1471.19,686,-7,C
14911,2011-03,15,10452.18,4315,-6,C
14911,2011-04,8,4572.32,2588,-5,C
14911,2011-05,15,9431.64,4476,-4,C
14911,2011-06,17,10078.2,5766,-3,C
14911,2011-07,16,13412.58,8891,-2,C
14911,2011-08,12,12095.49,6785,-1,C
14911,2011-09,28,21254.12,11179,0,C
14911,2011-10,24,18401.39,13231,1,C
14911,2011-11,34,22695.73,12460,2,C
14911,2011-12,9,6978.92,3946,3,C
14912,2011-04,1,482.78999999999996,445,-5,0
14912,2011-11,1,385.06,526,2,0
14913,2010-12,1,300.87,423,-9,0
14913,2011-03,1,314.96,484,-6,0
14913,2011-06,1,301.32,455,-3,0
14913,2011-11,1,310.28000000000003,381,2,0
14915,2011-03,1,142.28,76,-6,0
14915,2011-09,1,165.20000000000002,36,0,0
14916,2011-01,1,295.05,243,-8,0
14916,2011-07,1,406.22999999999996,361,-2,0
14916,2011-09,2,567.7,532,0,C
14918,2011-07,1,765.4200000000001,312,-2,0
14918,2011-08,1,844.73,363,-1,0
14920,2011-05,2,977.77,509,-4,C
14921,2011-05,1,903.01,631,-4,0
14921,2011-11,1,413.06,322,2,0
14923,2011-10,1,749.1,418,1,0
14924,2011-04,1,310.05,64,-5,0
14929,2011-11,1,223.88,136,2,0
14930,2011-03,1,1104.13,701,-6,0
14930,2011-08,2,1258.83,459,-1,C
14931,2011-04,1,293.0,97,-5,0
14931,2011-05,1,293.0,1,-4,0
14931,2011-09,1,261.65,181,0,0
14931,2011-11,1,211.63,78,2,0
14931,2011-12,1,198.4,60,3,0
14932,2010-12,1,363.53,80,-9,0
14934,2011-03,1,828.84,459,-6,0
14934,2011-09,1,1062.1,583,0,0
14935,2011-02,1,1784.71,935,-7,0
14936,2011-03,1,1576.3600000000001,944,-6,0
14936,2011-06,1,2060.0299999999997,836,-3,0
14936,2011-08,1,1436.49,572,-1,0
14936,2011-10,3,1761.0,1095,1,C
14936,2011-11,2,1303.14,638,2,C
14937,2011-08,1,759.56,172,-1,0
14937,2011-10,2,862.3199999999999,312,1,C
14944,2011-02,2,754.29,348,-7,C
14944,2011-05,2,570.04,296,-4,C
14944,2011-06,1,507.70000000000005,357,-3,0
14944,2011-07,1,675.7,382,-2,0
14944,2011-09,3,2414.78,1082,0,C
14944,2011-11,3,977.74,350,2,C
14946,2011-11,1,100.9,22,2,0
14947,2011-08,1,178.5,118,-1,0
14947,2011-09,1,112.32,61,0,0
14948,2011-05,1,278.4,72,-4,0
14948,2011-07,1,265.27,281,-2,0
14948,2011-08,1,13.2,8,-1,0
14948,2011-09,2,277.4,208,0,C
14948,2011-11,1,267.7,104,2,0
14950,2011-11,1,371.2,136,2,0
14951,2011-09,1,311.69,311,0,0
14952,2010-12,1,686.16,472,-9,0
14952,2011-02,2,1497.67,653,-7,C
14952,2011-05,4,1350.78,662,-4,C
14952,2011-09,2,3189.64,1164,0,C
14952,2011-10,2,1375.24,404,1,C
14953,2011-11,1,285.67,224,2,0
14954,2011-11,1,294.85,117,2,0
14957,2011-03,1,58.49,34,-6,0
14958,2011-04,1,194.7,69,-5,0
14958,2011-06,1,181.63,39,-3,0
14958,2011-07,1,107.39999999999999,20,-2,0
14959,2011-02,1,178.66,138,-7,0
14959,2011-05,1,243.72,204,-4,0
14959,2011-08,1,114.94,58,-1,0
14959,2011-10,1,158.1,94,1,0
14960,2011-06,1,88.3,20,-3,0
14960,2011-12,1,132.97,201,3,0
14961,2010-12,2,1182.7,566,-9,C
14961,2011-02,1,920.33,531,-7,0
14961,2011-04,2,1076.63,599,-5,C
14961,2011-07,1,727.32,456,-2,0
14961,2011-09,2,1992.95,1099,0,C
14961,2011-11,1,1144.75,457,2,0
14962,2011-03,1,126.7,44,-6,0
14963,2011-06,1,294.2,167,-3,0
14963,2011-10,1,314.15,268,1,0
14963,2011-11,3,863.99,724,2,C
14964,2011-04,1,206.21,143,-5,0
14965,2011-09,2,596.09,363,0,C
14966,2011-11,1,183.02,179,2,0
14967,2011-10,1,463.8,140,1,0
14968,2011-11,1,147.59,127,2,0
14970,2011-01,1,337.5,50,-8,0
14970,2011-04,1,444.75,65,-5,0
14970,2011-07,1,337.5,50,-2,0
14970,2011-10,1,472.31,85,1,0
14971,2011-10,1,606.61,283,1,0
14971,2011-11,2,491.37,356,2,C
14972,2011-08,1,114.77,28,-1,0
14973,2011-04,1,654.6,51,-5,0
14973,2011-07,1,356.89,255,-2,0
14973,2011-08,1,302.96000000000004,63,-1,0
14974,2011-11,1,89.94,37,2,0
14975,2011-10,1,279.94,380,1,0
14976,2011-01,1,155.95,27,-8,0
14976,2011-03,1,115.57000000000001,46,-6,0
14976,2011-05,1,178.74,42,-4,0
14976,2011-08,1,109.7,47,-1,0
14976,2011-10,3,230.9,72,1,C
14978,2011-01,2,681.59,188,-8,C
14978,2011-02,1,450.81,143,-7,0
14978,2011-04,1,394.83000000000004,84,-5,0
14978,2011-09,1,394.14,108,0,0
14981,2011-04,1,102.12,97,-5,0
14984,2011-06,1,102.23,20,-3,0
14984,2011-11,1,100.14,38,2,0
14985,2010-12,1,119.77,85,-9,0
14985,2011-05,1,172.24,171,-4,0
14987,2010-12,1,163.2,64,-9,0
14987,2011-11,1,163.2,64,2,0
14988,2011-05,1,334.54,141,-4,0
14995,2011-03,1,119.31,51,-6,0
14995,2011-11,1,112.67,51,2,0
14997,2011-06,1,155.28,312,-3,0
14997,2011-09,1,278.4,612,0,0
14997,2011-10,1,112.52,196,1,0
14998,2011-04,1,183.64,105,-5,0
14998,2011-06,1,231.23,153,-3,0
15000,2011-10,1,490.52,218,1,0
15002,2010-12,1,631.65,279,-9,0
15002,2011-01,1,261.5,138,-8,0
15002,2011-02,1,254.44,108,-7,0
15002,2011-08,1,494.17,337,-1,0
15004,2011-07,1,1220.77,623,-2,0
15005,2010-12,2,470.41,266,-9,C
15005,2011-01,1,141.05,67,-8,0
15005,2011-02,1,203.58,85,-7,0
15005,2011-03,2,468.65999999999997,223,-6,C
15005,2011-04,3,592.76,373,-5,C
15005,2011-05,3,777.09,511,-4,C
15005,2011-06,3,821.4,704,-3,C
15005,2011-07,2,409.79,303,-2,C
15005,2011-08,2,429.49,351,-1,C
15005,2011-09,3,619.61,348,0,C
15005,2011-10,3,511.39,329,1,C
15005,2011-11,3,850.14,670,2,C
15006,2011-10,1,480.38,286,1,0
15007,2011-07,1,156.91,69,-2,0
15009,2011-11,3,1259.43,639,2,C
15010,2011-11,1,308.94,184,2,0
15012,2010-12,1,188.56,84,-9,0
15012,2011-10,1,216.48,141,1,0
15014,2011-06,1,117.72999999999999,68,-3,0
15014,2011-10,1,139.94,81,1,0
15016,2011-06,1,170.04,76,-3,0
15017,2011-11,1,125.58,63,2,0
15018,2010-12,1,111.25,21,-9,0
15018,2011-04,1,180.09,73,-5,0
15018,2011-11,1,204.87,95,2,0
15019,2011-03,1,252.81,150,-6,0
15021,2010-12,1,198.09,90,-9,0
15021,2011-03,1,188.7,110,-6,0
15021,2011-05,1,277.97,110,-4,0
15021,2011-06,1,213.09,116,-3,0
15021,2011-07,1,202.38,79,-2,0
15021,2011-09,1,305.13,125,0,0
15021,2011-11,2,244.44,79,2,C
15021,2011-12,1,241.97,110,3,0
15022,2011-10,1,317.88,228,1,0
15022,2011-11,3,534.51,299,2,C
15023,2010-12,1,429.40000000000003,226,-9,0
15023,2011-01,1,554.95,347,-8,0
15023,2011-03,1,759.44,414,-6,0
15023,2011-05,1,1031.59,607,-4,0
15023,2011-06,1,817.83,257,-3,0
15023,2011-07,2,763.88,177,-2,C
15023,2011-08,1,670.88,165,-1,0
15023,2011-10,2,1000.8000000000001,309,1,C
15023,2011-12,1,691.64,325,3,0
15024,2010-12,2,491.22,259,-9,C
15024,2011-02,1,189.37,74,-7,0
15024,2011-08,2,150.03,71,-1,C
15024,2011-10,2,222.11,164,1,C
15024,2011-11,3,583.7,334,2,C
15025,2011-11,1,361.96,184,2,0
15026,2011-03,1,108.97999999999999,58,-6,0
15026,2011-04,1,121.80000000000001,23,-5,0
15026,2011-09,1,238.22,204,0,0
15027,2011-04,1,341.4,140,-5,0
15027,2011-05,1,312.71999999999997,264,-4,0
15027,2011-06,1,312.85,119,-3,0
15027,2011-11,1,99.18,42,2,0
15028,2010-12,1,185.97,119,-9,0
15028,2011-10,2,326.46,278,1,C
15028,2011-12,1,114.7,62,3,0
15030,2011-03,1,152.76,156,-6,0
15030,2011-09,1,365.52000000000004,216,0,0
15031,2011-03,1,150.83,67,-6,0
15031,2011-08,1,110.96000000000001,48,-1,0
15031,2011-11,1,230.82,230,2,0
15031,2011-12,1,160.58,55,3,0
15032,2010-12,2,2770.6,1658,-9,C
15032,2011-03,1,2188.5,1310,-6,0
15033,2011-01,1,556.55,353,-8,0
15033,2011-03,1,179.73,117,-6,0
15033,2011-05,1,419.34,189,-4,0
15033,2011-07,1,169.8,100,-2,0
15033,2011-08,2,283.53000000000003,144,-1,C
15033,2011-10,2,507.39,371,1,C
15033,2011-11,1,273.04,260,2,0
15033,2011-12,1,167.8,138,3,0
15034,2010-12,1,820.4,448,-9,0
15034,2011-01,1,583.45,184,-8,0
15034,2011-03,1,246.76000000000002,152,-6,0
15034,2011-04,2,989.77,542,-5,C
15034,2011-09,1,624.03,336,0,0
15034,2011-11,2,1009.75,751,2,C
15035,2011-09,1,252.73000000000002,245,0,0
15036,2011-06,2,212.49,143,-3,C
15036,2011-09,1,217.07,173,0,0
15038,2010-12,1,118.88,43,-9,0
15038,2011-04,1,157.6,29,-5,0
15038,2011-05,1,105.13,19,-4,0
15038,2011-06,1,116.09,32,-3,0
15038,2011-10,2,188.04,89,1,C
15039,2010-12,2,1291.66,481,-9,C
15039,2011-01,6,2754.95,1516,-8,C
15039,2011-02,5,2083.81,918,-7,C
15039,2011-03,4,1990.32,927,-6,C
15039,2011-04,4,2290.3,894,-5,C
15039,2011-05,4,2465.92,1023,-4,C
15039,2011-06,5,2552.21,1488,-3,C
15039,2011-07,3,851.65,382,-2,C
15039,2011-08,3,1221.74,492,-1,C
15039,2011-09,3,1152.63,452,0,C
15039,2011-10,3,300.87,148,1,C
15039,2011-11,5,810.53,410,2,C
15041,2011-06,1,179.93,103,-3,0
15042,2011-05,1,135.93,30,-4,0
15043,2011-11,1,537.0,300,2,0
15044,2010-12,4,2089.55,650,-9,C
15044,2011-01,1,263.0,87,-8,0
15044,2011-02,2,816.0500000000001,312,-7,C
15044,2011-03,1,346.7,70,-6,0
15044,2011-04,2,465.58000000000004,126,-5,C
15044,2011-05,1,474.85,109,-4,0
15044,2011-06,1,542.74,137,-3,0
15044,2011-07,1,154.21,48,-2,0
15044,2011-09,1,347.85,83,0,0
15044,2011-10,2,1283.13,439,1,C
15044,2011-11,1,851.07,724,2,0
15045,2011-03,1,388.9,38,-6,0
15045,2011-07,1,346.76,76,-2,0
15046,2011-01,2,730.5999999999999,358,-8,C
15046,2011-02,3,457.59000000000003,266,-7,C
15046,2011-04,1,328.55,125,-5,0
15046,2011-05,2,759.87,453,-4,C
15046,2011-06,1,602.8,574,-3,0
15046,2011-08,1,943.07,675,-1,0
15046,2011-09,1,121.19999999999999,85,0,0
15046,2011-10,2,437.84999999999997,232,1,C
15046,2011-11,2,708.89,604,2,C
15047,2011-03,1,343.62,222,-6,0
15048,2010-12,1,98.7,32,-9,0
15048,2011-05,1,155.55,88,-4,0
15048,2011-08,1,67.23,50,-1,0
15048,2011-10,1,59.52,22,1,0
15049,2011-03,1,121.17000000000002,63,-6,0
15050,2011-09,2,1278.78,917,0,C
15050,2011-11,1,458.90999999999997,299,2,0
15051,2011-07,1,377.74,351,-2,0
15051,2011-10,1,759.9399999999999,535,1,0
15051,2011-11,1,245.68,124,2,0
15052,2011-01,1,207.73000000000002,79,-8,0
15053,2011-03,1,222.65,257,-6,0
15053,2011-07,1,255.95,257,-2,0
15053,2011-12,1,215.35,470,3,0
15054,2011-10,1,168.42,111,1,0
15054,2011-11,1,133.68,87,2,0
15057,2011-01,1,1131.0,614,-8,0
15057,2011-03,1,358.5,54,-6,0
15058,2011-01,2,291.82,125,-8,C
15058,2011-02,1,178.75,86,-7,0
15058,2011-04,2,259.29,125,-5,C
15058,2011-06,1,270.55,138,-3,0
15058,2011-08,1,234.35,133,-1,0
15058,2011-09,1,197.55,114,0,0
15058,2011-10,1,200.83,137,1,0
15058,2011-11,2,469.4,196,2,C
15059,2011-01,2,185.73,73,-8,C
15059,2011-02,1,184.18,57,-7,0
15059,2011-05,1,199.11,98,-4,0
15059,2011-06,1,163.91,75,-3,0
15059,2011-08,2,275.67,102,-1,C
15059,2011-10,2,329.12,199,1,C
15060,2011-11,3,277.64,236,2,C
15060,2011-12,1,16.61,21,3,0
15061,2010-12,12,19950.66,9171,-9,C
15061,2011-01,5,2718.25,1788,-8,C
15061,2011-02,1,2.42,2,-7,0
15061,2011-03,7,4321.63,3152,-6,C
15061,2011-04,1,81.6,96,-5,0
15061,2011-05,3,3648.36,1620,-4,C
15061,2011-06,3,1497.12,981,-3,C
15061,2011-07,4,3441.66,1803,-2,C
15061,2011-08,1,913.3,580,-1,0
15061,2011-09,4,3992.7599999999998,1871,0,C
15061,2011-10,3,4281.6,3426,1,C
15061,2011-11,3,5788.92,3020,2,C
15061,2011-12,1,3895.8599999999997,1410,3,0
15062,2010-12,1,209.08,164,-9,0
15062,2011-02,1,251.9,101,-7,0
15062,2011-05,1,353.06,276,-4,0
15062,2011-09,1,173.82,222,0,0
15063,2011-05,1,370.79999999999995,56,-4,0
15065,2011-02,1,773.66,548,-7,0
15065,2011-04,1,632.74,173,-5,0
15065,2011-06,1,1452.35,460,-3,0
15065,2011-11,1,299.38,202,2,0
15066,2011-10,1,893.59,317,1,0
15067,2011-03,1,848.05,335,-6,0
15067,2011-09,2,896.71,619,0,C
15068,2011-03,1,239.95999999999998,130,-6,0
15068,2011-10,1,313.4,234,1,0
15069,2011-06,1,1109.53,520,-3,0
15070,2010-12,1,106.2,36,-9,0
15071,2011-03,1,588.6700000000001,165,-6,0
15071,2011-09,1,393.40000000000003,104,0,0
15073,2011-06,2,861.96,428,-3,C
15073,2011-11,1,181.45,63,2,0
15074,2011-08,1,735.67,431,-1,0
15075,2011-09,1,773.03,447,0,0
15076,2011-06,1,880.85,571,-3,0
15078,2010-12,4,818.6500000000001,359,-9,C
15078,2011-01,1,379.7,170,-8,0
15078,2011-02,2,1020.2900000000001,501,-7,C
15078,2011-03,1,356.3,222,-6,0
15078,2011-04,2,580.26,332,-5,C
15078,2011-05,3,683.26,352,-4,C
15078,2011-06,1,345.7,188,-3,0
15078,2011-07,4,1124.79,543,-2,C
15078,2011-08,4,1393.64,720,-1,C
15078,2011-09,2,877.5600000000001,426,0,C
15078,2011-10,3,479.22,222,1,C
15078,2011-11,2,860.6600000000001,456,2,C
15078,2011-12,3,823.08,614,3,C
15079,2010-12,1,141.95,45,-9,0
15079,2011-01,1,367.29,235,-8,0
15079,2011-05,2,386.37,109,-4,C
15081,2010-12,1,111.15,57,-9,0
15081,2011-05,1,136.9,56,-4,0
15081,2011-09,1,88.2,20,0,0
15081,2011-10,1,80.30000000000001,32,1,0
15081,2011-11,1,88.25,25,2,0
15083,2011-03,1,88.2,38,-6,0
15087,2011-03,1,306.94,470,-6,0
15088,2011-10,1,864.19,340,1,0
15088,2011-11,1,295.88,120,2,0
15089,2011-08,2,1677.23,1085,-1,C
15089,2011-09,1,359.05,104,0,0
15089,2011-10,1,146.65,29,1,0
15089,2011-11,2,237.91,141,2,C
15090,2011-02,1,381.32,208,-7,0
15091,2011-10,1,480.71,346,1,0
15092,2011-03,1,323.16,116,-6,0
15092,2011-05,1,134.65,19,-4,0
15093,2010-12,1,623.73,879,-9,0
15093,2011-01,1,1220.4,628,-8,0
15093,2011-02,1,759.08,813,-7,0
15093,2011-05,1,793.47,617,-4,0
15093,2011-08,1,630.42,342,-1,0
15093,2011-11,1,569.9200000000001,481,2,0
15095,2011-05,1,770.5,705,-4,0
15095,2011-07,1,267.32,212,-2,0
15095,2011-08,2,332.78,162,-1,C
15096,2011-10,1,219.39000000000001,120,1,0
15097,2011-12,1,248.08,170,3,0
15098,2011-06,3,39916.5,121,-3,C
15099,2011-09,1,410.48,343,0,0
15100,2010-12,2,700.8,64,-9,C
15100,2011-01,1,175.2,16,-8,0
15101,2010-12,1,102.28,34,-9,0
15101,2011-12,1,215.25,207,3,0
15103,2011-09,1,291.68,148,0,0
15103,2011-11,1,411.68,181,2,0
15104,2011-03,1,374.64,220,-6,0
15104,2011-05,1,618.9,415,-4,0
15105,2011-07,1,532.98,274,-2,0
15105,2011-09,2,643.5600000000001,416,0,C
15105,2011-10,1,541.03,329,1,0
15105,2011-11,3,581.36,192,2,C
15106,2011-03,1,410.7,258,-6,0
15106,2011-05,1,367.75,302,-4,0
15106,2011-07,1,254.38,262,-2,0
15106,2011-10,1,269.63,237,1,0
15106,2011-11,1,120.06,122,2,0
15107,2010-12,2,177.05,69,-9,C
15107,2011-01,3,101.65,52,-8,C
15107,2011-02,1,40.8,48,-7,0
15108,2011-04,1,191.4,34,-5,0
15108,2011-06,2,432.05,130,-3,C
15108,2011-07,1,676.8,335,-2,0
15109,2011-04,1,484.95,131,-5,0
15110,2011-01,1,169.65,69,-8,0
15110,2011-08,1,206.9,52,-1,0
15110,2011-10,1,303.85,59,1,0
15110,2011-11,1,315.7,66,2,0
15111,2010-12,1,288.5,106,-9,0
15111,2011-10,1,949.3000000000001,456,1,0
15111,2011-11,1,329.68,148,2,0
15113,2011-10,1,2142.79,1370,1,0
15113,2011-11,2,1366.6399999999999,974,2,C
15114,2011-02,1,259.05,179,-7,0
15114,2011-04,1,215.34,234,-5,0
15114,2011-05,1,243.51999999999998,240,-4,0
15114,2011-06,1,309.34000000000003,350,-3,0
15114,2011-07,1,135.62,244,-2,0
15114,2011-08,1,191.14000000000001,262,-1,0
15114,2011-09,3,898.27,1023,0,C
15114,2011-11,1,508.28,564,2,0
15115,2011-11,1,340.11,157,2,0
15116,2011-05,1,479.65,147,-4,0
15116,2011-07,1,311.32,108,-2,0
15116,2011-10,1,411.78000000000003,276,1,0
15116,2011-11,1,150.0,117,2,0
15117,2011-05,1,312.4,670,-4,0
15117,2011-08,1,363.33,415,-1,0
15117,2011-10,1,526.3,294,1,0
15117,2011-11,2,349.75,569,2,C
15118,2011-07,1,244.8,1440,-2,0
15119,2011-04,1,266.4,88,-5,0
15120,2011-07,1,358.82,296,-2,0
15121,2011-02,1,295.15,125,-7,0
15121,2011-10,1,162.57,74,1,0
15122,2011-02,1,397.04,236,-7,0
15122,2011-05,1,533.57,261,-4,0
15122,2011-08,1,703.17,303,-1,0
15123,2011-05,1,1069.47,509,-4,0
15123,2011-12,1,1129.84,686,3,0
15124,2011-06,1,90.75,89,-3,0
15124,2011-11,1,93.44,144,2,0
15125,2011-03,1,3840.88,2224,-6,0
15125,2011-04,1,527.0,400,-5,0
15125,2011-05,2,2942.84,1340,-4,C
15125,2011-06,4,1069.46,578,-3,C
15125,2011-07,3,1414.42,767,-2,C
15125,2011-08,1,1000.88,600,-1,0
15125,2011-10,2,375.0,84,1,C
15125,2011-11,1,358.0,200,2,0
15127,2011-10,1,406.53,251,1,0
15128,2011-05,1,483.7,360,-4,0
15128,2011-06,1,374.4,385,-3,0
15128,2011-08,1,312.14,262,-1,0
15128,2011-10,1,300.76,336,1,0
15129,2011-02,1,355.40000000000003,117,-7,0
15129,2011-03,1,304.4,368,-6,0
15129,2011-05,2,460.58,374,-4,C
15129,2011-06,3,680.95,328,-3,C
15129,2011-07,1,299.4,228,-2,0
15129,2011-08,2,696.0,206,-1,C
15129,2011-10,1,650.67,173,1,0
15130,2011-06,1,330.11,197,-3,0
15132,2011-03,1,313.77,259,-6,0
15132,2011-05,1,176.1,118,-4,0
15132,2011-08,1,352.36,256,-1,0
15132,2011-10,1,106.20000000000002,36,1,0
15132,2011-11,1,29.5,10,2,0
15133,2011-02,1,333.2,106,-7,0
15133,2011-03,1,324.70000000000005,206,-6,0
15133,2011-08,1,324.52,368,-1,0
15134,2011-04,1,110.1,50,-5,0
15134,2011-05,1,129.35,113,-4,0
15134,2011-06,1,171.63,101,-3,0
15134,2011-08,1,203.78,126,-1,0
15134,2011-09,1,282.69,149,0,0
15134,2011-10,1,166.92000000000002,228,1,0
15134,2011-11,2,323.52000000000004,120,2,C
15135,2011-04,1,139.05,43,-5,0
15136,2011-09,1,582.9,374,0,0
15136,2011-11,1,446.90000000000003,238,2,0
15136,2011-12,2,256.9,164,3,C
15139,2011-01,1,122.10000000000001,102,-8,0
15139,2011-04,1,56.86,106,-5,0
15140,2011-03,1,446.15,283,-6,0
15140,2011-04,1,354.78000000000003,270,-5,0
15140,2011-05,1,326.52,348,-4,0
15140,2011-08,2,600.66,365,-1,C
15140,2011-09,1,324.74,198,0,0
15140,2011-10,1,301.4,108,1,0
15142,2011-10,1,498.74,365,1,0
15143,2011-04,1,259.45,150,-5,0
15144,2011-01,1,378.32,264,-8,0
15144,2011-03,2,270.4,208,-6,C
15144,2011-05,2,1046.3,326,-4,C
15144,2011-07,3,767.02,458,-2,C
15144,2011-08,1,506.90000000000003,194,-1,0
15144,2011-09,3,1036.7,618,0,C
15144,2011-10,3,1352.66,466,1,C
15144,2011-11,1,696.24,314,2,0
15144,2011-12,1,525.9,202,3,0
15145,2011-04,2,724.03,438,-5,C
15145,2011-10,1,312.34,190,1,0
15145,2011-12,1,158.36,128,3,0
15146,2011-02,1,834.22,914,-7,0
15146,2011-06,1,492.94,559,-3,0
15147,2011-04,1,623.5,366,-5,0
15148,2011-11,1,301.29,187,2,0
15149,2011-07,1,520.8000000000001,128,-2,0
15150,2011-03,1,501.25,331,-6,0
15150,2011-06,1,816.8199999999999,623,-3,0
15150,2011-07,1,292.82,184,-2,0
15150,2011-08,2,1958.73,1336,-1,C
15150,2011-09,2,790.67,563,0,C
15150,2011-11,3,931.04,605,2,C
15152,2011-06,1,756.1,429,-3,0
15152,2011-07,2,615.24,302,-2,C
15152,2011-08,3,1011.87,442,-1,C
15152,2011-09,1,329.02,240,0,0
15152,2011-10,2,616.31,417,1,C
15152,2011-11,4,1417.15,874,2,C
15153,2011-11,1,329.25,198,2,0
15154,2011-09,1,254.28,89,0,0
15156,2011-11,1,317.8,268,2,0
15156,2011-12,2,643.69,329,3,C
15157,2010-12,1,1085.46,1078,-9,0
15157,2011-07,1,419.91,832,-2,0
15157,2011-12,1,430.70000000000005,482,3,0
15158,2011-10,1,401.40000000000003,198,1,0
15159,2010-12,2,1860.98,988,-9,C
15159,2011-01,2,837.14,520,-8,C
15159,2011-03,2,654.1,134,-6,C
15159,2011-04,2,863.2,371,-5,C
15159,2011-05,3,810.95,289,-4,C
15159,2011-06,4,1119.22,636,-3,C
15159,2011-07,2,1429.8,1588,-2,C
15159,2011-08,1,1394.58,1140,-1,0
15159,2011-09,2,593.88,345,0,C
15159,2011-10,5,4978.17,3127,1,C
15159,2011-11,2,2264.2000000000003,1220,2,C
15159,2011-12,3,1834.79,1083,3,C
15160,2010-12,1,158.16,84,-9,0
15163,2011-05,1,155.0,48,-4,0
15163,2011-11,1,149.47,138,2,0
15164,2011-01,1,168.44,48,-8,0
15164,2011-05,1,194.79,94,-4,0
15164,2011-10,1,461.35,209,1,0
15165,2010-12,1,487.75,160,-9,0
15167,2011-01,1,158.8,65,-8,0
15168,2011-11,1,106.56,52,2,0
15171,2011-01,1,1289.5,290,-8,0
15172,2011-04,1,346.4,194,-5,0
15172,2011-05,1,179.8,286,-4,0
15172,2011-07,1,360.54,358,-2,0
15172,2011-09,1,361.21,387,0,0
15172,2011-12,1,376.1,386,3,0
15174,2011-01,1,135.75,145,-8,0
15175,2011-09,1,224.14,454,0,0
15178,2011-03,1,40.5,30,-6,0
15179,2011-01,1,1285.62,1244,-8,0
15179,2011-04,2,169.5,50,-5,C
15179,2011-10,1,188.55,222,1,0
15179,2011-11,1,563.28,422,2,0
15180,2010-12,1,87.5,36,-9,0
15181,2011-03,1,300.0,48,-6,0
15181,2011-06,1,135.0,204,-3,0
15181,2011-10,1,254.48,292,1,0
15182,2011-03,1,370.48,144,-6,0
15182,2011-07,1,252.37,109,-2,0
15184,2011-06,1,235.23000000000002,73,-3,0
15184,2011-11,1,166.97,126,2,0
15185,2011-09,1,310.62,666,0,0
15186,2011-06,1,229.26,162,-3,0
15186,2011-11,1,182.15,53,2,0
15187,2011-05,1,431.6,172,-4,0
15187,2011-06,1,607.2,128,-3,0
15187,2011-07,1,413.64,248,-2,0
15187,2011-08,1,99.60000000000001,24,-1,0
15187,2011-09,4,829.02,475,0,C
15187,2011-10,1,306.0,24,1,0
15187,2011-11,4,1257.6399999999999,506,2,C
15187,2011-12,3,832.48,310,3,C
15189,2011-01,2,718.48,248,-8,C
15189,2011-02,2,624.58,342,-7,C
15189,2011-03,4,1097.68,264,-6,C
15189,2011-04,5,1174.01,387,-5,C
15189,2011-05,2,1306.6999999999998,446,-4,C
15189,2011-06,4,1397.98,570,-3,C
15189,2011-07,5,2403.41,984,-2,C
15189,2011-08,4,2405.7,786,-1,C
15189,2011-09,5,1507.23,600,0,C
15189,2011-10,1,393.6,288,1,0
15189,2011-11,4,2001.3600000000001,744,2,C
15189,2011-12,3,1194.66,490,3,C
15192,2010-12,1,315.0,196,-9,0
15192,2011-06,1,422.99,441,-3,0
15192,2011-08,1,306.33,281,-1,0
15193,2011-10,1,499.32,144,1,0
15194,2010-12,3,1558.99,1268,-9,C
15194,2011-01,2,647.12,468,-8,C
15194,2011-03,1,307.62,255,-6,0
15194,2011-04,1,335.07,145,-5,0
15194,2011-05,2,812.38,457,-4,C
15194,2011-06,1,406.33,386,-3,0
15194,2011-08,1,402.02,304,-1,0
15194,2011-09,2,1018.69,673,0,C
15194,2011-11,1,1421.67,989,2,0
15194,2011-12,1,706.64,758,3,0
15195,2011-12,1,3861.0,1404,3,0
15197,2010-12,1,556.5,78,-9,0
15197,2011-04,1,216.75,124,-5,0
15197,2011-11,1,306.36,267,2,0
15198,2011-08,1,107.64,64,-1,0
15198,2011-09,1,86.0,56,0,0
15199,2011-02,1,353.09999999999997,118,-7,0
15199,2011-04,1,304.04999999999995,109,-5,0
15199,2011-09,1,310.6,78,0,0
15199,2011-10,1,300.95,91,1,0
15201,2011-04,1,301.48,308,-5,0
15201,2011-05,1,300.79,351,-4,0
15201,2011-08,2,330.99,255,-1,C
15201,2011-09,1,303.28000000000003,296,0,0
15203,2011-02,1,211.94,224,-7,0
15203,2011-05,1,480.96,449,-4,0
15203,2011-07,1,301.98,426,-2,0
15203,2011-08,1,333.44,240,-1,0
15203,2011-09,1,189.4,125,0,0
15203,2011-11,1,310.08,289,2,0
15204,2010-12,1,316.58,258,-9,0
15205,2011-08,1,476.29999999999995,196,-1,0
15205,2011-09,1,176.94,182,0,0
15206,2011-03,1,17.700000000000003,6,-6,0
15206,2011-07,1,35.400000000000006,12,-2,0
15206,2011-09,1,183.6,72,0,0
15206,2011-11,1,183.6,72,2,0
15208,2010-12,1,65.4,20,-9,0
15208,2011-06,1,258.12,134,-3,0
15208,2011-10,1,172.3,64,1,0
15208,2011-11,1,166.7,50,2,0
15208,2011-12,1,207.6,48,3,0
15210,2011-04,1,331.18,228,-5,0
15211,2010-12,1,383.07,117,-9,0
15211,2011-10,1,511.34000000000003,123,1,0
15212,2011-04,1,101.8,36,-5,0
15213,2011-01,2,328.35,272,-8,C
15214,2011-04,1,514.9300000000001,402,-5,0
15214,2011-06,1,136.7,154,-3,0
15214,2011-09,1,305.12,184,0,0
15214,2011-10,1,104.6,59,1,0
15214,2011-11,3,471.33,303,2,C
15214,2011-12,1,128.76,152,3,0
15215,2011-09,1,300.04,92,0,0
15215,2011-10,2,434.90000000000003,133,1,C
15216,2011-09,1,96.6,28,0,0
15218,2011-01,1,581.66,296,-8,0
15218,2011-03,1,527.85,299,-6,0
15218,2011-05,1,647.75,372,-4,0
15218,2011-06,1,690.3399999999999,397,-3,0
15218,2011-07,2,712.45,407,-2,C
15218,2011-08,2,705.3,487,-1,C
15218,2011-09,1,780.56,370,0,0
15218,2011-10,1,303.3,186,1,0
15218,2011-11,1,807.68,515,2,0
15219,2011-06,1,305.75,45,-3,0
15220,2011-03,1,316.11,275,-6,0
15220,2011-04,1,195.68,116,-5,0
15220,2011-05,1,346.4,392,-4,0
15220,2011-06,1,88.62,78,-3,0
15220,2011-08,1,337.24,276,-1,0
15220,2011-10,1,494.91,256,1,0
15221,2010-12,1,403.25,43,-9,0
15222,2011-01,1,585.0,440,-8,0
15223,2011-04,2,755.75,213,-5,C
15224,2010-12,2,322.08,152,-9,C
15225,2011-04,1,409.40000000000003,226,-5,0
15226,2011-02,1,154.41,71,-7,0
15227,2011-01,1,318.23,173,-8,0
15227,2011-02,1,306.84,208,-7,0
15227,2011-05,1,251.75,208,-4,0
15227,2011-11,2,342.58,161,2,C
15228,2011-02,1,904.85,751,-7,0
15228,2011-06,1,348.59999999999997,268,-3,0
15228,2011-08,1,970.58,486,-1,0
15228,2011-10,1,1162.68,750,1,0
15230,2011-04,2,429.6,351,-5,C
15232,2011-07,1,310.36,372,-2,0
15232,2011-08,1,301.7,314,-1,0
15234,2011-03,1,197.0,196,-6,0
15235,2010-12,3,694.64,392,-9,C
15235,2011-01,3,374.2,278,-8,C
15235,2011-02,3,392.1,287,-7,C
15235,2011-04,2,415.8,180,-5,C
15235,2011-05,1,370.77,187,-4,0
15236,2011-02,1,321.05,269,-7,0
15237,2011-04,1,938.9200000000001,670,-5,0
15237,2011-05,1,154.73,128,-4,0
15237,2011-09,1,235.07,185,0,0
15237,2011-12,1,83.6,88,3,0
15238,2011-06,1,300.14,222,-3,0
15238,2011-09,1,472.64,355,0,0
15238,2011-11,1,299.21000000000004,115,2,0
15239,2011-09,1,461.79,373,0,0
15239,2011-11,1,318.8,221,2,0
15240,2011-02,1,312.9,306,-7,0
15240,2011-04,1,316.2,204,-5,0
15240,2011-06,1,416.28000000000003,245,-3,0
15240,2011-09,1,337.17,234,0,0
15240,2011-10,1,324.02,380,1,0
15241,2011-03,1,395.33,434,-6,0
15241,2011-05,2,570.07,466,-4,C
15241,2011-06,1,99.96,76,-3,0
15241,2011-07,1,205.1,318,-2,0
15241,2011-08,1,74.4,264,-1,0
15241,2011-09,1,66.66,46,0,0
15241,2011-10,1,344.92,214,1,0
15243,2011-09,1,316.68,185,0,0
15244,2011-04,1,297.94,240,-5,0
15244,2011-10,1,333.63,165,1,0
15245,2011-03,1,1251.48,826,-6,0
15245,2011-06,1,486.24,408,-3,0
15245,2011-07,1,778.12,550,-2,0
15246,2010-12,1,186.0,86,-9,0
15246,2011-04,1,328.15000000000003,161,-5,0
15247,2011-08,1,356.0,160,-1,0
15249,2011-03,1,1001.82,478,-6,0
15249,2011-04,2,805.4,468,-5,C
15249,2011-05,2,1034.15,489,-4,C
15249,2011-07,1,819.0,456,-2,0
15249,2011-08,4,1696.66,1031,-1,C
15249,2011-09,1,282.31,149,0,0
15249,2011-10,1,641.57,307,1,0
15249,2011-11,1,407.55,199,2,0
15251,2011-04,1,2846.02,1918,-5,0
15251,2011-05,1,1249.7,730,-4,0
15251,2011-06,1,1393.48,748,-3,0
15251,2011-07,2,1222.32,1000,-2,C
15251,2011-08,2,740.6,180,-1,C
15251,2011-09,1,2243.7,1128,0,0
15251,2011-10,2,425.28999999999996,223,1,C
15251,2011-11,1,363.88,244,2,0
15252,2011-06,1,300.55,99,-3,0
15252,2011-11,1,440.23,423,2,0
15253,2011-06,1,173.85,211,-3,0
15253,2011-09,2,466.75,389,0,C
15253,2011-11,2,277.59999999999997,266,2,C
15254,2011-08,1,300.36,275,-1,0
15255,2011-10,1,890.85,489,1,0
15256,2011-07,1,98.45,55,-2,0
15257,2011-03,1,317.15,46,-6,0
15258,2011-05,1,315.66,78,-4,0
15258,2011-06,1,307.5,64,-3,0
15260,2010-12,2,420.5,254,-9,C
15260,2011-04,1,267.7,126,-5,0
15260,2011-05,1,194.4,94,-4,0
15260,2011-06,1,387.88,148,-3,0
15260,2011-07,1,345.14,190,-2,0
15260,2011-08,1,195.15,73,-1,0
15261,2011-07,1,254.82,270,-2,0
15262,2011-01,1,178.95000000000002,73,-8,0
15263,2011-08,1,156.51,89,-1,0
15264,2011-10,1,393.74,265,1,0
15265,2011-04,1,712.24,240,-5,0
15265,2011-07,1,793.88,372,-2,0
15266,2011-01,1,119.3,18,-8,0
15267,2011-06,1,1035.76,488,-3,0
15267,2011-07,1,372.0,216,-2,0
15267,2011-10,2,180.0,144,1,C
15267,2011-11,1,129.6,96,2,0
15269,2011-11,1,408.8,26,2,0
15270,2011-02,3,1013.5,412,-7,C
15270,2011-04,1,300.25,265,-5,0
15270,2011-08,1,536.54,340,-1,0
15270,2011-11,2,529.2,504,2,C
15271,2010-12,1,111.75,78,-9,0
15271,2011-01,1,253.1,86,-8,0
15271,2011-04,1,147.6,68,-5,0
15271,2011-05,2,223.16,124,-4,C
15271,2011-06,2,320.84,160,-3,C
15271,2011-08,2,311.85,196,-1,C
15271,2011-09,1,224.28,74,0,0
15271,2011-10,2,433.95,206,1,C
15271,2011-11,2,274.73,135,2,C
15271,2011-12,1,192.07999999999998,124,3,0
15272,2011-09,1,298.96,182,0,0
15272,2011-10,1,422.98,128,1,0
15274,2011-11,1,383.99,377,2,0
15274,2011-12,1,332.58000000000004,242,3,0
15275,2011-11,1,615.14,498,2,0
15276,2011-10,1,128.63,61,1,0
15277,2011-10,1,255.89999999999998,205,1,0
15279,2010-12,1,290.51,189,-9,0
15280,2011-06,1,113.12,154,-3,0
15281,2011-01,1,780.42,518,-8,0
15281,2011-02,1,234.15,85,-7,0
15281,2011-04,2,356.63,169,-5,C
15281,2011-05,2,556.21,233,-4,C
15281,2011-07,2,264.37,123,-2,C
15281,2011-10,1,140.37,83,1,0
15286,2011-10,1,240.55,55,1,0
15287,2011-09,1,340.98,176,0,0
15287,2011-11,1,145.71,257,2,0
15288,2010-12,1,165.65,66,-9,0
15288,2011-03,1,986.75,371,-6,0
15288,2011-05,1,471.6,136,-4,0
15288,2011-07,1,382.36,148,-2,0
15288,2011-10,1,300.15999999999997,54,1,0
15289,2011-04,1,375.45,333,-5,0
15289,2011-07,1,322.53000000000003,435,-2,0
15289,2011-11,1,241.8,240,2,0
15290,2010-12,1,219.6,168,-9,0
15290,2011-01,2,334.5,230,-8,C
15290,2011-02,1,298.73,149,-7,0
15290,2011-03,2,527.15,249,-6,C
15290,2011-04,1,290.4,120,-5,0
15290,2011-05,1,362.19,217,-4,0
15290,2011-07,1,457.3,270,-2,0
15290,2011-08,3,902.72,320,-1,C
15290,2011-09,1,1067.28,532,0,0
15290,2011-10,1,1510.3600000000001,711,1,0
15290,2011-11,1,435.28,246,2,0
15290,2011-12,3,1537.71,1289,3,C
15291,2010-12,2,648.9,158,-9,C
15291,2011-01,2,723.29,189,-8,C
15291,2011-03,3,608.0,125,-6,C
15291,2011-04,2,699.4,360,-5,C
15291,2011-06,2,626.6800000000001,334,-3,C
15291,2011-09,1,378.75,291,0,0
15291,2011-11,3,983.28,646,2,C
15292,2011-05,1,178.39,55,-4,0
15296,2011-01,1,1199.33,679,-8,0
15296,2011-05,1,578.48,362,-4,0
15296,2011-06,2,313.68,100,-3,C
15296,2011-08,1,508.0,134,-1,0
15296,2011-10,1,1073.37,491,1,0
15297,2011-10,1,230.46,96,1,0
15297,2011-11,2,411.48,196,2,C
15298,2010-12,1,397.6,286,-9,0
15298,2011-01,2,475.48,517,-8,C
15298,2011-03,1,365.36,168,-6,0
15298,2011-06,1,538.76,354,-3,0
15298,2011-07,1,990.0,360,-2,0
15298,2011-09,1,591.02,435,0,0
15298,2011-10,2,476.3,234,1,C
15298,2011-11,2,653.16,328,2,C
15298,2011-12,1,312.22,434,3,0
15299,2010-12,3,1835.01,2097,-9,C
15299,2011-03,1,600.0,480,-6,0
15299,2011-06,1,600.0,1,-3,0
15299,2011-10,2,1472.0,370,1,C
15300,2011-10,1,496.44,292,1,0
15301,2010-12,1,673.37,503,-9,0
15301,2011-03,1,622.5,150,-6,0
15301,2011-04,1,501.22,258,-5,0
15301,2011-05,1,306.90999999999997,311,-4,0
15301,2011-06,3,709.11,331,-3,C
15301,2011-07,1,410.84999999999997,123,-2,0
15301,2011-08,1,503.44,322,-1,0
15301,2011-09,2,718.79,303,0,C
15301,2011-10,1,603.76,450,1,0
15303,2011-02,1,574.02,248,-7,0
15304,2010-12,1,123.15,21,-9,0
15304,2011-03,2,156.45,19,-6,C
15304,2011-04,1,51.0,4,-5,0
15304,2011-05,1,51.0,4,-4,0
15304,2011-06,1,110.30000000000001,26,-3,0
15304,2011-09,1,90.6,12,0,0
15304,2011-10,1,111.9,18,1,0
15306,2011-07,1,344.62,278,-2,0
15306,2011-09,1,312.45,234,0,0
15306,2011-10,1,517.28,298,1,0
15307,2011-09,1,205.3,37,0,0
15308,2011-03,1,310.47,175,-6,0
15311,2010-12,9,2660.01,1158,-9,C
15311,2011-01,10,5511.24,3336,-8,C
15311,2011-02,7,4688.25,3247,-7,C
15311,2011-03,5,6377.53,4479,-6,C
15311,2011-04,6,4502.93,2943,-5,C
15311,2011-05,6,5812.2,3797,-4,C
15311,2011-06,6,7441.83,4803,-3,C
15311,2011-07,8,4720.48,2918,-2,C
15311,2011-08,6,3282.07,2136,-1,C
15311,2011-09,7,3342.31,1862,0,C
15311,2011-10,8,3338.55,1850,1,C
15311,2011-11,10,7779.7,5110,2,C
15311,2011-12,3,1175.65,508,3,C
15312,2010-12,1,289.74,177,-9,0
15312,2011-05,1,318.15999999999997,163,-4,0
15312,2011-08,1,186.9,70,-1,0
15312,2011-09,1,130.05,106,0,0
15313,2011-08,1,52.0,25,-1,0
15314,2011-05,1,327.97,313,-4,0
15315,2011-08,1,233.54,262,-1,0
15315,2011-10,1,336.96,600,1,0
15316,2011-01,1,165.0,100,-8,0
15318,2011-12,1,312.62,642,3,0
15319,2011-03,1,204.5,175,-6,0
15320,2011-10,1,267.13,326,1,0
15321,2011-02,1,1159.47,545,-7,0
15321,2011-09,2,1588.8400000000001,636,0,C
15322,2011-09,1,679.68,416,0,0
15325,2011-08,1,161.74,231,-1,0
15326,2011-01,1,311.71,386,-8,0
15327,2011-10,1,208.75,116,1,0
15329,2011-06,1,309.1,112,-3,0
15329,2011-07,1,444.90000000000003,274,-2,0
15329,2011-10,1,295.7,100,1,0
15330,2011-10,1,320.4,744,1,0
15330,2011-11,1,394.56,568,2,0
15332,2010-12,4,1661.06,652,-9,C
15333,2011-05,1,1028.56,344,-4,0
15334,2011-06,2,223.29,159,-3,C
15334,2011-07,1,127.53,114,-2,0
15335,2011-10,1,170.22,79,1,0
15339,2011-01,1,257.9,159,-8,0
15339,2011-10,1,316.17,257,1,0
15341,2011-09,1,2020.52,812,0,0
15342,2011-08,1,406.09,283,-1,0
15343,2011-09,1,364.5,84,0,0
15344,2011-09,1,308.69,91,0,0
15344,2011-11,1,151.95,15,2,0
15344,2011-12,1,103.3,10,3,0
15345,2011-10,1,393.54,81,1,0
15346,2011-01,1,252.42000000000002,144,-8,0
15347,2010-12,1,201.60000000000002,130,-9,0
15348,2011-09,1,158.04,84,0,0
15349,2011-06,1,356.21,244,-3,0
15349,2011-07,1,107.7,77,-2,0
15350,2010-12,1,115.65,51,-9,0
15351,2010-12,1,274.67,129,-9,0
15351,2011-09,1,601.57,213,0,0
15351,2011-10,3,497.37,184,1,C
15351,2011-11,2,561.05,216,2,C
15353,2010-12,1,311.65,131,-9,0
15353,2011-03,1,458.47,210,-6,0
15355,2011-10,1,126.25,21,1,0
15355,2011-11,1,150.8,24,2,0
15356,2010-12,2,338.92,185,-9,C
15356,2011-02,1,251.29,114,-7,0
15356,2011-04,1,206.98,117,-5,0
15356,2011-05,1,364.47,222,-4,0
15356,2011-06,1,405.76,269,-3,0
15356,2011-07,1,361.83,268,-2,0
15356,2011-08,1,301.92,180,-1,0
15356,2011-09,1,336.82,194,0,0
15356,2011-11,1,150.04,94,2,0
15358,2010-12,2,624.55,476,-9,C
15358,2011-01,2,1144.74,1137,-8,C
15358,2011-02,2,649.5600000000001,374,-7,C
15358,2011-03,2,1038.05,831,-6,C
15358,2011-04,1,362.26,505,-5,0
15358,2011-05,2,543.91,455,-4,C
15358,2011-06,2,413.88,307,-3,C
15358,2011-07,1,152.66,141,-2,0
15358,2011-08,1,710.2,707,-1,0
15358,2011-09,3,1095.05,935,0,C
15358,2011-10,1,402.58,334,1,0
15358,2011-11,1,379.7,198,2,0
15358,2011-12,2,830.06,650,3,C
15360,2011-10,1,427.93,223,1,0
15361,2010-12,1,418.92,336,-9,0
15363,2010-12,1,326.0,144,-9,0
15364,2011-03,1,331.80000000000007,84,-6,0
15364,2011-09,1,581.39,409,0,0
15365,2011-01,1,208.61,85,-8,0
15365,2011-09,3,1736.54,790,0,C
15365,2011-11,3,369.17,209,2,C
15366,2010-12,1,105.54,61,-9,0
15366,2011-09,1,496.97,560,0,0
15367,2011-03,1,764.58,412,-6,0
15367,2011-04,1,651.6,338,-5,0
15367,2011-10,2,461.40999999999997,307,1,C
15368,2011-11,1,446.94000000000005,230,2,0
15370,2011-01,1,184.2,80,-8,0
15370,2011-02,1,570.02,242,-7,0
15370,2011-05,1,373.72,140,-4,0
15370,2011-07,1,385.52,149,-2,0
15370,2011-09,1,525.79,187,0,0
15370,2011-10,2,346.79999999999995,32,1,C
15372,2011-07,1,2007.3999999999999,2924,-2,0
15373,2010-12,2,537.1,66,-9,C
15373,2011-01,1,211.35,33,-8,0
15373,2011-02,1,151.55,37,-7,0
15373,2011-03,1,176.21,48,-6,0
15373,2011-05,1,115.54,59,-4,0
15373,2011-06,1,328.55,67,-3,0
15373,2011-08,2,166.60000000000002,44,-1,C
15373,2011-11,2,383.48,83,2,C
15373,2011-12,1,345.53000000000003,63,3,0
15374,2011-08,1,168.0,126,-1,0
15376,2011-05,1,642.37,371,-4,0
15376,2011-08,1,334.85,162,-1,0
15376,2011-10,1,244.34,82,1,0
15379,2010-12,1,1491.46,768,-9,0
15379,2011-01,2,1190.63,920,-8,C
15379,2011-03,1,371.84000000000003,188,-6,0
15379,2011-05,1,209.18,100,-4,0
15379,2011-06,2,440.18,329,-3,C
15380,2010-12,1,230.10000000000002,78,-9,0
15380,2011-07,1,352.46000000000004,138,-2,0
15380,2011-09,1,422.00000000000006,56,0,0
15380,2011-10,1,300.40000000000003,50,1,0
15380,2011-12,1,385.30000000000007,54,3,0
15381,2011-03,1,282.29999999999995,162,-6,0
15381,2011-05,1,314.55,9,-4,0
15382,2011-02,1,1019.42,910,-7,0
15382,2011-05,1,568.6,264,-4,0
15382,2011-06,2,539.1,454,-3,C
15382,2011-09,1,2582.78,1677,0,0
15382,2011-11,1,1245.81,707,2,0
15384,2010-12,1,303.57,248,-9,0
15384,2011-06,1,338.84,348,-3,0
15385,2011-10,1,316.88,161,1,0
15386,2011-06,1,394.14,446,-3,0
15388,2011-03,1,140.54,88,-6,0
15389,2011-06,1,500.0,400,-3,0
15392,2010-12,1,338.98,402,-9,0
15392,2011-09,1,326.48,314,0,0
15392,2011-11,1,565.66,354,2,0
15392,2011-12,1,304.40999999999997,207,3,0
15393,2011-03,1,124.10000000000001,94,-6,0
15393,2011-11,1,107.76,56,2,0
15394,2010-12,1,587.66,242,-9,0
15394,2011-05,1,848.78,304,-4,0
15394,2011-09,1,417.7,226,0,0
15394,2011-11,1,329.4,138,2,0
15395,2011-01,1,107.45,17,-8,0
15396,2011-08,1,288.18,122,-1,0
15397,2011-02,1,94.0,20,-7,0
15398,2011-09,1,634.85,375,0,0
15398,2011-11,1,710.6800000000001,394,2,0
15399,2011-09,1,305.17,139,0,0
15399,2011-11,1,243.96,284,2,0
15399,2011-12,1,266.64,188,3,0
15400,2011-03,1,346.1,190,-6,0
15400,2011-06,1,112.7,46,-3,0
15400,2011-08,2,152.4,104,-1,C
15400,2011-09,1,105.0,50,0,0
15402,2011-05,1,440.99,431,-4,0
15402,2011-07,1,185.78,263,-2,0
15405,2011-06,1,349.1,193,-3,0
15406,2011-02,1,252.29,130,-7,0
15406,2011-11,1,258.42,124,2,0
15407,2011-02,1,165.0,132,-7,0
15407,2011-05,1,164.86,77,-4,0
15407,2011-06,1,410.87,120,-3,0
15407,2011-11,1,306.01,223,2,0
15408,2011-03,1,267.18,106,-6,0
15410,2011-03,1,382.6,104,-6,0
15410,2011-04,1,456.20000000000005,164,-5,0
15410,2011-05,2,962.09,297,-4,C
15410,2011-06,1,561.0400000000001,226,-3,0
15410,2011-08,1,340.74,146,-1,0
15410,2011-09,2,748.1700000000001,263,0,C
15411,2011-06,1,156.4,48,-3,0
15411,2011-08,1,225.81,107,-1,0
15411,2011-09,1,609.05,251,0,0
15411,2011-11,1,357.67,123,2,0
15412,2011-06,1,190.53,108,-3,0
15414,2011-04,1,36.2,12,-5,0
15414,2011-11,2,738.7,431,2,C
15415,2011-01,1,559.61,551,-8,0
15416,2011-03,1,1375.24,786,-6,0
15416,2011-04,1,899.19,522,-5,0
15416,2011-07,1,869.9,390,-2,0
15416,2011-10,1,839.99,392,1,0
15417,2011-09,1,508.8,284,0,0
15419,2011-11,1,135.86,230,2,0
15421,2011-02,1,295.06,174,-7,0
15421,2011-05,2,444.3,205,-4,C
15421,2011-10,1,211.0,121,1,0
15422,2011-01,2,97.7,38,-8,C
15423,2011-11,1,43.5,101,2,0
15424,2011-03,2,383.34,554,-6,C
15426,2010-12,1,382.57,149,-9,0
15426,2011-03,1,251.56,106,-6,0
15426,2011-11,3,769.94,401,2,C
15427,2011-10,1,359.49,288,1,0
15427,2011-11,2,1071.05,679,2,C
15428,2011-11,1,93.78,102,2,0
15429,2011-09,1,243.06,309,0,0
15429,2011-11,1,154.29,71,2,0
15432,2011-11,1,171.19,65,2,0
15433,2011-03,1,372.64,416,-6,0
15433,2011-05,1,160.66,118,-4,0
15434,2011-05,1,306.96,199,-4,0
15434,2011-08,2,280.32,280,-1,C
15434,2011-11,1,303.3,122,2,0
15434,2011-12,1,150.9,46,3,0
15435,2011-11,1,149.29,54,2,0
15436,2011-04,1,484.1,246,-5,0
15436,2011-10,1,352.45,212,1,0
15436,2011-11,1,231.2,116,2,0
15437,2011-03,1,200.16,79,-6,0
15438,2011-07,1,156.57999999999998,59,-2,0
15440,2011-05,1,125.8,78,-4,0
15440,2011-07,1,111.86,47,-2,0
15440,2011-10,1,146.02,72,1,0
15442,2011-04,1,594.0,120,-5,0
15443,2011-01,1,437.71,182,-8,0
15443,2011-08,1,247.09,165,-1,0
15443,2011-09,1,369.54,194,0,0
15443,2011-10,1,611.04,290,1,0
15443,2011-11,2,1172.83,632,2,C
15443,2011-12,1,375.38,176,3,0
15444,2011-10,1,335.85,187,1,0
15444,2011-11,1,1075.36,572,2,0
15445,2011-03,1,113.5,58,-6,0
15447,2011-01,1,155.17,85,-8,0
15448,2011-01,1,494.64,232,-8,0
15449,2011-03,1,345.92,248,-6,0
15449,2011-06,1,301.78,268,-3,0
15449,2011-11,1,326.82,296,2,0
15450,2011-11,1,429.84,376,2,0
15452,2011-03,1,237.0,134,-6,0
15452,2011-09,1,166.07999999999998,86,0,0
15452,2011-11,1,125.4,60,2,0
15453,2011-06,2,339.38,179,-3,C
15453,2011-07,1,139.98,82,-2,0
15453,2011-09,1,221.84,96,0,0
15453,2011-10,1,186.96,144,1,0
15453,2011-11,1,348.33,269,2,0
15453,2011-12,1,135.28,67,3,0
15454,2010-12,1,179.1,86,-9,0
15456,2010-12,1,231.22,410,-9,0
15456,2011-03,2,203.37,223,-6,C
15457,2011-03,1,237.07,132,-6,0
15458,2011-11,1,161.64,156,2,0
15460,2010-12,1,214.26,107,-9,0
15462,2011-06,1,105.0,76,-3,0
15462,2011-07,1,64.8,48,-2,0
15462,2011-09,1,64.8,48,0,0
15463,2011-11,1,126.14,106,2,0
15464,2011-01,1,1044.65,348,-8,0
15465,2010-12,2,867.85,163,-9,C
15465,2011-01,2,784.3499999999999,117,-8,C
15465,2011-02,2,924.2099999999999,136,-7,C
15465,2011-03,3,1183.1999999999998,158,-6,C
15465,2011-04,3,1403.85,187,-5,C
15465,2011-06,1,189.05,31,-3,0
15465,2011-07,2,639.62,114,-2,C
15465,2011-09,1,426.95,81,0,0
15465,2011-10,1,149.1,22,1,0
15465,2011-11,1,786.4399999999999,248,2,0
15466,2011-09,1,334.53,246,0,0
15467,2011-07,2,402.56,235,-2,C
15467,2011-11,1,122.32,75,2,0
15468,2011-10,2,467.51,155,1,C
15469,2011-08,1,304.3,128,-1,0
15469,2011-10,1,234.25,25,1,0
15471,2011-12,1,454.48,256,3,0
15472,2011-08,1,371.56,251,-1,0
15473,2011-10,5,1057.2,392,1,C
15473,2011-11,2,714.0,280,2,C
15475,2011-09,1,454.10999999999996,319,0,0
15478,2011-10,2,1399.92,575,1,C
15480,2011-08,1,905.5,303,-1,0
15482,2010-12,2,548.44,240,-9,C
15482,2011-04,1,713.8,184,-5,0
15482,2011-06,1,666.06,251,-3,0
15482,2011-10,3,760.0,649,1,C
15482,2011-11,5,8191.46,3680,2,C
15483,2011-03,1,110.95,143,-6,0
15483,2011-07,3,114.31,148,-2,C
15484,2011-09,1,1632.62,1476,0,0
15484,2011-10,1,394.16,264,1,0
15484,2011-11,1,889.38,670,2,0
15484,2011-12,1,674.25,740,3,0
15485,2010-12,1,939.59,391,-9,0
15485,2011-01,1,328.54,187,-8,0
15485,2011-11,1,1296.37,703,2,0
15488,2011-09,1,91.32000000000001,73,0,0
15489,2011-05,1,348.26,220,-4,0
15489,2011-10,1,442.64,178,1,0
15489,2011-11,1,343.38,210,2,0
15491,2011-04,2,1022.45,518,-5,C
15491,2011-05,1,622.47,376,-4,0
15491,2011-06,1,765.03,321,-3,0
15491,2011-08,1,390.98,275,-1,0
15491,2011-09,1,299.16,156,0,0
15492,2011-09,1,487.74,327,0,0
15492,2011-11,1,171.72,156,2,0
15493,2011-03,1,514.91,152,-6,0
15493,2011-04,1,404.54,105,-5,0
15493,2011-07,1,367.5,101,-2,0
15493,2011-11,2,666.46,193,2,C
15494,2011-08,1,1119.88,1071,-1,0
15494,2011-11,1,160.7,68,2,0
15497,2011-01,1,970.6,528,-8,0
15497,2011-11,1,291.6,96,2,0
15498,2010-12,2,976.72,464,-9,C
15498,2011-01,3,2527.92,1628,-8,C
15498,2011-03,2,1150.92,514,-6,C
15498,2011-04,1,344.40000000000003,190,-5,0
15498,2011-05,3,826.85,323,-4,C
15498,2011-06,5,2283.9,860,-3,C
15498,2011-08,3,1015.66,546,-1,C
15498,2011-09,2,1057.18,328,0,C
15498,2011-10,4,1605.25,548,1,C
15498,2011-11,1,662.66,254,2,0
15498,2011-12,1,864.9399999999999,450,3,0
15500,2011-09,1,406.02,154,0,0
15500,2011-11,2,459.28000000000003,298,2,C
15500,2011-12,1,266.26,120,3,0
15502,2010-12,3,929.4,290,-9,C
15502,2011-03,1,1711.06,1566,-6,0
15502,2011-08,1,3315.0699999999997,1905,-1,0
15502,2011-09,3,320.5,114,0,C
15502,2011-10,2,3460.95,4,1,C
15502,2011-11,2,647.95,357,2,C
15503,2010-12,1,141.04,70,-9,0
15504,2011-09,1,52.83,33,0,0
15505,2011-07,1,944.1600000000001,630,-2,0
15505,2011-08,2,1146.98,334,-1,C
15505,2011-09,1,639.24,634,0,0
15505,2011-10,1,880.58,792,1,0
15506,2011-07,1,208.77,144,-2,0
15506,2011-10,1,298.46,223,1,0
15506,2011-11,1,464.85,475,2,0
15507,2011-06,1,475.86,160,-3,0
15508,2011-04,2,518.47,265,-5,C
15508,2011-05,1,110.64,32,-4,0
15508,2011-06,3,371.16,143,-3,C
15510,2011-01,1,250.0,2,-8,0
15511,2011-09,1,202.9,42,0,0
15511,2011-10,2,302.9,89,1,C
15511,2011-11,2,394.73,138,2,C
15512,2010-12,1,101.2,56,-9,0
15512,2011-07,1,19.799999999999997,12,-2,0
15513,2010-12,2,1313.5,354,-9,C
15513,2011-01,3,1100.76,758,-8,C
15513,2011-03,3,2104.5,724,-6,C
15513,2011-05,4,1550.7,594,-4,C
15513,2011-06,1,1025.3400000000001,186,-3,0
15513,2011-07,1,1611.1100000000001,861,-2,0
15513,2011-08,1,222.95999999999998,240,-1,0
15513,2011-09,2,2423.27,707,0,C
15513,2011-10,1,2520.28,857,1,0
15513,2011-11,1,885.8000000000001,428,2,0
15514,2010-12,4,1824.71,771,-9,C
15514,2011-03,1,292.03,261,-6,0
15514,2011-04,1,385.2,152,-5,0
15514,2011-11,5,1521.78,914,2,C
15516,2011-10,3,62.43,27,1,C
15517,2011-04,1,267.03,293,-5,0
15518,2011-01,3,618.95,414,-8,C
15518,2011-05,1,355.22,281,-4,0
15518,2011-07,2,401.11,277,-2,C
15518,2011-08,1,228.57999999999998,145,-1,0
15518,2011-10,1,317.69,146,1,0
15520,2011-12,1,343.5,314,3,0
15521,2011-03,1,475.69,433,-6,0
15521,2011-04,1,505.0,22,-5,0
15521,2011-05,2,687.09,446,-4,C
15521,2011-07,1,449.2,465,-2,0
15521,2011-09,2,209.8,104,0,C
15521,2011-10,1,673.42,366,1,0
15522,2011-09,1,259.05,315,0,0
15522,2011-11,1,138.94,257,2,0
15523,2011-09,1,412.01000000000005,132,0,0
15524,2011-11,1,440.0,4,2,0
15525,2010-12,1,274.93,113,-9,0
15525,2011-11,1,193.76,158,2,0
15525,2011-12,1,265.68,116,3,0
15526,2011-11,2,148.44,24,2,C
15527,2010-12,1,221.4,62,-9,0
15527,2011-01,1,358.9,117,-8,0
15527,2011-05,1,319.74,182,-4,0
15527,2011-06,1,247.25,64,-3,0
15527,2011-07,1,183.5,84,-2,0
15527,2011-09,1,277.55,108,0,0
15527,2011-11,2,820.19,374,2,C
15528,2011-03,1,229.33,123,-6,0
15529,2010-12,2,321.46,196,-9,C
15529,2011-01,1,249.43,210,-8,0
15529,2011-03,2,747.39,678,-6,C
15529,2011-04,1,198.91000000000003,99,-5,0
15529,2011-05,1,413.37,425,-4,0
15529,2011-07,1,456.66999999999996,417,-2,0
15529,2011-09,1,811.24,804,0,0
15529,2011-10,1,414.57,314,1,0
15529,2011-11,1,349.56,312,2,0
15530,2011-04,1,548.09,312,-5,0
15530,2011-06,1,437.75,293,-3,0
15530,2011-07,1,177.85,49,-2,0
15530,2011-11,1,333.62,284,2,0
15531,2011-11,1,1495.06,832,2,0
15531,2011-12,1,477.33000000000004,253,3,0
15532,2010-12,1,353.8,91,-9,0
15532,2011-06,1,536.59,171,-3,0
15532,2011-07,1,324.1,109,-2,0
15532,2011-11,1,350.24,144,2,0
15533,2011-09,2,554.74,183,0,C
15533,2011-11,1,252.82999999999998,106,2,0
15535,2011-01,2,259.04,82,-8,C
15535,2011-04,1,118.85,15,-5,0
15535,2011-06,1,125.01,38,-3,0
15537,2011-06,1,110.92,29,-3,0
15539,2011-12,1,538.46,410,3,0
15540,2011-11,1,213.3,200,2,0
15541,2011-08,1,85.13000000000001,49,-1,0
15543,2011-02,1,127.86,86,-7,0
15544,2010-12,1,354.54,274,-9,0
15544,2011-02,2,844.58,709,-7,C
15544,2011-05,1,560.35,393,-4,0
15544,2011-06,1,318.02,414,-3,0
15544,2011-07,1,370.16,238,-2,0
15544,2011-08,1,324.72,184,-1,0
15544,2011-11,2,774.34,897,2,C
15545,2010-12,1,135.32999999999998,75,-9,0
15545,2011-10,1,153.64000000000001,87,1,0
15547,2010-12,1,767.37,559,-9,0
15547,2011-01,1,238.67,167,-8,0
15547,2011-02,2,407.79,269,-7,C
15547,2011-03,1,281.21000000000004,121,-6,0
15547,2011-04,1,280.66,287,-5,0
15547,2011-05,1,407.43,198,-4,0
15547,2011-08,1,362.03000000000003,240,-1,0
15547,2011-09,3,954.02,1276,0,C
15547,2011-10,2,692.76,493,1,C
15547,2011-12,1,518.66,389,3,0
15549,2011-01,1,930.3000000000001,394,-8,0
15549,2011-07,1,689.58,262,-2,0
15549,2011-09,1,61.58,38,0,0
15550,2011-02,1,137.89999999999998,96,-7,0
15550,2011-06,1,141.14,62,-3,0
15550,2011-08,1,154.24,94,-1,0
15550,2011-12,1,142.35,43,3,0
15551,2011-11,1,436.06,218,2,0
15552,2011-05,1,90.12,60,-4,0
15553,2011-10,1,428.93,449,1,0
15554,2011-03,1,217.2,74,-6,0
15555,2010-12,3,989.82,691,-9,C
15555,2011-04,1,281.46,238,-5,0
15555,2011-05,1,379.40999999999997,373,-4,0
15555,2011-06,3,462.24,310,-3,C
15555,2011-07,1,431.96999999999997,556,-2,0
15555,2011-08,1,264.73,260,-1,0
15555,2011-09,1,353.2,536,0,0
15555,2011-10,2,428.59,325,1,C
15555,2011-11,3,1203.44,1138,2,C
15556,2011-11,1,279.77,236,2,0
15557,2011-11,1,468.91,213,2,0
15561,2011-05,1,265.75,51,-4,0
15561,2011-07,2,183.92,44,-2,C
15561,2011-11,1,350.92,172,2,0
15562,2010-12,1,134.55,39,-9,0
15563,2010-12,1,270.19,315,-9,0
15563,2011-05,1,465.43,427,-4,0
15563,2011-11,2,664.8199999999999,759,2,C
15565,2011-09,1,88.8,28,0,0
15565,2011-10,1,84.36000000000001,32,1,0
15567,2011-11,1,186.01,223,2,0
15568,2011-09,1,228.31,169,0,0
15568,2011-10,1,194.21,112,1,0
15568,2011-12,1,335.77,180,3,0
15569,2011-01,1,288.5,182,-8,0
15569,2011-07,2,597.61,292,-2,C
15569,2011-08,2,489.59999999999997,192,-1,C
15570,2010-12,3,1047.94,436,-9,C
15570,2011-01,1,487.70000000000005,198,-8,0
15570,2011-02,2,431.75,134,-7,C
15570,2011-04,1,294.04,90,-5,0
15570,2011-05,1,247.29,75,-4,0
15570,2011-07,1,301.26,202,-2,0
15570,2011-11,2,1303.44,916,2,C
15570,2011-12,1,35.400000000000006,12,3,0
15571,2011-09,1,202.35,77,0,0
15571,2011-11,3,448.08000000000004,187,2,C
15572,2011-03,2,445.90999999999997,215,-6,C
15572,2011-04,1,427.63,205,-5,0
15572,2011-08,1,679.25,267,-1,0
15572,2011-11,2,785.65,432,2,C
15572,2011-12,1,194.98,94,3,0
15573,2011-09,1,404.09,217,0,0
15573,2011-11,1,187.1,138,2,0
15574,2010-12,3,563.54,286,-9,C
15574,2011-06,1,112.1,46,-3,0
15576,2011-11,1,921.37,394,2,0
15577,2011-02,1,29.65,7,-7,0
15577,2011-07,2,229.23,82,-2,C
15578,2011-06,1,127.1,52,-3,0
15579,2011-01,1,195.35,55,-8,0
15579,2011-10,1,132.25,62,1,0
15581,2010-12,4,323.86,138,-9,C
15581,2011-03,1,91.54,35,-6,0
15581,2011-04,3,215.36,74,-5,C
15581,2011-06,1,18.88,9,-3,0
15581,2011-07,1,67.79,24,-2,0
15581,2011-08,3,2958.34,3,-1,C
15582,2011-05,1,303.61,255,-4,0
15582,2011-08,1,237.9,152,-1,0
15582,2011-11,1,141.4,46,2,0
15584,2011-06,1,150.4,48,-3,0
15584,2011-09,1,138.03,75,0,0
15584,2011-10,1,288.37,123,1,0
15584,2011-11,1,144.06,67,2,0
15585,2011-06,1,455.3,320,-3,0
15587,2010-12,1,344.88,120,-9,0
15587,2011-07,1,111.96,36,-2,0
15587,2011-09,1,344.88,120,0,0
15587,2011-10,1,111.96,36,1,0
15589,2011-02,1,184.95,125,-7,0
15589,2011-03,2,293.58,118,-6,C
15592,2011-10,1,388.58,354,1,0
15593,2011-09,1,199.8,60,0,0
15594,2011-04,1,267.91,145,-5,0
15594,2011-09,2,1238.52,721,0,C
15594,2011-11,2,265.35,117,2,C
15596,2010-12,1,402.32,168,-9,0
15596,2011-01,1,375.15,133,-8,0
15596,2011-03,1,303.03,149,-6,0
15596,2011-05,1,309.19,109,-4,0
15596,2011-08,1,16.9,2,-1,0
15597,2011-11,1,324.57,279,2,0
15598,2011-10,1,240.68,160,1,0
15599,2011-05,1,448.83,361,-4,0
15599,2011-11,1,312.90999999999997,357,2,0
15601,2010-12,2,1236.45,935,-9,C
15601,2011-01,3,1433.83,1317,-8,C
15601,2011-02,2,1119.92,800,-7,C
15601,2011-04,1,266.85,215,-5,0
15601,2011-05,1,691.54,333,-4,0
15601,2011-06,1,374.81,235,-3,0
15601,2011-08,1,462.06,168,-1,0
15601,2011-09,1,231.56,128,0,0
15601,2011-10,1,781.14,680,1,0
15601,2011-11,1,178.4,172,2,0
15602,2010-12,2,152.55,105,-9,C
15602,2011-01,2,252.2,156,-8,C
15602,2011-05,1,138.2,84,-4,0
15602,2011-09,1,402.24,428,0,0
15602,2011-11,2,171.84,160,2,C
15602,2011-12,1,180.84,204,3,0
15603,2011-09,1,48.480000000000004,96,0,0
15604,2011-10,1,216.39,159,1,0
15605,2010-12,1,194.85000000000002,71,-9,0
15605,2011-02,1,182.75,65,-7,0
15605,2011-04,1,312.58,130,-5,0
15605,2011-09,1,204.60000000000002,52,0,0
15605,2011-11,1,303.45,123,2,0
15606,2011-01,1,305.6,66,-8,0
15606,2011-02,2,609.27,203,-7,C
15606,2011-03,2,590.6,180,-6,C
15606,2011-05,1,320.88,104,-4,0
15606,2011-06,1,309.81,91,-3,0
15606,2011-08,1,303.22,118,-1,0
15606,2011-10,1,480.78000000000003,130,1,0
15607,2011-01,1,104.76,202,-8,0
15608,2011-08,1,285.68,230,-1,0
15608,2011-10,2,685.6,376,1,C
15608,2011-11,1,122.4,108,2,0
15609,2011-06,1,298.48,148,-3,0
15610,2011-10,1,112.46000000000001,66,1,0
15611,2011-01,1,104.25,15,-8,0
15611,2011-03,2,227.25,23,-6,C
15611,2011-06,3,215.17000000000002,67,-3,C
15611,2011-08,2,400.47,152,-1,C
15611,2011-09,2,148.7,27,0,C
15611,2011-10,1,244.5,126,1,0
15611,2011-11,2,251.11,94,2,C
15612,2011-10,1,69.65,31,1,0
15612,2011-11,1,125.5,21,2,0
15615,2010-12,3,1081.19,373,-9,C
15615,2011-01,1,643.6,368,-8,0
15615,2011-02,1,710.31,305,-7,0
15615,2011-03,1,536.78,382,-6,0
15615,2011-04,2,848.92,508,-5,C
15615,2011-05,2,918.26,438,-4,C
15615,2011-06,4,1162.1200000000001,632,-3,C
15615,2011-08,5,1466.67,831,-1,C
15615,2011-10,2,1205.51,783,1,C
15615,2011-11,2,1826.38,888,2,C
15618,2011-07,1,222.831,100,-2,0
15618,2011-09,2,196.21,115,0,C
15618,2011-11,1,357.81,239,2,0
15619,2011-11,1,336.40000000000003,136,2,0
15620,2010-12,1,424.49,395,-9,0
15620,2011-05,1,450.52,205,-4,0
15620,2011-10,1,678.17,315,1,0
15621,2011-11,2,1044.96,368,2,C
15621,2011-12,2,248.07,133,3,C
15622,2011-03,1,576.0,222,-6,0
15622,2011-04,2,1615.8,891,-5,C
15622,2011-05,2,410.2,112,-4,C
15622,2011-09,3,725.61,343,0,C
15622,2011-10,1,381.95,106,1,0
15623,2011-07,1,301.03,125,-2,0
15624,2011-03,1,183.9,54,-6,0
15624,2011-05,1,127.5,66,-4,0
15624,2011-07,1,208.63000000000002,215,-2,0
15624,2011-08,1,68.10000000000001,22,-1,0
15625,2011-04,1,695.3299999999999,513,-5,0
15625,2011-06,1,249.94,206,-3,0
15625,2011-08,2,588.99,469,-1,C
15626,2011-01,1,281.88,312,-8,0
15626,2011-09,1,393.92,454,0,0
15628,2010-12,1,319.18,250,-9,0
15628,2011-03,1,371.83000000000004,173,-6,0
15628,2011-06,1,314.11,193,-3,0
15628,2011-08,1,308.43,245,-1,0
15628,2011-09,1,311.85,197,0,0
15628,2011-10,2,737.96,554,1,C
15628,2011-11,1,303.93,186,2,0
15628,2011-12,1,202.95000000000002,96,3,0
15630,2011-05,1,396.86,280,-4,0
15630,2011-10,1,789.49,520,1,0
15632,2011-03,2,695.23,355,-6,C
15632,2011-04,1,547.27,333,-5,0
15632,2011-06,1,314.16,144,-3,0
15632,2011-07,1,385.57,207,-2,0
15632,2011-08,1,409.61,265,-1,0
15632,2011-10,1,627.12,600,1,0
15632,2011-11,1,306.35,205,2,0
15634,2011-11,1,243.55,99,2,0
15636,2011-03,1,306.7,82,-6,0
15636,2011-09,1,418.06,202,0,0
15637,2011-10,1,223.36,128,1,0
15639,2011-07,1,425.32,323,-2,0
15640,2010-12,3,2711.74,1436,-9,C
15640,2011-01,1,602.44,348,-8,0
15640,2011-02,1,964.2,376,-7,0
15640,2011-04,2,1420.58,684,-5,C
15640,2011-06,1,1008.61,618,-3,0
15640,2011-07,1,649.46,520,-2,0
15640,2011-08,2,1479.71,879,-1,C
15640,2011-09,1,524.26,278,0,0
15640,2011-11,2,1868.63,835,2,C
15640,2011-12,1,1186.48,598,3,0
15641,2010-12,1,308.37,357,-9,0
15641,2011-03,2,997.01,739,-6,C
15641,2011-08,1,581.82,466,-1,0
15643,2011-03,1,337.1,176,-6,0
15643,2011-06,2,326.90000000000003,70,-3,C
15644,2011-03,3,423.19,279,-6,C
15644,2011-06,1,380.35,271,-3,0
15645,2011-11,1,612.01,256,2,0
15646,2010-12,1,189.8,230,-9,0
15646,2011-04,1,150.24,140,-5,0
15646,2011-07,1,107.60000000000001,24,-2,0
15648,2011-03,1,299.0,88,-6,0
15648,2011-05,1,340.5,130,-4,0
15649,2010-12,1,510.0,120,-9,0
15649,2011-01,1,306.0,72,-8,0
15651,2011-03,1,227.32,238,-6,0
15651,2011-11,2,418.98,241,2,C
15652,2011-09,1,337.74,208,0,0
15653,2011-08,1,48.0,48,-1,0
15653,2011-09,1,829.4399999999999,1152,0,0
15654,2011-11,2,922.53,475,2,C
15655,2011-04,1,560.67,324,-5,0
15656,2011-02,1,242.95,89,-7,0
15656,2011-05,1,63.910000000000004,11,-4,0
15656,2011-06,1,256.77,102,-3,0
15656,2011-10,1,184.87,141,1,0
15657,2011-11,1,30.0,24,2,0
15658,2010-12,1,306.2,64,-9,0
15658,2011-02,1,270.20000000000005,59,-7,0
15658,2011-03,1,21.25,2,-6,0
15658,2011-05,1,418.95,115,-4,0
15658,2011-06,1,7.5,2,-3,0
15659,2011-10,1,306.45,111,1,0
15660,2010-12,1,209.3,110,-9,0
15660,2011-03,1,155.0,108,-6,0
15660,2011-05,2,374.72,212,-4,C
15660,2011-07,2,145.32,148,-2,C
15660,2011-09,1,372.16,294,0,0
15660,2011-11,2,344.36,178,2,C
15661,2011-01,2,309.8,236,-8,C
15663,2011-08,1,138.14,106,-1,0
15664,2011-10,1,386.43,157,1,0
15665,2011-04,1,1456.42,1162,-5,0
15665,2011-06,1,765.79,492,-3,0
15667,2011-10,1,301.32,240,1,0
15668,2011-05,1,76.32000000000001,72,-4,0
15669,2011-03,1,198.8,64,-6,0
15669,2011-06,1,235.94,126,-3,0
15669,2011-08,1,130.8,72,-1,0
15669,2011-10,1,118.8,80,1,0
15670,2011-02,1,173.05,91,-7,0
15671,2011-03,2,657.17,377,-6,C
15671,2011-04,1,375.96000000000004,184,-5,0
15671,2011-08,1,301.36,240,-1,0
15671,2011-09,1,638.4000000000001,384,0,0
15671,2011-11,2,684.24,514,2,C
15673,2011-01,1,880.26,365,-8,0
15673,2011-05,1,815.78,466,-4,0
15673,2011-07,1,318.66,200,-2,0
15673,2011-09,1,711.53,420,0,0
15674,2011-03,1,355.12,198,-6,0
15674,2011-04,1,355.12,198,-5,0
15674,2011-05,2,669.42,230,-4,C
15674,2011-09,1,1066.94,649,0,0
15675,2011-03,1,45.0,36,-6,0
15675,2011-07,1,180.39,449,-2,0
15675,2011-09,1,98.30000000000001,42,0,0
15676,2011-03,1,897.8,555,-6,0
15676,2011-11,2,2537.96,1697,2,C
15677,2011-10,1,657.23,319,1,0
15678,2011-10,1,352.7,184,1,0
15679,2011-06,1,178.22,212,-3,0
15679,2011-07,1,82.04,186,-2,0
15679,2011-11,2,521.02,772,2,C
15680,2010-12,1,478.89,331,-9,0
15680,2011-10,1,542.82,416,1,0
15680,2011-11,1,311.97,205,2,0
15681,2011-03,1,345.68,256,-6,0
15681,2011-06,2,357.54,194,-3,C
15681,2011-11,2,722.94,366,2,C
15683,2011-08,1,193.75,131,-1,0
15687,2011-01,1,353.5,176,-8,0
15687,2011-02,2,679.0500000000001,229,-7,C
15687,2011-03,1,369.9,124,-6,0
15687,2011-06,1,277.0,128,-3,0
15687,2011-10,1,561.73,327,1,0
15687,2011-11,2,500.33,189,2,C
15687,2011-12,1,251.59,137,3,0
15689,2010-12,1,103.5,56,-9,0
15689,2011-08,1,150.6,28,-1,0
15690,2011-08,1,111.0,204,-1,0
15690,2011-12,1,128.76,204,3,0
15691,2011-04,1,136.8,72,-5,0
15692,2011-11,1,191.04,138,2,0
15694,2010-12,3,847.3299999999999,192,-9,C
15694,2011-01,1,397.79,109,-8,0
15694,2011-03,1,584.76,100,-6,0
15694,2011-04,1,365.4,36,-5,0
15694,2011-05,1,481.70000000000005,110,-4,0
15694,2011-06,2,628.8,192,-3,C
15694,2011-10,1,1410.26,426,1,0
15694,2011-11,2,891.6800000000001,256,2,C
15694,2011-12,2,871.6800000000001,256,3,C
15695,2011-03,2,409.98,212,-6,C
15696,2011-01,3,777.51,379,-8,C
15696,2011-03,2,539.95,251,-6,C
15696,2011-05,1,312.49,87,-4,0
15696,2011-09,1,378.95,77,0,0
15696,2011-11,1,702.21,221,2,0
15699,2011-11,1,309.65,113,2,0
15700,2011-06,2,696.68,357,-3,C
15701,2011-08,1,853.9,472,-1,0
15701,2011-09,1,111.07,29,0,0
15701,2011-10,1,245.09,147,1,0
15701,2011-12,1,318.94,264,3,0
15703,2011-03,1,211.5,66,-6,0
15704,2011-05,1,938.85,407,-4,0
15704,2011-06,1,568.47,255,-3,0
15704,2011-07,2,786.3000000000001,366,-2,C
15705,2011-05,1,143.1,62,-4,0
15706,2011-08,1,450.05,160,-1,0
15706,2011-09,1,428.71,129,0,0
15706,2011-10,2,181.8,32,1,C
15707,2011-09,1,158.88,79,0,0
15707,2011-10,2,465.45,283,1,C
15707,2011-11,1,292.65,232,2,0
15708,2010-12,1,317.29,121,-9,0
15708,2011-01,2,603.52,240,-8,C
15708,2011-02,1,592.55,248,-7,0
15708,2011-05,1,443.85,146,-4,0
15708,2011-07,1,632.13,234,-2,0
15708,2011-10,1,645.91,228,1,0
15709,2011-03,1,133.25,121,-6,0
15712,2011-02,1,299.8,109,-7,0
15712,2011-06,1,158.85,67,-3,0
15712,2011-08,1,307.66,195,-1,0
15712,2011-09,1,99.60000000000001,24,0,0
15712,2011-11,1,206.45,91,2,0
15713,2010-12,1,171.15,59,-9,0
15713,2011-07,1,185.55,91,-2,0
15714,2011-09,1,132.48000000000002,66,0,0
15714,2011-11,1,197.55,120,2,0
15716,2010-12,1,529.4,429,-9,0
15716,2011-03,1,115.26,101,-6,0
15716,2011-05,1,240.08,112,-4,0
15716,2011-07,1,216.37,96,-2,0
15717,2011-04,1,150.3,70,-5,0
15719,2011-01,1,433.04,224,-8,0
15719,2011-02,1,426.01,201,-7,0
15719,2011-03,2,510.45,303,-6,C
15719,2011-04,1,336.38,169,-5,0
15719,2011-05,2,722.99,396,-4,C
15719,2011-06,1,342.15000000000003,170,-3,0
15719,2011-07,1,433.25,255,-2,0
15719,2011-08,1,342.53000000000003,204,-1,0
15719,2011-09,1,515.17,251,0,0
15719,2011-10,1,354.16,173,1,0
15719,2011-11,1,613.94,372,2,0
15720,2011-11,1,598.73,281,2,0
15721,2011-11,1,471.40000000000003,388,2,0
15722,2011-02,1,324.05,112,-7,0
15722,2011-06,1,435.25,183,-3,0
15722,2011-08,1,654.15,295,-1,0
15722,2011-11,2,797.7600000000001,433,2,C
15723,2010-12,1,190.7,73,-9,0
15724,2011-02,1,103.65,31,-7,0
15724,2011-05,1,114.60000000000001,42,-4,0
15725,2011-11,1,415.25,221,2,0
15727,2010-12,1,1516.95,535,-9,0
15727,2011-01,1,554.75,273,-8,0
15727,2011-04,1,784.45,393,-5,0
15727,2011-05,1,374.82000000000005,214,-4,0
15727,2011-07,1,470.95,372,-2,0
15727,2011-08,1,887.47,838,-1,0
15727,2011-11,1,569.67,438,2,0
15729,2011-05,1,85.0,28,-4,0
15730,2011-05,1,467.43,314,-4,0
15730,2011-09,1,309.79,175,0,0
15730,2011-10,1,343.66,200,1,0
15732,2010-12,1,138.1,97,-9,0
15732,2011-05,1,156.02,118,-4,0
15733,2011-03,1,162.3,62,-6,0
15734,2011-05,1,578.6500000000001,133,-4,0
15734,2011-08,1,760.8000000000001,213,-1,0
15737,2011-04,1,475.88,286,-5,0
15737,2011-06,3,236.85000000000002,83,-3,C
15737,2011-07,1,168.20000000000002,74,-2,0
15737,2011-09,1,183.57999999999998,96,0,0
15737,2011-11,2,123.61,58,2,C
15738,2010-12,1,329.65000000000003,255,-9,0
15738,2011-01,2,621.57,401,-8,C
15738,2011-02,1,333.92,204,-7,0
15738,2011-03,2,719.95,461,-6,C
15738,2011-04,1,291.90000000000003,130,-5,0
15738,2011-05,2,316.05,159,-4,C
15738,2011-06,1,316.02000000000004,154,-3,0
15738,2011-07,1,302.20000000000005,260,-2,0
15738,2011-08,1,327.15,153,-1,0
15738,2011-09,1,295.04,180,0,0
15738,2011-10,2,642.07,423,1,C
15738,2011-11,1,316.90000000000003,202,2,0
15739,2011-10,1,449.12,472,1,0
15740,2011-10,1,154.88,152,1,0
15743,2011-06,1,322.55,91,-3,0
15743,2011-08,1,111.5,28,-1,0
15743,2011-11,2,341.91,95,2,C
15744,2011-09,1,34.8,120,0,0
15745,2011-04,1,302.85,127,-5,0
15745,2011-09,1,304.90000000000003,116,0,0
15745,2011-11,2,486.84000000000003,178,2,C
15746,2011-07,1,196.88,178,-2,0
15747,2011-06,1,242.65,132,-3,0
15747,2011-08,1,282.71999999999997,149,-1,0
15747,2011-11,1,421.27,185,2,0
15748,2011-10,1,144.36,50,1,0
15749,2011-01,2,22998.4,9014,-8,C
15749,2011-04,1,21535.9,9014,-5,0
15750,2010-12,2,340.52,308,-9,C
15750,2011-03,1,270.4,256,-6,0
15750,2011-06,1,497.26,489,-3,0
15750,2011-09,1,507.29,212,0,0
15750,2011-11,2,507.19,313,2,C
15750,2011-12,1,340.39,205,3,0
15752,2010-12,1,259.65000000000003,153,-9,0
15752,2011-03,1,379.25,282,-6,0
15752,2011-04,1,403.78000000000003,340,-5,0
15752,2011-07,1,240.1,207,-2,0
15752,2011-08,1,330.07,335,-1,0
15752,2011-09,1,480.52,340,0,0
15752,2011-10,1,533.23,303,1,0
15753,2011-02,1,79.2,144,-7,0
15754,2011-04,1,91.8,36,-5,0
15754,2011-09,1,211.62,110,0,0
15754,2011-10,1,155.15,53,1,0
15755,2011-02,1,314.68,198,-7,0
15755,2011-04,1,306.05,157,-5,0
15755,2011-08,1,524.1,269,-1,0
15755,2011-09,2,931.91,694,0,C
15755,2011-11,1,287.51,109,2,0
15756,2011-04,1,123.59,45,-5,0
15756,2011-05,1,120.58,60,-4,0
15756,2011-07,1,115.72,61,-2,0
15756,2011-10,1,168.12,75,1,0
15757,2011-05,1,261.36,167,-4,0
15757,2011-10,1,453.06,324,1,0
15758,2011-11,1,205.25,47,2,0
15759,2010-12,1,97.24000000000001,32,-9,0
15759,2011-02,1,87.8,20,-7,0
15759,2011-05,1,68.0,8,-4,0
15762,2011-09,1,315.31,147,0,0
15762,2011-10,1,268.44,104,1,0
15763,2011-09,1,522.49,187,0,0
15763,2011-11,1,564.4300000000001,84,2,0
15764,2011-03,1,1120.93,623,-6,0
15764,2011-06,2,573.59,248,-3,C
15764,2011-08,2,1582.1,1177,-1,C
15764,2011-09,1,3.35,2,0,0
15766,2011-10,1,315.06,170,1,0
15768,2011-04,1,354.34999999999997,101,-5,0
15768,2011-05,1,124.8,52,-4,0
15768,2011-08,1,142.68,91,-1,0
15769,2010-12,1,91.8,36,-9,0
15769,2011-01,2,5544.48,2832,-8,C
15769,2011-02,2,4552.799999999999,2152,-7,C
15769,2011-03,3,12992.4,7848,-6,C
15769,2011-04,2,1342.44,396,-5,C
15769,2011-05,3,3365.8,1748,-4,C
15769,2011-06,1,2876.0,1600,-3,0
15769,2011-07,1,2609.0,1372,-2,0
15769,2011-08,4,8489.0,4156,-1,C
15769,2011-09,1,1253.0,700,0,0
15769,2011-10,4,7757.0,4300,1,C
15769,2011-11,1,1975.0,788,2,0
15769,2011-12,1,3404.0,1744,3,0
15773,2011-12,1,635.6800000000001,311,3,0
15774,2011-10,1,270.8,87,1,0
15775,2011-04,1,104.9,68,-5,0
15776,2011-07,1,241.62,138,-2,0
15777,2010-12,1,365.55,113,-9,0
15777,2011-01,2,387.59999999999997,136,-8,C
15777,2011-04,1,293.96,129,-5,0
15780,2010-12,1,177.15,65,-9,0
15780,2011-04,1,225.61,127,-5,0
15780,2011-06,1,72.52,28,-3,0
15781,2011-02,1,83.35,29,-7,0
15781,2011-07,1,127.95000000000002,37,-2,0
15781,2011-11,1,134.16,114,2,0
15782,2011-09,1,1638.3400000000001,644,0,0
15782,2011-10,1,526.0,76,1,0
15782,2011-11,1,450.40000000000003,144,2,0
15783,2011-11,1,246.3,212,2,0
15785,2011-02,1,928.58,557,-7,0
15785,2011-05,1,401.82,197,-4,0
15785,2011-07,2,335.43,257,-2,C
15785,2011-11,1,663.14,601,2,0
15786,2011-08,1,3147.64,2286,-1,0
15786,2011-10,2,1771.36,1054,1,C
15787,2011-10,1,479.1,282,1,0
15787,2011-11,2,454.16,252,2,C
15789,2010-12,1,351.3,438,-9,0
15790,2011-11,1,218.75,113,2,0
15791,2011-05,1,1223.24,558,-4,0
15791,2011-10,1,389.45000000000005,173,1,0
15793,2011-03,1,306.64,192,-6,0
15793,2011-10,1,305.36,184,1,0
15793,2011-11,1,353.61,177,2,0
15795,2011-07,1,610.01,581,-2,0
15796,2011-02,1,343.92,124,-7,0
15796,2011-05,2,629.9200000000001,183,-4,C
15796,2011-06,1,273.13,105,-3,0
15796,2011-08,1,325.8,116,-1,0
15796,2011-09,1,311.99,113,0,0
15796,2011-11,1,376.2,80,2,0
15796,2011-12,1,447.65000000000003,139,3,0
15797,2011-01,1,15.0,1,-8,0
15797,2011-02,1,1495.2,528,-7,0
15797,2011-05,1,330.0,200,-4,0
15797,2011-08,1,367.2,144,-1,0
15799,2011-01,1,320.21999999999997,181,-8,0
15799,2011-06,1,161.02,358,-3,0
15799,2011-09,1,402.90000000000003,416,0,0
15800,2011-04,1,244.5,108,-5,0
15800,2011-08,1,452.39,224,-1,0
15801,2011-08,1,137.22,70,-1,0
15801,2011-10,2,926.73,500,1,C
15802,2011-07,1,451.42,1,-2,0
15803,2011-10,1,415.82000000000005,290,1,0
15804,2011-05,1,525.36,314,-4,0
15804,2011-06,1,600.03,314,-3,0
15804,2011-07,1,519.04,214,-2,0
15804,2011-08,1,432.48,259,-1,0
15804,2011-09,4,873.39,533,0,C
15804,2011-10,1,223.22,108,1,0
15804,2011-11,3,703.82,545,2,C
15804,2011-12,1,329.05,278,3,0
15805,2010-12,1,370.80000000000007,212,-9,0
15805,2011-02,1,553.76,362,-7,0
15805,2011-04,2,1193.41,582,-5,C
15805,2011-05,1,385.81,257,-4,0
15805,2011-06,5,493.97,463,-3,C
15805,2011-08,1,550.75,397,-1,0
15805,2011-10,3,1378.16,864,1,C
15805,2011-11,3,561.52,230,2,C
15806,2011-03,1,300.36,274,-6,0
15806,2011-07,1,221.52,139,-2,0
15806,2011-10,1,262.7,189,1,0
15807,2011-09,1,635.6,380,0,0
15807,2011-10,2,268.3,50,1,C
15808,2010-12,2,2181.4500000000003,746,-9,C
15808,2011-01,1,733.92,322,-8,0
15808,2011-02,1,735.9,237,-7,0
15809,2011-02,1,198.8,112,-7,0
15809,2011-03,1,63.42,58,-6,0
15809,2011-05,1,121.09,79,-4,0
15809,2011-06,1,15.9,2,-3,0
15809,2011-11,1,116.56,50,2,0
15810,2011-02,1,377.32,250,-7,0
15810,2011-04,1,476.8,280,-5,0
15810,2011-06,1,507.07,326,-3,0
15810,2011-09,1,30.79,5,0,0
15811,2010-12,2,438.8,128,-9,C
15811,2011-02,1,458.53,181,-7,0
15811,2011-05,1,397.51,159,-4,0
15811,2011-08,1,478.96000000000004,292,-1,0
15811,2011-11,1,444.82,311,2,0
15812,2011-01,1,244.8,64,-8,0
15812,2011-03,1,519.96,388,-6,0
15812,2011-06,1,289.46,147,-3,0
15812,2011-07,1,533.0200000000001,142,-2,0
15812,2011-08,1,213.9,181,-1,0
15813,2011-04,1,770.65,369,-5,0
15813,2011-05,1,533.26,234,-4,0
15814,2011-10,2,1120.95,807,1,C
15814,2011-11,2,824.38,464,2,C
15815,2011-03,1,427.0,252,-6,0
15815,2011-04,1,453.0,192,-5,0
15815,2011-05,1,514.08,624,-4,0
15815,2011-07,1,480.62,446,-2,0
15815,2011-10,1,225.9,342,1,0
15819,2011-03,1,639.64,522,-6,0
15819,2011-05,1,537.5,392,-4,0
15819,2011-07,1,408.33,225,-2,0
15819,2011-10,1,319.98,218,1,0
15820,2011-01,1,206.98,128,-8,0
15821,2011-10,2,570.96,202,1,C
15822,2010-12,1,440.2,160,-9,0
15822,2011-12,1,445.27,215,3,0
15823,2010-12,1,15.0,1,-9,0
15825,2011-06,1,532.94,220,-3,0
15826,2011-05,1,720.0,488,-4,0
15826,2011-10,2,934.3100000000001,475,1,C
15827,2010-12,2,190.93,109,-9,C
15827,2011-01,1,177.35000000000002,95,-8,0
15827,2011-02,2,175.9,46,-7,C
15827,2011-03,2,190.10000000000002,66,-6,C
15827,2011-04,1,63.36,36,-5,0
15827,2011-05,1,114.05,17,-4,0
15827,2011-06,1,203.98000000000002,94,-3,0
15827,2011-07,2,260.04,132,-2,C
15827,2011-08,1,222.45,154,-1,0
15827,2011-09,1,237.93,133,0,0
15829,2011-07,1,325.44,420,-2,0
15829,2011-09,1,310.7,576,0,0
15830,2011-11,1,576.0,415,2,0
15831,2011-01,1,309.94,308,-8,0
15831,2011-08,1,141.17,379,-1,0
15831,2011-10,1,343.53,405,1,0
15832,2011-03,1,836.79,465,-6,0
15834,2011-03,2,1272.77,406,-6,C
15834,2011-06,1,510.45,271,-3,0
15834,2011-09,1,441.93,284,0,0
15835,2011-01,1,301.11,155,-8,0
15835,2011-03,1,187.2,88,-6,0
15835,2011-07,1,187.20000000000002,90,-2,0
15835,2011-10,1,278.58,106,1,0
15836,2011-10,1,137.37,26,1,0
15837,2011-10,1,391.98,189,1,0
15838,2010-12,1,957.5,550,-9,0
15838,2011-02,1,277.5,150,-7,0
15838,2011-03,1,3277.24,1844,-6,0
15838,2011-04,2,1095.96,500,-5,C
15838,2011-05,1,494.7,194,-4,0
15838,2011-06,4,3464.66,1890,-3,C
15838,2011-08,2,4585.9400000000005,2870,-1,C
15838,2011-09,1,3187.12,1768,0,0
15838,2011-10,1,10992.96,6016,1,0
15838,2011-11,5,5309.5,2586,2,C
15839,2011-07,1,299.18,234,-2,0
15839,2011-09,1,491.18,306,0,0
15839,2011-11,1,258.13,135,2,0
15840,2011-06,1,241.74,256,-3,0
15840,2011-10,1,113.82,140,1,0
15841,2011-01,1,331.6,132,-8,0
15841,2011-05,1,281.66,234,-4,0
15841,2011-09,2,610.8000000000001,576,0,C
15843,2011-02,1,118.95000000000002,27,-7,0
15844,2011-10,1,130.73999999999998,134,1,0
15845,2011-01,1,303.36,208,-8,0
15845,2011-02,1,929.22,358,-7,0
15845,2011-05,1,304.58,128,-4,0
15845,2011-06,1,426.18,330,-3,0
15845,2011-07,1,563.4200000000001,354,-2,0
15845,2011-09,1,543.24,283,0,0
15845,2011-11,2,641.77,265,2,C
15847,2011-02,1,180.68,348,-7,0
15847,2011-11,1,208.59,101,2,0
15850,2011-06,1,116.16,239,-3,0
15850,2011-11,1,118.72,59,2,0
15852,2011-05,1,103.21000000000001,38,-4,0
15852,2011-06,1,57.5,10,-3,0
15853,2011-10,1,110.8,135,1,0
15854,2010-12,1,230.1,92,-9,0
15854,2011-01,1,214.20000000000002,36,-8,0
15854,2011-02,1,303.0,60,-7,0
15854,2011-03,1,309.4,52,-6,0
15854,2011-05,2,527.69,340,-4,C
15854,2011-06,2,453.3,102,-3,C
15854,2011-07,1,356.0,62,-2,0
15854,2011-09,1,446.25,75,0,0
15854,2011-12,2,129.18,107,3,C
15855,2011-03,1,95.8,68,-6,0
15855,2011-04,1,106.4,66,-5,0
15855,2011-05,1,140.31,117,-4,0
15855,2011-06,1,132.18,68,-3,0
15855,2011-07,1,237.55,151,-2,0
15856,2010-12,3,3281.31,1328,-9,C
15856,2011-02,1,1078.9,730,-7,0
15856,2011-03,1,516.2900000000001,379,-6,0
15856,2011-04,2,1290.4,930,-5,C
15856,2011-05,1,649.3,550,-4,0
15856,2011-06,1,734.44,580,-3,0
15856,2011-07,2,810.7,719,-2,C
15856,2011-08,4,1578.14,1489,-1,C
15856,2011-09,2,1308.45,736,0,C
15856,2011-10,4,1834.93,1566,1,C
15856,2011-12,6,3060.78,1859,3,C
15857,2011-11,1,297.0,308,2,0
15858,2010-12,1,383.93,199,-9,0
15858,2011-02,1,432.29,526,-7,0
15858,2011-09,1,153.9,177,0,0
15858,2011-10,1,270.21999999999997,168,1,0
15858,2011-11,1,187.23000000000002,93,2,0
15860,2010-12,1,102.66,72,-9,0
15860,2011-04,2,317.6,106,-5,C
15860,2011-07,1,120.23,36,-2,0
15860,2011-08,1,113.79,59,-1,0
15860,2011-09,2,208.87,109,0,C
15860,2011-10,1,102.01,55,1,0
15861,2011-03,2,716.24,555,-6,C
15861,2011-07,1,407.52,315,-2,0
15861,2011-10,1,562.04,467,1,0
15861,2011-11,4,1461.12,1191,2,C
15862,2010-12,1,354.23,124,-9,0
15862,2011-05,1,136.78,235,-4,0
15862,2011-08,1,168.72,140,-1,0
15862,2011-12,1,173.15,86,3,0
15863,2011-05,1,9.2,2,-4,0
15863,2011-11,1,59.64,17,2,0
15864,2011-01,1,242.42000000000002,110,-8,0
15864,2011-06,1,171.84,96,-3,0
15864,2011-09,1,543.6,352,0,0
15864,2011-10,1,520.54,202,1,0
15864,2011-11,2,457.9200000000001,432,2,C
15865,2011-05,1,313.93,178,-4,0
15865,2011-09,1,289.92,134,0,0
15865,2011-10,1,291.28,56,1,0
15866,2011-08,1,211.89,124,-1,0
15867,2010-12,3,555.97,251,-9,C
15867,2011-01,2,379.9,230,-8,C
15867,2011-02,1,133.0,36,-7,0
15867,2011-03,1,215.49,77,-6,0
15867,2011-04,1,217.14,159,-5,0
15867,2011-05,1,251.05,207,-4,0
15867,2011-06,1,302.72,86,-3,0
15867,2011-07,1,566.13,241,-2,0
15867,2011-08,1,326.01,198,-1,0
15867,2011-09,1,357.71,118,0,0
15867,2011-11,1,219.44,191,2,0
15867,2011-12,1,285.58,258,3,0
15869,2011-03,2,149.64,175,-6,C
15870,2011-11,1,351.44,333,2,0
15872,2011-11,2,316.25,187,2,C
15874,2011-02,1,584.35,52,-7,0
15874,2011-03,2,296.4,67,-6,C
15874,2011-04,1,1163.75,895,-5,0
15874,2011-05,1,118.3,36,-4,0
15874,2011-06,1,44.95,15,-3,0
15874,2011-10,1,2198.13,1469,1,0
15877,2011-11,1,239.31,172,2,0
15877,2011-12,1,251.02,196,3,0
15880,2010-12,1,329.03000000000003,202,-9,0
15881,2010-12,2,155.25,103,-9,C
15881,2011-01,3,346.14,157,-8,C
15882,2010-12,2,371.32000000000005,164,-9,C
15882,2011-05,2,145.04000000000002,112,-4,C
15883,2011-11,1,143.76,72,2,0
15883,2011-12,1,252.72,151,3,0
15885,2011-02,1,15.0,1,-7,0
15885,2011-09,2,364.35,110,0,C
15886,2011-10,1,181.09,147,1,0
15888,2011-09,1,168.31,76,0,0
15889,2010-12,1,272.07,141,-9,0
15889,2011-07,1,148.0,65,-2,0
15891,2011-04,1,511.68,418,-5,0
15894,2010-12,1,151.44,111,-9,0
15894,2011-03,1,106.81,53,-6,0
15895,2011-07,1,179.17,94,-2,0
15897,2011-05,2,208.59,223,-4,C
15898,2010-12,2,516.64,227,-9,C
15898,2011-03,1,168.7,76,-6,0
15898,2011-04,1,312.6,118,-5,0
15898,2011-12,1,385.89,146,3,0
15899,2010-12,1,56.25,39,-9,0
15900,2011-11,1,337.28,216,2,0
15901,2011-07,1,110.49,209,-2,0
15901,2011-09,1,118.71,118,0,0
15901,2011-11,1,122.53,52,2,0
15903,2011-02,1,161.28,384,-7,0
15903,2011-04,1,480.36,292,-5,0
15903,2011-09,2,1878.72,936,0,C
15903,2011-11,3,2606.4,798,2,C
15904,2011-12,1,164.68,84,3,0
15906,2011-03,2,411.33000000000004,108,-6,C
15906,2011-05,1,271.83,117,-4,0
15906,2011-07,1,114.55,17,-2,0
15906,2011-10,1,590.49,217,1,0
15906,2011-11,2,179.49,85,2,C
15907,2011-05,1,223.07,146,-4,0
15907,2011-06,1,254.52,91,-3,0
15907,2011-12,1,405.13,241,3,0
15909,2011-06,1,191.94,98,-3,0
15910,2011-01,1,149.49,93,-8,0
15910,2011-02,1,161.41,141,-7,0
15910,2011-04,1,118.89,82,-5,0
15910,2011-05,1,120.82000000000001,115,-4,0
15910,2011-09,1,112.75,79,0,0
15910,2011-10,1,188.41,133,1,0
15910,2011-11,1,243.76,212,2,0
15910,2011-12,1,133.35,158,3,0
15912,2011-04,1,141.49,66,-5,0
15912,2011-06,1,123.13,119,-3,0
15916,2010-12,2,232.45,65,-9,C
15916,2011-01,1,342.61,201,-8,0
15916,2011-04,1,158.54000000000002,62,-5,0
15916,2011-06,1,113.35,65,-3,0
15916,2011-09,1,118.9,26,0,0
15916,2011-11,2,537.01,333,2,C
15917,2011-04,1,123.1,42,-5,0
15918,2011-03,1,142.0,66,-6,0
15918,2011-06,1,192.23,87,-3,0
15919,2010-12,1,214.07999999999998,175,-9,0
15919,2011-11,1,311.61,210,2,0
15920,2011-07,4,167.5,99,-2,C
15921,2011-06,1,323.03000000000003,162,-3,0
15922,2010-12,1,369.5,138,-9,0
15923,2010-12,1,127.08,122,-9,0
15925,2011-05,1,207.15,93,-4,0
15930,2011-10,1,426.63,139,1,0
15932,2011-02,1,317.73,169,-7,0
15932,2011-03,1,339.34,268,-6,0
15932,2011-04,1,311.16,180,-5,0
15932,2011-05,1,305.02,262,-4,0
15932,2011-06,1,310.12,292,-3,0
15932,2011-08,1,302.58,338,-1,0
15932,2011-09,1,309.7,422,0,0
15932,2011-12,1,300.21999999999997,394,3,0
15933,2011-09,2,728.27,616,0,C
15933,2011-11,1,379.19,269,2,0
15935,2011-04,2,416.86,115,-5,C
15937,2011-10,1,145.35,73,1,0
15938,2011-01,1,74.9,32,-8,0
15938,2011-03,1,62.7,42,-6,0
15938,2011-04,1,105.0,84,-5,0
15938,2011-05,1,92.7,34,-4,0
15938,2011-08,1,69.28,48,-1,0
15939,2011-01,2,762.06,491,-8,C
15939,2011-02,2,602.0400000000001,444,-7,C
15939,2011-03,2,678.65,335,-6,C
15939,2011-04,2,2337.6,1864,-5,C
15939,2011-05,1,252.0,600,-4,0
15939,2011-06,1,587.52,376,-3,0
15939,2011-07,2,390.97999999999996,266,-2,C
15939,2011-08,2,249.4,196,-1,C
15939,2011-09,1,254.76,156,0,0
15940,2011-02,1,35.8,4,-7,0
15942,2011-07,1,337.44,232,-2,0
15944,2011-03,1,325.1,50,-6,0
15945,2010-12,1,181.0,52,-9,0
15947,2011-09,1,1708.24,898,0,0
15948,2011-10,1,644.24,439,1,0
15948,2011-12,1,311.0,128,3,0
15949,2011-09,1,237.04000000000002,168,0,0
15949,2011-11,1,127.68,116,2,0
15950,2010-12,1,428.82000000000005,135,-9,0
15950,2011-08,1,662.5600000000001,310,-1,0
15950,2011-09,1,235.04000000000002,113,0,0
15950,2011-11,1,418.29,161,2,0
15951,2011-02,1,375.16999999999996,174,-7,0
15951,2011-12,1,333.05,139,3,0
15952,2011-04,1,232.65,123,-5,0
15952,2011-07,1,76.55,17,-2,0
15952,2011-10,1,249.44,110,1,0
15952,2011-11,1,223.27,141,2,0
15953,2010-12,1,207.74,100,-9,0
15953,2011-01,1,202.34999999999997,143,-8,0
15953,2011-03,1,242.03,135,-6,0
15953,2011-05,1,171.92,72,-4,0
15953,2011-10,2,413.5,241,1,C
15953,2011-11,2,419.74,200,2,C
15955,2010-12,1,572.38,246,-9,0
15955,2011-04,1,491.79,229,-5,0
15955,2011-05,1,381.45000000000005,115,-4,0
15955,2011-08,5,1018.03,513,-1,C
15955,2011-09,2,502.34,392,0,C
15955,2011-10,3,879.29,354,1,C
15955,2011-11,1,570.98,286,2,0
15957,2011-11,1,428.89,211,2,0
15958,2011-09,1,104.35,33,0,0
15963,2011-10,1,280.04,172,1,0
15963,2011-11,1,190.72,126,2,0
15965,2010-12,1,156.19,74,-9,0
15965,2011-11,3,652.6800000000001,360,2,C
15967,2011-01,1,161.9,60,-8,0
15967,2011-11,1,235.78,145,2,0
15969,2011-06,1,308.7,44,-3,0
15969,2011-10,1,222.4,48,1,0
15969,2011-12,1,135.0,32,3,0
15970,2011-02,1,314.1,116,-7,0
15971,2011-02,1,762.0,370,-7,0
15971,2011-03,2,301.5,150,-6,C
15971,2011-04,1,22.650000000000002,7,-5,0
15971,2011-07,2,731.9,245,-2,C
15971,2011-08,1,291.4,140,-1,0
15971,2011-09,1,217.3,110,0,0
15971,2011-10,3,1669.1000000000001,595,1,C
15971,2011-11,1,204.0,100,2,0
15973,2010-12,1,307.82000000000005,106,-9,0
15974,2011-02,1,769.24,388,-7,0
15974,2011-03,1,147.95000000000002,45,-6,0
15974,2011-05,1,656.3,370,-4,0
15974,2011-06,1,481.36,497,-3,0
15974,2011-07,1,492.28,226,-2,0
15974,2011-09,1,347.88,338,0,0
15974,2011-10,1,547.14,398,1,0
15975,2011-09,1,371.01,243,0,0
15976,2011-05,1,209.99,125,-4,0
15976,2011-06,1,217.65,150,-3,0
15977,2011-10,1,355.63,310,1,0
15977,2011-11,1,699.1,706,2,0
15978,2011-09,1,1098.78,888,0,0
15980,2011-03,1,760.18,592,-6,0
15980,2011-09,2,1638.68,968,0,C
15981,2011-02,1,270.0,40,-7,0
15981,2011-03,1,600.0,376,-6,0
15981,2011-04,1,520.8,356,-5,0
15981,2011-05,1,231.4,84,-4,0
15981,2011-06,1,438.8,244,-3,0
15981,2011-07,1,397.2,196,-2,0
15981,2011-09,1,391.68,234,0,0
15981,2011-11,1,558.6,336,2,0
15983,2010-12,3,1138.37,694,-9,C
15983,2011-11,1,326.75,192,2,0
15984,2010-12,1,122.7,56,-9,0
15984,2011-01,1,107.89,56,-8,0
15984,2011-02,1,104.95,43,-7,0
15984,2011-03,1,227.6,120,-6,0
15984,2011-04,1,212.19,81,-5,0
15984,2011-08,2,1032.18,587,-1,C
15984,2011-09,1,243.2,146,0,0
15984,2011-12,2,729.92,726,3,C
15985,2011-04,1,899.58,878,-5,0
15985,2011-08,1,242.84,208,-1,0
15986,2011-11,1,168.12,268,2,0
15987,2010-12,1,113.48,86,-9,0
15987,2011-05,3,402.6,992,-4,C
15987,2011-07,1,274.5,174,-2,0
15987,2011-08,1,403.05,113,-1,0
15987,2011-11,1,239.14,168,2,0
15988,2011-11,1,156.78,180,2,0
15990,2011-02,1,401.37,171,-7,0
15990,2011-10,1,390.74,272,1,0
15992,2011-12,1,41.989999999999995,17,3,0
15993,2011-10,2,1277.83,918,1,C
15993,2011-11,3,1264.4,952,2,C
15993,2011-12,2,235.44,167,3,C
15994,2011-10,1,414.27,173,1,0
15996,2010-12,1,263.25,95,-9,0
15996,2011-02,1,210.09,118,-7,0
15996,2011-03,1,153.83,43,-6,0
15996,2011-06,1,141.03,53,-3,0
15996,2011-08,1,111.56,27,-1,0
15996,2011-09,1,152.82,44,0,0
15998,2010-12,1,863.39,466,-9,0
15998,2011-03,1,912.03,635,-6,0
15998,2011-06,1,329.84,269,-3,0
15998,2011-09,1,398.7,280,0,0
15998,2011-11,1,576.26,382,2,0
16000,2011-12,3,12393.7,5110,3,C
16003,2010-12,1,1181.0,184,-9,0
16003,2011-06,1,573.7,397,-3,0
16003,2011-07,1,39.2,14,-2,0
16003,2011-11,2,941.47,590,2,C
16005,2011-03,1,154.92000000000002,72,-6,0
16005,2011-06,1,120.49000000000001,45,-3,0
16005,2011-11,2,303.3,163,2,C
16006,2011-05,1,101.4,84,-4,0
16007,2011-05,1,363.97,418,-4,0
16007,2011-06,1,363.7,163,-3,0
16007,2011-10,2,966.14,807,1,C
16008,2011-05,1,139.15,75,-4,0
16008,2011-09,1,191.56,123,0,0
16008,2011-11,1,148.07,125,2,0
16009,2011-07,1,441.59000000000003,196,-2,0
16009,2011-10,1,388.76,122,1,0
16009,2011-11,2,141.76,48,2,C
16010,2010-12,1,110.1,46,-9,0
16010,2011-04,2,282.3,156,-5,C
16011,2010-12,2,398.6,222,-9,C
16011,2011-02,2,347.09000000000003,277,-7,C
16011,2011-03,1,118.55,63,-6,0
16011,2011-04,1,119.1,78,-5,0
16011,2011-06,2,376.62,251,-3,C
16011,2011-07,1,147.18,108,-2,0
16011,2011-08,1,208.39,129,-1,0
16011,2011-09,3,742.01,457,0,C
16011,2011-10,1,245.3,102,1,0
16011,2011-11,1,256.2,120,2,0
16011,2011-12,1,393.91999999999996,228,3,0
16012,2011-07,1,365.05,219,-2,0
16012,2011-08,1,767.0699999999999,332,-1,0
16012,2011-11,1,283.17,248,2,0
16013,2010-12,5,2973.0,1508,-9,C
16013,2011-01,2,1435.1,362,-8,C
16013,2011-02,5,2963.1,762,-7,C
16013,2011-03,4,1824.42,902,-6,C
16013,2011-04,2,547.8,340,-5,C
16013,2011-05,4,2675.2,928,-4,C
16013,2011-06,3,2902.7,946,-3,C
16013,2011-07,3,2244.24,1000,-2,C
16013,2011-08,6,4022.18,1502,-1,C
16013,2011-09,2,2491.2,916,0,C
16013,2011-10,6,6974.82,4022,1,C
16013,2011-11,3,3433.12,1168,2,C
16013,2011-12,2,2643.7200000000003,1180,3,C
16014,2011-02,1,253.63,102,-7,0
16014,2011-07,1,260.75,120,-2,0
16014,2011-11,1,132.45000000000002,36,2,0
16015,2011-10,1,300.77,393,1,0
16015,2011-11,1,200.67999999999998,238,2,0
16015,2011-12,1,203.1,276,3,0
16016,2010-12,1,363.02,138,-9,0
16016,2011-04,2,300.86,104,-5,C
16016,2011-05,1,127.19,58,-4,0
16016,2011-09,1,108.92,44,0,0
16016,2011-11,2,424.92,182,2,C
16016,2011-12,1,140.6,76,3,0
16017,2011-10,1,211.88,102,1,0
16018,2011-06,1,161.9,44,-3,0
16018,2011-10,1,247.0,146,1,0
16019,2010-12,1,219.1,60,-9,0
16019,2011-01,2,605.0500000000001,206,-8,C
16019,2011-02,1,1129.3500000000001,396,-7,0
16019,2011-03,1,303.32,60,-6,0
16019,2011-04,1,232.68,162,-5,0
16019,2011-07,1,462.75,309,-2,0
16019,2011-10,2,833.99,540,1,C
16020,2011-10,1,518.8,290,1,0
16020,2011-11,2,332.21,197,2,C
16022,2011-03,1,602.63,255,-6,0
16023,2011-03,1,177.84,52,-6,0
16023,2011-05,1,322.85,175,-4,0
16023,2011-10,1,219.12,131,1,0
16024,2011-11,1,251.03,397,2,0
16025,2011-11,1,439.65999999999997,338,2,0
16026,2011-10,1,236.09,243,1,0
16027,2011-02,2,399.72,361,-7,C
16027,2011-05,1,116.95,149,-4,0
16027,2011-06,1,108.7,154,-3,0
16027,2011-07,1,150.85,195,-2,0
16027,2011-09,1,158.4,288,0,0
16029,2010-12,6,13112.52,7956,-9,C
16029,2011-01,5,2139.39,1029,-8,C
16029,2011-02,4,4200.36,3492,-7,C
16029,2011-03,6,3487.08,1860,-6,C
16029,2011-04,2,1340.4,692,-5,C
16029,2011-05,6,11496.51,1553,-4,C
16029,2011-06,6,3969.6,1804,-3,C
16029,2011-07,4,2170.08,1024,-2,C
16029,2011-08,7,10297.3,4997,-1,C
16029,2011-09,8,3172.5,1751,0,C
16029,2011-10,8,24832.8,13568,1,C
16029,2011-11,1,632.3,382,2,0
16030,2011-02,1,331.24,283,-7,0
16031,2011-04,1,305.63,219,-5,0
16031,2011-09,1,242.27,202,0,0
16033,2010-12,2,307.74,97,-9,C
16033,2011-01,2,744.1,239,-8,C
16033,2011-02,1,208.76,115,-7,0
16033,2011-03,1,630.22,211,-6,0
16033,2011-04,3,452.23,158,-5,C
16033,2011-05,2,922.32,314,-4,C
16033,2011-06,1,626.41,267,-3,0
16033,2011-07,2,655.39,229,-2,C
16033,2011-08,2,1317.38,519,-1,C
16033,2011-09,1,954.51,421,0,0
16033,2011-10,1,366.3,145,1,0
16033,2011-11,1,1171.59,608,2,0
16033,2011-12,1,421.87,206,3,0
16034,2011-01,1,153.6,128,-8,0
16034,2011-05,2,284.1,114,-4,C
16036,2011-03,1,188.73,127,-6,0
16036,2011-09,1,570.19,589,0,0
16037,2010-12,1,300.46,160,-9,0
16037,2011-02,1,303.00000000000006,80,-7,0
16037,2011-03,1,251.56,188,-6,0
16038,2011-05,1,316.95,187,-4,0
16038,2011-06,1,76.38,42,-3,0
16038,2011-12,1,78.45,15,3,0
16040,2011-03,1,422.43,285,-6,0
16040,2011-07,1,453.75,224,-2,0
16040,2011-10,1,437.37,175,1,0
16041,2011-07,2,2739.8,1044,-2,C
16041,2011-11,1,426.6,540,2,0
16042,2011-01,1,24.95,5,-8,0
16042,2011-08,1,415.53,255,-1,0
16042,2011-10,2,432.52000000000004,274,1,C
16042,2011-11,1,304.47,209,2,0
16043,2011-01,1,307.85,155,-8,0
16043,2011-04,1,144.10000000000002,102,-5,0
16043,2011-05,1,224.54000000000002,85,-4,0
16043,2011-11,1,97.5,161,2,0
16045,2011-02,1,664.45,438,-7,0
16045,2011-04,1,196.8,107,-5,0
16045,2011-06,1,269.4,157,-3,0
16045,2011-08,1,210.05,195,-1,0
16048,2010-12,2,256.44,144,-9,C
16049,2011-09,1,484.11,316,0,0
16049,2011-10,2,590.7,447,1,C
16050,2011-06,1,137.9,278,-3,0
16052,2011-10,1,362.06,282,1,0
16053,2011-08,1,1124.19,1003,-1,0
16053,2011-11,1,387.76,790,2,0
16054,2011-07,1,783.9,380,-2,0
16055,2011-05,1,134.8,22,-4,0
16056,2011-10,1,650.75,345,1,0
16057,2011-02,1,683.98,217,-7,0
16057,2011-05,2,375.56,160,-4,C
16057,2011-09,3,484.69,243,0,C
16057,2011-11,1,718.89,243,2,0
16059,2010-12,1,118.25,51,-9,0
16059,2011-01,1,141.25,73,-8,0
16059,2011-03,1,381.5,143,-6,0
16059,2011-06,1,303.6,123,-3,0
16059,2011-09,1,403.26,211,0,0
16059,2011-10,1,105.30000000000001,40,1,0
16062,2010-12,1,247.56,124,-9,0
16062,2011-04,1,330.62,209,-5,0
16062,2011-07,1,199.96,317,-2,0
16062,2011-11,1,375.48,150,2,0
16063,2011-03,1,335.32,262,-6,0
16065,2010-12,1,367.14,228,-9,0
16066,2011-08,1,316.38,186,-1,0
16066,2011-10,2,540.46,407,1,C
16066,2011-11,2,664.2,342,2,C
16070,2011-11,2,852.15,457,2,C
16071,2011-10,1,326.24,180,1,0
16072,2011-02,1,584.3199999999999,140,-7,0
16073,2011-02,1,122.39999999999999,48,-7,0
16076,2011-05,1,305.45000000000005,137,-4,0
16076,2011-07,1,325.46999999999997,309,-2,0
16076,2011-08,1,256.88,264,-1,0
16076,2011-09,3,568.01,341,0,C
16076,2011-10,2,431.76,184,1,C
16076,2011-11,1,186.17999999999998,118,2,0
16076,2011-12,1,160.98,82,3,0
16078,2011-03,1,79.2,16,-6,0
16079,2011-10,1,508.22,426,1,0
16079,2011-11,2,843.78,438,2,C
16080,2011-03,1,130.26,66,-6,0
16080,2011-09,1,86.9,62,0,0
16081,2010-12,1,157.6,53,-9,0
16081,2011-03,1,410.53,241,-6,0
16081,2011-06,1,424.24,182,-3,0
16081,2011-09,1,1599.55,887,0,0
16081,2011-10,1,207.5,110,1,0
16083,2010-12,1,337.98,384,-9,0
16083,2011-08,1,979.64,524,-1,0
16084,2011-02,1,436.18,216,-7,0
16085,2011-01,1,181.35,95,-8,0
16085,2011-04,1,143.69,129,-5,0
16085,2011-09,1,294.61,150,0,0
16085,2011-10,1,120.33,97,1,0
16085,2011-11,1,241.53,165,2,0
16086,2010-12,1,177.26,76,-9,0
16086,2011-02,1,101.19,33,-7,0
16086,2011-05,1,308.61,139,-4,0
16086,2011-09,1,312.64,140,0,0
16086,2011-10,1,221.69,123,1,0
16091,2011-05,1,157.25,83,-4,0
16091,2011-07,1,157.81,71,-2,0
16092,2011-03,1,310.87,211,-6,0
16092,2011-05,1,282.86,234,-4,0
16092,2011-08,1,224.13,183,-1,0
16093,2011-08,1,17.0,20,-1,0
16094,2011-05,1,252.1,164,-4,0
16094,2011-11,3,826.13,483,2,C
16096,2011-03,1,320.62,155,-6,0
16097,2011-04,1,185.04999999999998,87,-5,0
16098,2010-12,1,430.6,134,-9,0
16098,2011-02,1,421.8,68,-7,0
16098,2011-04,1,157.9,56,-5,0
16098,2011-06,1,211.92000000000002,66,-3,0
16098,2011-07,1,289.95,67,-2,0
16098,2011-08,1,200.32,110,-1,0
16098,2011-09,1,293.14,112,0,0
16099,2011-04,1,318.3,206,-5,0
16099,2011-07,1,273.8,156,-2,0
16099,2011-10,1,139.8,72,1,0
16101,2011-09,1,1290.7,757,0,0
16102,2011-08,1,839.76,464,-1,0
16102,2011-09,1,553.08,312,0,0
16102,2011-10,1,449.3,166,1,0
16103,2011-04,2,534.46,170,-5,C
16103,2011-06,1,270.8,92,-3,0
16103,2011-07,1,351.14,126,-2,0
16103,2011-09,1,256.74,168,0,0
16103,2011-12,1,16.5,2,3,0
16104,2011-10,1,298.21,122,1,0
16105,2011-04,1,336.96,330,-5,0
16106,2011-10,1,108.38,74,1,0
16107,2011-06,1,532.9,94,-3,0
16107,2011-07,1,318.8,88,-2,0
16107,2011-08,1,642.4200000000001,318,-1,0
16107,2011-09,1,316.6,84,0,0
16107,2011-10,1,496.8,208,1,0
16107,2011-11,2,896.6400000000001,384,2,C
16108,2011-09,1,842.5,615,0,0
16109,2011-02,1,314.99999999999994,84,-7,0
16109,2011-05,1,296.88,528,-4,0
16110,2011-02,1,404.0,206,-7,0
16110,2011-03,1,274.18,136,-6,0
16110,2011-10,1,642.77,378,1,0
16112,2011-01,2,136.14,342,-8,C
16112,2011-07,2,59.599999999999994,232,-2,C
16113,2011-06,1,161.38,176,-3,0
16114,2011-06,1,135.75000000000003,43,-3,0
16115,2011-02,1,138.83,77,-7,0
16115,2011-03,1,200.53,129,-6,0
16115,2011-05,1,166.94,110,-4,0
16115,2011-06,1,145.27,69,-3,0
16115,2011-08,1,273.02,207,-1,0
16115,2011-09,1,361.34,214,0,0
16115,2011-10,1,225.94,105,1,0
16115,2011-11,1,149.01,83,2,0
16116,2011-05,1,612.78,248,-4,0
16117,2011-06,1,232.21,130,-3,0
16119,2011-09,1,309.48,172,0,0
16119,2011-12,1,113.88000000000001,68,3,0
16120,2011-10,4,1309.14,878,1,C
16121,2011-05,1,285.94,139,-4,0
16121,2011-10,1,568.72,437,1,0
16122,2010-12,1,105.72,118,-9,0
16122,2011-01,1,144.12,328,-8,0
16122,2011-08,1,300.42,466,-1,0
16122,2011-09,1,134.16000000000003,216,0,0
16123,2011-10,1,307.78,170,1,0
16124,2011-01,1,249.0,48,-8,0
16125,2010-12,1,289.35,124,-9,0
16126,2011-02,1,891.35,275,-7,0
16126,2011-06,1,952.65,263,-3,0
16126,2011-08,1,1862.7,546,-1,0
16126,2011-11,1,2581.07,1041,2,0
16127,2011-10,1,656.25,323,1,0
16128,2011-03,1,388.3,174,-6,0
16128,2011-07,1,306.4,192,-2,0
16128,2011-09,1,717.36,424,0,0
16128,2011-11,2,468.16,198,2,C
16131,2011-04,1,1056.3600000000001,540,-5,0
16131,2011-05,1,608.16,252,-4,0
16131,2011-08,2,613.98,452,-1,C
16131,2011-10,2,1228.04,558,1,C
16133,2011-01,1,323.71,327,-8,0
16133,2011-02,1,307.2,144,-7,0
16133,2011-04,3,2914.92,1555,-5,C
16133,2011-05,6,2940.82,1651,-4,C
16133,2011-06,1,304.71999999999997,196,-3,0
16133,2011-07,2,796.4399999999999,620,-2,C
16133,2011-08,9,3031.46,1730,-1,C
16133,2011-09,2,1459.0,675,0,C
16133,2011-10,3,901.25,596,1,C
16133,2011-11,2,672.4,365,2,C
16133,2011-12,3,937.12,1028,3,C
16134,2010-12,1,283.53000000000003,158,-9,0
16134,2011-11,1,334.56,213,2,0
16135,2011-03,1,517.55,209,-6,0
16136,2011-03,1,159.3,66,-6,0
16136,2011-09,1,143.34,114,0,0
16136,2011-10,1,406.74,260,1,0
16139,2011-05,1,139.79999999999998,84,-4,0
16139,2011-08,1,166.57,71,-1,0
16139,2011-11,1,329.04,175,2,0
16140,2010-12,1,124.14,104,-9,0
16140,2011-10,1,601.04,626,1,0
16141,2011-09,1,620.4,238,0,0
16142,2011-04,1,535.34,422,-5,0
16143,2010-12,2,811.35,227,-9,C
16143,2011-02,1,401.5,158,-7,0
16143,2011-05,1,361.32,152,-4,0
16143,2011-08,1,375.19,178,-1,0
16143,2011-12,1,475.58000000000004,204,3,0
16144,2011-04,1,175.2,16,-5,0
16145,2010-12,1,302.78,270,-9,0
16145,2011-01,1,366.06,238,-8,0
16145,2011-02,1,310.08,193,-7,0
16145,2011-04,1,337.36,458,-5,0
16145,2011-06,1,331.44,144,-3,0
16145,2011-07,1,309.07,318,-2,0
16145,2011-08,1,325.51,292,-1,0
16145,2011-09,2,659.63,677,0,C
16145,2011-10,1,490.17,353,1,0
16145,2011-12,1,367.39000000000004,180,3,0
16146,2011-04,1,385.69,211,-5,0
16146,2011-05,1,273.44,156,-4,0
16146,2011-07,1,75.0,60,-2,0
16147,2011-07,1,375.0,246,-2,0
16148,2011-02,1,76.32000000000001,72,-7,0
16149,2011-07,1,163.68,168,-2,0
16149,2011-12,1,116.84,140,3,0
16150,2010-12,1,393.42,174,-9,0
16150,2011-03,1,571.06,326,-6,0
16150,2011-08,1,444.21999999999997,274,-1,0
16150,2011-09,1,339.83,164,0,0
16150,2011-10,1,304.49,109,1,0
16152,2011-03,1,1829.04,642,-6,0
16153,2010-12,1,215.01,75,-9,0
16153,2011-05,1,186.9,96,-4,0
16153,2011-06,1,298.19,237,-3,0
16153,2011-08,1,323.44,122,-1,0
16153,2011-10,1,800.69,543,1,0
16156,2011-02,1,303.84000000000003,136,-7,0
16156,2011-03,1,309.02,122,-6,0
16156,2011-05,1,417.71000000000004,170,-4,0
16156,2011-07,2,384.6,226,-2,C
16156,2011-09,1,680.28,250,0,0
16156,2011-10,1,284.98,106,1,0
16156,2011-11,1,396.0,178,2,0
16156,2011-12,1,315.61,85,3,0
16157,2011-09,1,168.32,44,0,0
16157,2011-11,2,488.37,303,2,C
16159,2011-03,1,348.2,236,-6,0
16160,2011-09,1,801.94,1012,0,0
16160,2011-10,1,223.49999999999997,150,1,0
16161,2010-12,3,576.3,258,-9,C
16161,2011-01,1,200.25,94,-8,0
16161,2011-02,3,539.39,256,-7,C
16161,2011-04,1,345.35,165,-5,0
16161,2011-05,2,599.77,304,-4,C
16161,2011-06,1,305.7,166,-3,0
16161,2011-07,1,469.90000000000003,232,-2,0
16161,2011-09,2,837.9300000000001,435,0,C
16161,2011-10,1,384.40000000000003,180,1,0
16161,2011-11,3,956.17,401,2,C
16161,2011-12,1,318.51,92,3,0
16162,2011-04,1,37.4,4,-5,0
16163,2010-12,1,441.6,92,-9,0
16163,2011-04,1,415.00000000000006,100,-5,0
16164,2011-10,1,245.35999999999999,136,1,0
16164,2011-11,2,577.12,297,2,C
16168,2010-12,1,275.8,124,-9,0
16168,2011-01,1,127.70000000000002,38,-8,0
16168,2011-03,1,163.2,128,-6,0
16168,2011-04,3,292.85,115,-5,C
16168,2011-05,3,392.26,204,-4,C
16168,2011-06,1,143.5,66,-3,0
16168,2011-07,2,391.81,279,-2,C
16168,2011-08,4,574.08,270,-1,C
16168,2011-09,3,433.94,254,0,C
16168,2011-10,1,119.9,38,1,0
16168,2011-11,7,872.56,376,2,C
16169,2011-09,1,587.46,410,0,0
16169,2011-10,1,317.34000000000003,256,1,0
16169,2011-11,1,579.15,449,2,0
16169,2011-12,1,339.02000000000004,210,3,0
16170,2011-04,2,625.5799999999999,434,-5,C
16170,2011-06,1,319.29,232,-3,0
16170,2011-07,1,305.0,542,-2,0
16170,2011-08,1,310.78999999999996,275,-1,0
16170,2011-10,1,324.39,287,1,0
16171,2011-10,1,73.2,24,1,0
16172,2011-04,1,199.38,180,-5,0
16172,2011-06,1,351.97,215,-3,0
16172,2011-08,1,249.0,136,-1,0
16172,2011-09,2,339.86,256,0,C
16173,2011-09,3,744.25,274,0,C
16173,2011-10,1,262.57,139,1,0
16173,2011-11,2,411.5,162,2,C
16174,2011-07,2,705.35,391,-2,C
16174,2011-08,1,304.20000000000005,260,-1,0
16175,2011-04,1,272.86,100,-5,0
16175,2011-05,1,194.11999999999998,120,-4,0
16175,2011-06,1,269.90999999999997,149,-3,0
16175,2011-09,1,300.7,164,0,0
16177,2011-10,1,331.95,95,1,0
16178,2011-07,1,197.9,94,-2,0
16179,2011-10,1,215.83,99,1,0
16180,2011-04,2,1180.88,698,-5,C
16180,2011-05,2,1564.55,914,-4,C
16180,2011-06,1,1581.85,883,-3,0
16180,2011-07,1,1885.1,1104,-2,0
16180,2011-08,2,4041.8,2268,-1,C
16181,2011-09,1,305.54,152,0,0
16182,2011-02,1,825.0,500,-7,0
16182,2011-05,1,1692.0,1000,-4,0
16182,2011-08,1,2327.0,1300,-1,0
16182,2011-09,1,1773.65,991,0,0
16183,2011-10,1,338.71000000000004,113,1,0
16184,2011-05,1,148.22,26,-4,0
16184,2011-06,1,299.67,139,-3,0
16184,2011-07,1,116.93,71,-2,0
16184,2011-08,2,420.98,234,-1,C
16184,2011-10,1,172.99,91,1,0
16185,2011-04,1,335.0,153,-5,0
16185,2011-11,1,194.41,107,2,0
16186,2010-12,1,307.68,231,-9,0
16186,2011-04,1,392.41,428,-5,0
16186,2011-05,2,347.12,266,-4,C
16186,2011-06,1,300.14,218,-3,0
16186,2011-07,2,594.04,518,-2,C
16186,2011-08,2,755.14,581,-1,C
16186,2011-10,2,897.61,538,1,C
16186,2011-11,1,412.8,240,2,0
16187,2011-02,2,675.9000000000001,371,-7,C
16187,2011-04,3,1346.98,810,-5,C
16187,2011-05,2,541.76,364,-4,C
16187,2011-06,1,910.98,812,-3,0
16187,2011-08,2,1125.7,1024,-1,C
16187,2011-09,3,1680.8700000000001,1188,0,C
16187,2011-10,1,312.89,259,1,0
16187,2011-11,1,316.36,220,2,0
16188,2011-04,2,565.77,439,-5,C
16188,2011-07,1,189.26,206,-2,0
16188,2011-10,1,226.83,137,1,0
16189,2011-09,1,144.48,102,0,0
16189,2011-11,1,71.0,32,2,0
16190,2011-10,1,215.08,88,1,0
16191,2010-12,2,627.5999999999999,744,-9,C
16191,2011-01,4,877.12,364,-8,C
16191,2011-02,1,514.56,228,-7,0
16191,2011-03,1,596.4,276,-6,0
16191,2011-10,2,1466.58,1036,1,C
16191,2011-11,2,853.6,526,2,C
16191,2011-12,1,244.66000000000003,177,3,0
16193,2011-04,1,314.45,219,-5,0
16198,2011-09,1,400.68100000000004,129,0,0
16200,2011-06,1,550.57,231,-3,0
16200,2011-12,1,518.3,285,3,0
16201,2011-08,1,303.8,208,-1,0
16201,2011-10,1,479.03,414,1,0
16201,2011-11,1,571.24,328,2,0
16201,2011-12,1,509.4,336,3,0
16202,2010-12,1,365.27,191,-9,0
16203,2010-12,1,170.7,70,-9,0
16203,2011-04,1,147.6,72,-5,0
16203,2011-07,1,60.0,16,-2,0
16203,2011-10,1,214.6,104,1,0
16204,2011-11,1,384.18,218,2,0
16205,2011-06,1,112.35,64,-3,0
16205,2011-10,1,319.4,254,1,0
16205,2011-11,2,325.88,198,2,C
16206,2011-01,1,161.3,83,-8,0
16206,2011-05,1,127.45,70,-4,0
16206,2011-08,1,121.11,50,-1,0
16206,2011-10,1,127.19999999999999,69,1,0
16207,2011-11,1,394.38,140,2,0
16208,2011-02,1,497.59,243,-7,0
16208,2011-10,1,166.67,90,1,0
16209,2011-04,1,305.95000000000005,245,-5,0
16209,2011-06,2,1598.3100000000002,682,-3,C
16209,2011-08,1,212.64,176,-1,0
16209,2011-09,1,145.72,76,0,0
16210,2010-12,4,7000.64,2950,-9,C
16210,2011-01,1,10.0,1,-8,0
16210,2011-02,1,1866.3000000000002,586,-7,0
16210,2011-05,3,1716.27,637,-4,C
16210,2011-08,1,310.87,87,-1,0
16210,2011-09,2,702.94,302,0,C
16210,2011-10,1,528.6,148,1,0
16210,2011-11,4,5351.28,1792,2,C
16210,2011-12,1,3599.4,1056,3,0
16211,2011-09,1,547.02,154,0,0
16212,2011-03,1,498.15000000000003,151,-6,0
16212,2011-11,1,192.19,93,2,0
16213,2011-09,1,159.0,48,0,0
16214,2011-03,1,542.97,286,-6,0
16214,2011-04,1,206.7,34,-5,0
16214,2011-06,1,313.08000000000004,100,-3,0
16215,2011-09,1,242.35,104,0,0
16216,2011-03,1,914.9300000000001,254,-6,0
16217,2011-03,1,183.0,60,-6,0
16217,2011-04,1,121.25000000000001,31,-5,0
16218,2010-12,1,471.3,438,-9,0
16218,2011-03,1,216.3,126,-6,0
16218,2011-05,2,1041.16,652,-4,C
16218,2011-07,1,452.0,340,-2,0
16218,2011-08,1,454.72,196,-1,0
16218,2011-11,1,449.2,336,2,0
16221,2010-12,1,166.74,52,-9,0
16221,2011-03,1,148.63,215,-6,0
16221,2011-11,1,545.49,447,2,0
16222,2011-01,1,773.5500000000001,325,-8,0
16224,2011-04,2,543.21,485,-5,C
16224,2011-07,1,322.67,313,-2,0
16224,2011-10,1,429.42,318,1,0
16225,2011-03,2,416.61,200,-6,C
16225,2011-06,1,183.95000000000002,53,-3,0
16225,2011-07,1,353.08,198,-2,0
16225,2011-10,1,142.68,42,1,0
16226,2011-04,1,130.8,72,-5,0
16226,2011-05,2,124.32000000000001,120,-4,C
16227,2011-04,1,314.22,90,-5,0
16229,2011-05,1,358.2,92,-4,0
16229,2011-09,1,652.4,226,0,0
16230,2011-05,1,275.93,195,-4,0
16230,2011-06,1,266.1,170,-3,0
16232,2011-05,2,366.47,231,-4,C
16232,2011-07,1,358.57,207,-2,0
16232,2011-10,1,265.84,112,1,0
16233,2010-12,1,147.39999999999998,12,-9,0
16233,2011-01,1,179.10000000000002,78,-8,0
16233,2011-09,1,210.18,84,0,0
16235,2011-01,1,108.67,45,-8,0
16235,2011-02,1,235.79,61,-7,0
16235,2011-06,1,320.83,145,-3,0
16235,2011-09,1,10.0,1,0,0
16235,2011-10,1,192.01999999999998,78,1,0
16236,2011-09,1,432.2,184,0,0
16239,2011-06,1,347.9,182,-3,0
16239,2011-10,1,66.3,46,1,0
16240,2011-09,1,1824.79,935,0,0
16240,2011-11,1,1894.01,706,2,0
16241,2010-12,1,277.65000000000003,97,-9,0
16241,2011-01,1,158.73,70,-8,0
16241,2011-04,1,225.52,113,-5,0
16241,2011-05,1,166.66,88,-4,0
16241,2011-06,1,173.82,121,-3,0
16241,2011-07,1,196.28,93,-2,0
16241,2011-08,2,303.16,256,-1,C
16241,2011-09,2,276.61,113,0,C
16241,2011-10,1,110.03,86,1,0
16241,2011-11,2,701.85,406,2,C
16242,2011-03,1,211.36,95,-6,0
16242,2011-05,1,181.54,79,-4,0
16242,2011-06,1,453.69,201,-3,0
16242,2011-10,1,822.74,471,1,0
16242,2011-11,2,1361.62,817,2,C
16242,2011-12,1,548.91,306,3,0
16243,2011-10,1,214.95,45,1,0
16243,2011-11,1,194.15,65,2,0
16244,2010-12,1,1056.63,619,-9,0
16244,2011-05,1,466.12,236,-4,0
16245,2011-03,1,453.98,258,-6,0
16245,2011-08,1,315.72,172,-1,0
16245,2011-11,1,643.96,584,2,0
16247,2011-06,1,114.56,182,-3,0
16248,2011-10,1,152.94,78,1,0
16249,2011-04,1,814.83,441,-5,0
16249,2011-05,1,205.7,46,-4,0
16249,2011-07,1,331.74,197,-2,0
16249,2011-08,1,88.5,78,-1,0
16249,2011-10,1,359.3,188,1,0
16250,2010-12,1,226.14,108,-9,0
16250,2011-03,1,163.3,100,-6,0
16253,2011-03,1,1700.4,1340,-6,0
16253,2011-10,1,1983.46,1893,1,0
16255,2010-12,1,374.25,173,-9,0
16255,2011-01,1,299.6,183,-8,0
16255,2011-02,1,219.36,92,-7,0
16255,2011-04,1,168.46,195,-5,0
16255,2011-07,2,736.08,541,-2,C
16255,2011-09,1,385.04,277,0,0
16255,2011-11,1,437.12,306,2,0
16256,2011-03,1,752.4300000000001,581,-6,0
16257,2011-06,1,46.95,2,-3,0
16258,2011-05,1,1032.46,372,-4,0
16258,2011-06,1,801.0,434,-3,0
16258,2011-07,1,1152.8,1323,-2,0
16258,2011-08,1,754.8000000000001,216,-1,0
16258,2011-10,1,1462.45,649,1,0
16260,2011-10,1,1035.45,311,1,0
16261,2011-04,1,252.52,137,-5,0
16261,2011-08,1,157.47,57,-1,0
16261,2011-09,1,134.15,43,0,0
16261,2011-11,1,184.4,64,2,0
16265,2010-12,2,840.81,369,-9,C
16265,2011-02,2,1602.03,768,-7,C
16265,2011-03,1,432.3,182,-6,0
16265,2011-07,1,750.9,346,-2,0
16265,2011-08,1,435.98,206,-1,0
16265,2011-10,1,595.08,321,1,0
16265,2011-11,1,789.9,454,2,0
16266,2011-05,3,371.84,150,-4,C
16266,2011-06,1,117.0,36,-3,0
16266,2011-07,1,161.9,114,-2,0
16266,2011-08,1,110.38,53,-1,0
16266,2011-09,1,100.77,45,0,0
16268,2011-09,2,667.65,533,0,C
16270,2010-12,1,1141.24,688,-9,0
16271,2010-12,1,133.22,128,-9,0
16271,2011-07,1,435.79,343,-2,0
16271,2011-08,1,299.42,201,-1,0
16271,2011-11,1,521.21,351,2,0
16271,2011-12,1,15.0,1,3,0
16272,2011-08,1,411.7,224,-1,0
16274,2010-12,1,351.75,153,-9,0
16275,2011-05,1,559.87,336,-4,0
16276,2011-06,1,810.6000000000001,420,-3,0
16278,2011-08,1,566.38,114,-1,0
16279,2011-06,1,359.08000000000004,156,-3,0
16279,2011-09,1,365.1,306,0,0
16279,2011-11,1,778.6,584,2,0
16281,2011-09,1,2062.06,934,0,0
16282,2011-01,1,168.3,114,-8,0
16283,2011-05,1,277.81,160,-4,0
16283,2011-07,1,198.56,235,-2,0
16283,2011-08,1,109.97999999999999,46,-1,0
16283,2011-10,1,743.79,646,1,0
16283,2011-12,1,240.67,149,3,0
16284,2011-10,1,390.25,241,1,0
16284,2011-11,1,422.43,294,2,0
16287,2011-06,1,142.5,298,-3,0
16292,2011-08,1,302.25,191,-1,0
16293,2010-12,1,378.75,189,-9,0
16293,2011-03,1,317.56,133,-6,0
16293,2011-05,2,433.43,191,-4,C
16293,2011-09,2,324.59,130,0,C
16293,2011-10,3,451.83000000000004,204,1,C
16293,2011-11,1,342.83000000000004,135,2,0
16295,2011-10,2,692.3,583,1,C
16295,2011-11,2,636.25,258,2,C
16297,2011-03,1,301.9,206,-6,0
16298,2011-06,1,114.3,50,-3,0
16298,2011-10,1,239.24,84,1,0
16298,2011-11,1,244.66,64,2,0
16302,2011-08,1,233.22,158,-1,0
16303,2011-01,1,827.1800000000001,418,-8,0
16303,2011-08,1,3209.15,1607,-1,0
16303,2011-11,1,1324.3,634,2,0
16305,2011-07,1,361.21999999999997,256,-2,0
16306,2010-12,1,68.1,30,-9,0
16306,2011-01,1,175.15,149,-8,0
16306,2011-02,3,351.21999999999997,286,-7,C
16306,2011-05,1,37.8,22,-4,0
16308,2011-03,1,320.0,1000,-6,0
16308,2011-05,1,640.0,2000,-4,0
16308,2011-08,1,640.0,2000,-1,0
16308,2011-11,1,960.0,3000,2,0
16309,2011-04,1,334.2,304,-5,0
16309,2011-08,1,372.37,163,-1,0
16311,2011-10,1,401.55,215,1,0
16311,2011-11,1,214.71,179,2,0
16313,2011-10,1,167.62,66,1,0
16313,2011-12,1,106.53,99,3,0
16315,2011-01,1,226.37,75,-8,0
16316,2010-12,1,308.21999999999997,230,-9,0
16316,2011-03,3,840.75,212,-6,C
16316,2011-05,1,680.14,462,-4,0
16316,2011-06,1,363.78,257,-3,0
16316,2011-07,1,19.919999999999998,24,-2,0
16316,2011-10,1,726.1,299,1,0
16317,2011-02,1,570.76,382,-7,0
16317,2011-07,1,462.58,256,-2,0
16317,2011-08,1,308.31,252,-1,0
16318,2011-11,1,328.15,199,2,0
16319,2011-05,1,404.40000000000003,72,-4,0
16320,2011-05,1,852.68,654,-4,0
16320,2011-06,1,185.78,78,-3,0
16321,2011-01,1,87.75,21,-8,0
16321,2011-02,2,135.9,42,-7,C
16321,2011-09,2,150.0,72,0,C
16322,2011-11,1,213.07999999999998,120,2,0
16322,2011-12,1,113.67,111,3,0
16323,2011-05,1,207.50000000000003,50,-4,0
16324,2011-06,1,155.37,88,-3,0
16324,2011-08,2,253.22,182,-1,C
16325,2011-04,1,190.82000000000002,62,-5,0
16325,2011-07,1,225.20000000000002,58,-2,0
16325,2011-10,1,178.22,74,1,0
16326,2011-01,2,425.18,86,-8,C
16326,2011-05,1,101.10000000000001,18,-4,0
16326,2011-06,2,382.9,81,-3,C
16326,2011-07,1,155.34,29,-2,0
16326,2011-08,1,151.0,20,-1,0
16326,2011-09,2,491.59000000000003,161,0,C
16326,2011-10,2,582.4300000000001,140,1,C
16326,2011-11,2,477.84000000000003,90,2,C
16326,2011-12,1,271.84,57,3,0
16327,2010-12,1,535.6,392,-9,0
16327,2011-01,1,622.62,465,-8,0
16327,2011-03,1,582.35,359,-6,0
16327,2011-05,1,729.07,402,-4,0
16327,2011-09,1,702.75,402,0,0
16327,2011-11,1,647.88,540,2,0
16330,2011-08,2,48.96,23,-1,C
16330,2011-11,1,202.95,124,2,0
16332,2011-02,1,122.3,40,-7,0
16332,2011-07,1,307.97,157,-2,0
16332,2011-08,1,221.5,72,-1,0
16332,2011-09,1,466.12,278,0,0
16332,2011-10,2,262.6,119,1,C
16332,2011-11,1,202.31,131,2,0
16333,2011-02,3,2508.48,4284,-7,C
16333,2011-03,1,1920.48,3528,-6,0
16333,2011-04,9,7325.84,12296,-5,C
16333,2011-05,3,1332.4,1984,-4,C
16333,2011-08,1,1282.0,1132,-1,0
16333,2011-09,1,1250.4,1128,0,0
16333,2011-10,1,3733.0,2584,1,0
16333,2011-11,1,5727.0,3840,2,0
16333,2011-12,2,1547.2,1408,3,C
16337,2011-11,1,151.05,87,2,0
16338,2011-07,1,214.79999999999998,94,-2,0
16339,2011-02,1,94.05,21,-7,0
16340,2011-08,1,534.31,486,-1,0
16341,2011-05,1,797.65,534,-4,0
16341,2011-09,1,734.24,552,0,0
16341,2011-11,2,439.98,312,2,C
16342,2011-06,1,136.95,47,-3,0
16342,2011-07,1,89.26,76,-2,0
16342,2011-08,1,57.5,22,-1,0
16342,2011-09,1,38.7,12,0,0
16343,2011-11,2,328.58,175,2,C
16344,2011-07,1,101.10000000000001,18,-2,0
16345,2011-10,1,565.46,288,1,0
16347,2011-11,2,847.45,341,2,C
16348,2011-04,2,431.45,223,-5,C
16348,2011-06,1,127.62,66,-3,0
16348,2011-08,1,179.22,111,-1,0
16348,2011-09,1,275.4,171,0,0
16348,2011-11,2,401.96,234,2,C
16349,2011-02,1,53.5,9,-7,0
16350,2011-01,1,376.7,196,-8,0
16350,2011-09,1,189.7,78,0,0
16350,2011-10,1,435.46999999999997,211,1,0
16350,2011-11,1,114.6,60,2,0
16351,2011-01,1,153.9,90,-8,0
16352,2011-11,2,494.44,300,2,C
16353,2010-12,4,510.0,120,-9,C
16353,2011-01,2,547.6,218,-8,C
16353,2011-02,2,237.60000000000002,48,-7,C
16353,2011-03,1,175.72,96,-6,0
16353,2011-05,2,684.36,312,-4,C
16353,2011-07,1,664.83,213,-2,0
16353,2011-08,1,505.80000000000007,204,-1,0
16353,2011-09,2,379.5,97,0,C
16353,2011-10,2,500.20000000000005,116,1,C
16353,2011-11,4,1876.1000000000001,462,2,C
16353,2011-12,2,594.0,120,3,C
16354,2011-09,1,366.1,144,0,0
16354,2011-10,1,29.700000000000003,6,1,0
16356,2011-03,1,102.0,44,-6,0
16356,2011-04,1,2.1,1,-5,0
16356,2011-05,1,107.67,48,-4,0
16357,2011-05,1,137.9,22,-4,0
16357,2011-06,1,120.05000000000001,33,-3,0
16357,2011-11,1,400.93,191,2,0
16358,2011-06,1,462.15000000000003,221,-3,0
16358,2011-09,1,672.4000000000001,298,0,0
16358,2011-10,1,459.79,351,1,0
16358,2011-12,1,433.16,432,3,0
16359,2011-01,1,92.4,44,-8,0
16359,2011-02,1,209.25,295,-7,0
16359,2011-03,1,130.56,90,-6,0
16359,2011-04,1,423.4,145,-5,0
16359,2011-05,1,160.65,83,-4,0
16359,2011-06,1,230.57,139,-3,0
16359,2011-09,1,164.4,80,0,0
16359,2011-10,1,228.96,216,1,0
16359,2011-12,1,110.73,91,3,0
16360,2011-09,2,447.27,258,0,C
16360,2011-10,1,1000.75,555,1,0
16360,2011-11,2,1239.45,802,2,C
16360,2011-12,1,762.94,495,3,0
16361,2011-09,1,334.94,206,0,0
16361,2011-10,1,269.36,89,1,0
16361,2011-11,2,286.90999999999997,123,2,C
16362,2011-09,3,360.65,145,0,C
16362,2011-10,1,134.25,80,1,0
16362,2011-11,1,215.09,115,2,0
16363,2011-10,1,109.36000000000001,52,1,0
16364,2011-07,1,346.3,114,-2,0
16364,2011-11,1,359.49,165,2,0
16365,2010-12,2,368.46,137,-9,C
16365,2011-03,1,120.9,102,-6,0
16365,2011-07,3,319.25,78,-2,C
16365,2011-08,1,53.95,8,-1,0
16365,2011-11,2,677.8599999999999,179,2,C
16366,2011-11,1,327.3,256,2,0
16367,2010-12,1,167.09,87,-9,0
16367,2011-11,1,633.58,556,2,0
16368,2011-11,1,302.48,124,2,0
16368,2011-12,1,177.43,127,3,0
16369,2011-05,1,354.45,199,-4,0
16369,2011-09,1,488.99,299,0,0
16369,2011-11,1,701.97,532,2,0
16370,2011-04,1,272.17,167,-5,0
16370,2011-06,1,271.04,158,-3,0
16370,2011-08,1,401.28000000000003,194,-1,0
16370,2011-09,1,357.42,121,0,0
16372,2011-11,2,355.73,158,2,C
16374,2011-03,1,154.2,51,-6,0
16374,2011-10,1,312.53000000000003,186,1,0
16376,2011-11,1,862.2,655,2,0
16376,2011-12,1,112.75999999999999,36,3,0
16377,2011-03,1,676.2,1500,-6,0
16378,2011-02,2,287.05,225,-7,C
16378,2011-04,1,75.9,42,-5,0
16379,2011-09,1,478.88,330,0,0
16379,2011-11,2,1276.88,854,2,C
16379,2011-12,1,401.64,226,3,0
16380,2011-10,1,1743.1499999999999,1428,1,0
16383,2011-03,1,309.46,298,-6,0
16383,2011-09,1,334.3,169,0,0
16384,2011-03,1,409.1,200,-6,0
16384,2011-09,1,175.4,60,0,0
16385,2010-12,1,147.20000000000002,67,-9,0
16385,2011-07,1,126.62,85,-2,0
16385,2011-10,1,281.04,106,1,0
16386,2011-03,1,61.10000000000001,26,-6,0
16386,2011-11,1,241.47,179,2,0
16387,2011-01,1,94.36,44,-8,0
16389,2011-03,1,119.65,59,-6,0
16389,2011-05,1,550.52,248,-4,0
16389,2011-09,1,408.53999999999996,162,0,0
16389,2011-10,1,303.36,773,1,0
16392,2011-03,1,217.89,201,-6,0
16393,2010-12,2,291.55,137,-9,C
16393,2011-02,1,214.04999999999998,151,-7,0
16393,2011-04,1,128.25,66,-5,0
16393,2011-05,1,202.07,103,-4,0
16393,2011-06,1,133.62,104,-3,0
16393,2011-07,2,533.79,337,-2,C
16393,2011-09,1,258.64,115,0,0
16393,2011-10,1,352.41,141,1,0
16393,2011-11,2,619.88,279,2,C
16393,2011-12,1,306.7,140,3,0
16394,2011-02,1,312.40999999999997,365,-7,0
16394,2011-04,1,306.89,403,-5,0
16394,2011-06,1,313.8,636,-3,0
16394,2011-09,1,308.76,612,0,0
16394,2011-10,1,313.48,588,1,0
16395,2011-01,2,450.56,378,-8,C
16395,2011-06,1,513.74,518,-3,0
16395,2011-09,1,304.96,303,0,0
16395,2011-10,1,212.8,273,1,0
16398,2011-03,1,1169.95,503,-6,0
16398,2011-07,1,535.85,255,-2,0
16399,2011-04,1,178.41,159,-5,0
16399,2011-11,1,229.61,104,2,0
16400,2011-09,1,303.93,172,0,0
16401,2011-01,1,487.9,492,-8,0
16401,2011-02,1,177.9,122,-7,0
16401,2011-03,1,306.59999999999997,376,-6,0
16401,2011-05,2,689.49,603,-4,C
16401,2011-06,1,309.9,242,-3,0
16401,2011-07,1,483.63,485,-2,0
16401,2011-09,1,318.24,248,0,0
16401,2011-10,1,306.3,232,1,0
16401,2011-11,2,705.62,628,2,C
16401,2011-12,1,312.74,454,3,0
16402,2010-12,1,205.65,102,-9,0
16402,2011-03,1,87.8,44,-6,0
16403,2011-01,1,177.5,114,-8,0
16404,2011-09,1,443.05,157,0,0
16405,2011-02,2,167.25,187,-7,C
16406,2011-11,1,154.35,116,2,0
16407,2011-01,1,263.24,108,-8,0
16407,2011-02,2,272.15,138,-7,C
16407,2011-04,1,60.0,48,-5,0
16407,2011-05,1,194.4,92,-4,0
16407,2011-07,1,265.87,149,-2,0
16407,2011-08,2,426.71,211,-1,C
16407,2011-09,1,265.14,132,0,0
16407,2011-11,1,332.16999999999996,215,2,0
16409,2011-01,1,271.56,135,-8,0
16409,2011-04,1,532.0,400,-5,0
16409,2011-07,1,229.81,140,-2,0
16409,2011-09,1,380.76,172,0,0
16409,2011-11,1,608.85,457,2,0
16411,2010-12,1,128.55,69,-9,0
16411,2011-11,1,83.15,62,2,0
16412,2011-10,1,135.99,63,1,0
16413,2011-10,1,262.2,148,1,0
16414,2011-03,1,50.8,16,-6,0
16414,2011-11,1,75.45,11,2,0
16415,2011-10,1,200.27,178,1,0
16416,2011-10,2,678.72,545,1,C
16416,2011-11,1,372.68,127,2,0
16418,2011-04,1,145.91,87,-5,0
16418,2011-09,1,222.45000000000002,87,0,0
16418,2011-10,1,262.76,106,1,0
16419,2011-02,1,252.66,98,-7,0
16419,2011-03,1,264.27,107,-6,0
16419,2011-06,2,233.76,84,-3,C
16419,2011-08,2,208.01999999999998,139,-1,C
16422,2010-12,3,2025.3200000000002,2396,-9,C
16422,2011-01,5,2557.71,3925,-8,C
16422,2011-02,5,2198.28,1288,-7,C
16422,2011-03,5,3566.05,4279,-6,C
16422,2011-04,4,3142.92,2340,-5,C
16422,2011-05,4,4093.08,3820,-4,C
16422,2011-06,5,4639.18,4118,-3,C
16422,2011-07,4,2877.2200000000003,2214,-2,C
16422,2011-08,3,3466.96,2880,-1,C
16422,2011-09,5,2098.8,2420,0,C
16422,2011-10,4,1915.14,1958,1,C
16422,2011-11,4,2103.74,2066,2,C
16423,2011-11,1,346.12,230,2,0
16424,2011-06,1,133.56,88,-3,0
16425,2011-02,1,302.7,199,-7,0
16426,2011-03,1,328.37,157,-6,0
16426,2011-09,3,361.46,257,0,C
16426,2011-10,1,238.25,121,1,0
16426,2011-11,2,399.36,285,2,C
16426,2011-12,3,536.32,395,3,C
16427,2011-02,1,109.8,84,-7,0
16427,2011-03,1,131.26,72,-6,0
16429,2011-08,1,284.55,9,-1,0
16430,2011-10,1,300.85,103,1,0
16431,2011-02,2,334.6,195,-7,C
16431,2011-05,1,288.68,247,-4,0
16432,2011-10,1,287.4,276,1,0
16433,2011-11,1,184.26,106,2,0
16434,2011-02,1,393.5,205,-7,0
16434,2011-03,1,121.95,57,-6,0
16434,2011-05,1,201.26999999999998,123,-4,0
16434,2011-09,1,182.12,57,0,0
16434,2011-10,1,196.93,147,1,0
16434,2011-11,2,416.03,171,2,C
16438,2011-09,1,204.4,117,0,0
16438,2011-10,1,148.72,99,1,0
16438,2011-11,2,295.42,152,2,C
16438,2011-12,1,149.81,95,3,0
16440,2011-05,1,272.46,115,-4,0
16440,2011-10,2,1536.3700000000001,1001,1,C
16440,2011-11,1,856.41,392,2,0
16440,2011-12,1,975.43,510,3,0
16441,2011-02,1,211.0,110,-7,0
16441,2011-10,1,170.2,63,1,0
16442,2010-12,1,147.06,61,-9,0
16442,2011-04,1,285.37,291,-5,0
16442,2011-12,1,176.87,91,3,0
16444,2011-03,1,119.08,73,-6,0
16444,2011-05,1,121.0,61,-4,0
16444,2011-09,1,301.32,203,0,0
16444,2011-10,1,113.27,70,1,0
16445,2011-11,1,230.51,111,2,0
16446,2011-05,1,2.9,2,-4,0
16446,2011-12,1,168469.6,80995,3,0
16447,2011-07,1,255.91,221,-2,0
16448,2011-05,1,182.99,76,-4,0
16449,2011-03,1,416.69,237,-6,0
16449,2011-05,1,291.0,130,-4,0
16450,2011-07,1,311.92,200,-2,0
16451,2011-09,1,266.97,120,0,0
16454,2011-10,2,6.9,3,1,C
16455,2010-12,3,531.98,302,-9,C
16455,2011-03,1,413.7,196,-6,0
16455,2011-05,1,188.1,114,-4,0
16455,2011-09,1,189.6,144,0,0
16455,2011-10,1,517.8,232,1,0
16456,2010-12,1,787.4,392,-9,0
16456,2011-02,1,449.09,246,-7,0
16456,2011-04,1,339.93,218,-5,0
16456,2011-08,1,124.16,71,-1,0
16456,2011-09,1,457.6,220,0,0
16457,2011-05,1,208.36,140,-4,0
16458,2010-12,1,193.9,86,-9,0
16458,2011-02,2,373.5,226,-7,C
16458,2011-03,1,157.7,106,-6,0
16458,2011-04,1,198.0,138,-5,0
16458,2011-05,1,216.3,122,-4,0
16458,2011-06,2,388.3,268,-3,C
16458,2011-07,1,185.0,116,-2,0
16458,2011-08,2,438.8,298,-1,C
16458,2011-09,2,333.56,234,0,C
16458,2011-10,1,183.9,106,1,0
16458,2011-11,3,638.28,368,2,C
16458,2011-12,1,175.5,86,3,0
16460,2011-09,2,508.61,736,0,C
16460,2011-11,1,302.62,140,2,0
16461,2011-06,1,142.92,48,-3,0
16462,2011-03,1,34.0,4,-6,0
16462,2011-06,1,34.0,4,-3,0
16462,2011-09,1,68.0,8,0,0
16463,2011-05,1,319.37,179,-4,0
16463,2011-10,2,800.02,605,1,C
16463,2011-11,1,303.01,379,2,0
16464,2011-07,1,380.33,310,-2,0
16464,2011-09,1,603.0,372,0,0
16464,2011-11,1,315.33,270,2,0
16466,2011-02,1,109.12,62,-7,0
16466,2011-05,1,212.4,102,-4,0
16466,2011-06,1,198.76999999999998,153,-3,0
16466,2011-08,2,479.34000000000003,212,-1,C
16466,2011-10,1,354.47,162,1,0
16466,2011-11,1,241.86,94,2,0
16468,2011-09,1,74.9,31,0,0
16469,2011-04,2,268.3,111,-5,C
16469,2011-09,1,179.19,50,0,0
16469,2011-11,1,177.93,99,2,0
16470,2010-12,1,216.34,99,-9,0
16470,2011-05,1,129.32,71,-4,0
16470,2011-08,1,193.47,188,-1,0
16470,2011-10,1,213.64,164,1,0
16471,2011-03,1,223.95000000000002,141,-6,0
16473,2011-01,1,149.41,79,-8,0
16473,2011-02,1,68.4,67,-7,0
16473,2011-06,1,98.3,50,-3,0
16474,2011-07,1,341.35,193,-2,0
16474,2011-09,2,123.09,57,0,C
16474,2011-10,2,873.2,386,1,C
16474,2011-11,1,351.9,226,2,0
16474,2011-12,1,121.11000000000001,47,3,0
16475,2011-03,1,310.0,192,-6,0
16475,2011-06,1,57.900000000000006,34,-3,0
16475,2011-07,1,91.4,92,-2,0
16475,2011-09,1,85.0,1,0,0
16477,2010-12,2,544.4,318,-9,C
16477,2011-01,1,417.31,223,-8,0
16477,2011-03,1,214.5,112,-6,0
16477,2011-05,1,376.3,217,-4,0
16477,2011-07,1,446.75,229,-2,0
16477,2011-10,1,495.2,316,1,0
16478,2011-10,2,235.9,174,1,C
16478,2011-11,1,95.1,50,2,0
16479,2011-11,2,300.83,102,2,C
16480,2011-09,1,769.29,455,0,0
16482,2011-11,1,220.62,346,2,0
16483,2011-05,1,139.35,44,-4,0
16484,2011-06,2,404.3,200,-3,C
16485,2011-09,1,363.65,235,0,0
16488,2011-07,1,219.06,170,-2,0
16488,2011-08,1,135.51,449,-1,0
16488,2011-11,1,144.23000000000002,109,2,0
16491,2011-10,1,731.5,478,1,0
16493,2011-01,1,127.80000000000001,76,-8,0
16493,2011-02,1,240.0,168,-7,0
16493,2011-06,1,414.49,462,-3,0
16493,2011-09,1,569.34,458,0,0
16494,2011-02,1,826.53,675,-7,0
16495,2011-03,2,246.51,166,-6,C
16495,2011-12,1,401.75,162,3,0
16496,2011-01,1,736.7,450,-8,0
16496,2011-05,1,448.34,334,-4,0
16496,2011-12,1,414.48,327,3,0
16497,2011-01,2,512.38,204,-8,C
16497,2011-03,1,175.3,46,-6,0
16497,2011-05,2,863.02,539,-4,C
16497,2011-10,1,1414.99,607,1,0
16498,2011-06,1,91.22,42,-3,0
16498,2011-07,1,9.75,3,-2,0
16499,2010-12,2,365.45,127,-9,C
16500,2011-01,1,165.0,1,-8,0
16500,2011-11,4,183.12,104,2,C
16500,2011-12,1,52.74000000000001,18,3,0
16503,2010-12,1,488.09,219,-9,0
16503,2011-01,1,353.7,118,-8,0
16503,2011-05,1,251.6,108,-4,0
16503,2011-08,1,338.54,124,-1,0
16504,2011-11,1,465.88,510,2,0
16505,2011-11,1,777.6,576,2,0
16506,2011-10,1,55.2,24,1,0
16506,2011-11,1,35.1,18,2,0
16509,2011-02,1,363.7,64,-7,0
16510,2010-12,1,248.1,92,-9,0
16511,2011-03,1,330.35,118,-6,0
16511,2011-07,1,235.35000000000002,149,-2,0
16511,2011-11,1,352.63,138,2,0
16513,2011-10,1,108.45000000000002,21,1,0
16513,2011-11,1,554.34,318,2,0
16513,2011-12,2,211.8,68,3,C
16515,2011-02,1,319.86,198,-7,0
16515,2011-04,1,299.48,105,-5,0
16515,2011-07,1,365.28,241,-2,0
16515,2011-09,1,262.74,144,0,0
16515,2011-10,1,376.78000000000003,138,1,0
16516,2011-11,1,101.69999999999999,58,2,0
16517,2011-03,1,162.7,96,-6,0
16518,2011-02,1,190.7,124,-7,0
16518,2011-10,1,293.62,203,1,0
16519,2010-12,1,103.7,24,-9,0
16519,2011-11,1,111.38,30,2,0
16520,2010-12,1,325.76,217,-9,0
16520,2011-04,1,297.16,139,-5,0
16520,2011-06,1,423.65000000000003,202,-3,0
16523,2011-01,1,743.9,164,-8,0
16523,2011-03,2,613.7,268,-6,C
16523,2011-04,2,461.7,258,-5,C
16523,2011-05,3,1016.3000000000001,563,-4,C
16523,2011-06,1,392.0,208,-3,0
16523,2011-07,2,799.25,343,-2,C
16523,2011-08,1,741.4000000000001,319,-1,0
16523,2011-09,3,2013.16,1008,0,C
16523,2011-10,2,332.1,130,1,C
16523,2011-11,2,1449.3400000000001,516,2,C
16523,2011-12,2,855.62,488,3,C
16525,2010-12,2,802.44,294,-9,C
16525,2011-01,1,307.05,73,-8,0
16525,2011-02,3,1625.3,694,-7,C
16525,2011-03,3,1841.0800000000002,1028,-6,C
16525,2011-04,1,435.0,128,-5,0
16525,2011-05,4,2077.42,1602,-4,C
16525,2011-06,3,1576.8999999999999,842,-3,C
16525,2011-07,2,985.36,828,-2,C
16525,2011-08,1,348.0,100,-1,0
16525,2011-09,3,1502.6000000000001,876,0,C
16525,2011-11,2,1204.58,648,2,C
16525,2011-12,1,321.72,284,3,0
16526,2011-06,1,290.36,106,-3,0
16527,2011-09,1,228.06,106,0,0
16528,2011-12,1,244.41,171,3,0
16529,2011-06,1,455.25,198,-3,0
16531,2010-12,1,92.82,74,-9,0
16531,2011-01,1,146.1,86,-8,0
16531,2011-02,1,245.91,193,-7,0
16531,2011-08,1,199.7,214,-1,0
16531,2011-09,1,204.89999999999998,210,0,0
16531,2011-11,2,355.16,138,2,C
16532,2011-01,1,1910.4,480,-8,0
16532,2011-07,1,2606.4,1056,-2,0
16532,2011-11,1,2232.0,480,2,0
16533,2011-10,2,975.11,536,1,C
16533,2011-11,1,107.7,75,2,0
16535,2011-12,1,593.75,356,3,0
16536,2011-08,1,548.12,250,-1,0
16539,2010-12,2,747.25,355,-9,C
16539,2011-05,1,306.36,66,-4,0
16539,2011-12,1,335.2,56,3,0
16542,2011-10,1,119.62,46,1,0
16545,2011-06,1,339.3,78,-3,0
16546,2010-12,1,299.40000000000003,156,-9,0
16546,2011-02,1,487.75,393,-7,0
16549,2011-01,1,119.49000000000001,56,-8,0
16549,2011-08,1,660.87,457,-1,0
16549,2011-09,1,451.39,240,0,0
16549,2011-10,2,793.6,530,1,C
16549,2011-11,5,2009.55,1011,2,C
16550,2010-12,1,554.66,257,-9,0
16550,2011-04,1,484.25,362,-5,0
16550,2011-06,2,733.34,547,-3,C
16550,2011-08,1,526.72,374,-1,0
16551,2011-01,1,311.07,281,-8,0
16551,2011-08,1,306.1,316,-1,0
16551,2011-09,1,304.95,373,0,0
16552,2010-12,1,95.29,39,-9,0
16552,2011-04,1,284.44000000000005,180,-5,0
16553,2010-12,2,1609.44,1068,-9,C
16553,2011-02,1,336.0,160,-7,0
16553,2011-03,2,846.5,1080,-6,C
16553,2011-04,2,1129.98,982,-5,C
16553,2011-05,2,809.26,654,-4,C
16553,2011-06,3,988.64,656,-3,C
16554,2011-01,1,0.85,1,-8,0
16554,2011-05,1,313.26,128,-4,0
16554,2011-10,1,522.99,273,1,0
16555,2011-08,1,151.98,90,-1,0
16555,2011-11,1,133.91,85,2,0
16556,2010-12,1,310.85,187,-9,0
16556,2011-02,1,640.14,362,-7,0
16556,2011-04,1,318.07,167,-5,0
16556,2011-05,1,369.76,210,-4,0
16556,2011-06,1,445.42,217,-3,0
16556,2011-08,1,472.13,199,-1,0
16556,2011-10,1,757.42,548,1,0
16557,2011-07,1,101.15,13,-2,0
16557,2011-11,1,180.7,98,2,0
16558,2010-12,2,880.5500000000001,402,-9,C
16558,2011-01,1,301.28,272,-8,0
16558,2011-02,1,264.03,147,-7,0
16558,2011-03,3,853.04,416,-6,C
16558,2011-04,2,538.14,487,-5,C
16558,2011-05,1,613.54,471,-4,0
16558,2011-06,1,305.18,264,-3,0
16558,2011-07,1,403.05,466,-2,0
16558,2011-08,1,203.59,83,-1,0
16558,2011-09,2,738.91,551,0,C
16558,2011-10,2,1485.15,876,1,C
16558,2011-11,2,1153.06,446,2,C
16558,2011-12,1,598.97,496,3,0
16560,2010-12,1,332.18,169,-9,0
16560,2011-11,1,509.23,331,2,0
16561,2011-10,1,264.96,158,1,0
16561,2011-12,1,246.16000000000003,86,3,0
16563,2011-10,1,1077.74,486,1,0
16565,2010-12,1,173.7,46,-9,0
16566,2011-02,1,94.89999999999999,14,-7,0
16566,2011-05,1,185.22000000000003,114,-4,0
16566,2011-06,1,183.76,88,-3,0
16566,2011-10,1,38.400000000000006,48,1,0
16566,2011-11,1,112.38,98,2,0
16567,2011-01,1,557.5600000000001,476,-8,0
16567,2011-05,1,308.03999999999996,520,-4,0
16569,2011-12,1,124.2,93,3,0
16570,2011-02,1,450.06,342,-7,0
16570,2011-03,1,454.08,232,-6,0
16570,2011-05,1,569.0899999999999,313,-4,0
16570,2011-06,2,361.32,280,-3,C
16570,2011-08,1,299.52,260,-1,0
16570,2011-10,2,741.43,365,1,C
16570,2011-11,2,862.9,320,2,C
16571,2011-03,1,436.68,378,-6,0
16571,2011-06,1,460.11,513,-3,0
16571,2011-11,1,524.9,348,2,0
16572,2011-03,1,342.58,202,-6,0
16572,2011-07,1,299.7,154,-2,0
16572,2011-08,1,367.32,176,-1,0
16573,2011-02,1,292.63,111,-7,0
16573,2011-09,1,370.98,249,0,0
16574,2011-09,1,451.44,416,0,0
16581,2011-06,1,105.84,134,-3,0
16582,2011-08,1,313.62,164,-1,0
16583,2010-12,1,233.45,111,-9,0
16584,2011-03,1,611.94,488,-6,0
16584,2011-09,1,324.14,158,0,0
16586,2011-04,1,463.95,95,-5,0
16587,2011-04,1,225.15,71,-5,0
16589,2011-07,1,117.68,112,-2,0
16589,2011-08,1,97.0,44,-1,0
16589,2011-09,1,244.56,212,0,0
16591,2011-10,1,213.5,41,1,0
16592,2011-02,1,455.28000000000003,334,-7,0
16592,2011-04,2,347.46999999999997,345,-5,C
16592,2011-05,3,350.08,236,-4,C
16592,2011-06,2,368.15,241,-3,C
16592,2011-07,2,693.35,629,-2,C
16592,2011-10,2,229.16,176,1,C
16592,2011-11,3,752.03,358,2,C
16592,2011-12,1,918.1600000000001,608,3,0
16593,2011-01,1,69.6,48,-8,0
16593,2011-06,1,185.9,37,-3,0
16593,2011-10,1,74.53,31,1,0
16594,2011-09,1,181.09,64,0,0
16595,2011-10,1,360.16,335,1,0
16596,2010-12,1,120.65,47,-9,0
16596,2011-11,1,129.5,50,2,0
16597,2011-12,1,90.04,184,3,0
16598,2011-02,1,145.04999999999998,73,-7,0
16600,2011-01,1,125.86,182,-8,0
16600,2011-03,1,111.6,186,-6,0
16600,2011-09,1,115.74,202,0,0
16600,2011-11,2,220.0,292,2,C
16600,2011-12,1,240.32,283,3,0
16601,2011-10,1,242.7,133,1,0
16602,2011-11,1,528.08,336,2,0
16603,2011-09,2,482.47,480,0,C
16607,2010-12,2,654.8199999999999,115,-9,C
16607,2011-02,2,447.96,395,-7,C
16607,2011-03,1,141.41,163,-6,0
16607,2011-04,1,145.87,168,-5,0
16607,2011-05,1,327.0,179,-4,0
16607,2011-07,1,421.7,431,-2,0
16607,2011-08,2,128.82,619,-1,C
16607,2011-09,1,314.36,266,0,0
16607,2011-10,1,168.55,109,1,0
16607,2011-11,2,597.22,414,2,C
16609,2011-04,1,557.53,255,-5,0
16609,2011-05,2,1430.0900000000001,568,-4,C
16609,2011-07,2,722.42,422,-2,C
16609,2011-09,1,1319.78,624,0,0
16609,2011-11,1,1463.64,551,2,0
16610,2011-05,1,75.66,66,-4,0
16611,2011-06,1,129.49,47,-3,0
16612,2011-02,1,280.05,135,-7,0
16612,2011-06,1,428.85,197,-3,0
16612,2011-08,1,161.4,62,-1,0
16612,2011-11,1,317.36,112,2,0
16613,2011-09,1,618.59,293,0,0
16614,2011-06,1,506.19,223,-3,0
16616,2011-07,1,210.10000000000002,110,-2,0
16616,2011-11,1,290.32,260,2,0
16617,2011-04,1,151.85,91,-5,0
16618,2011-01,1,728.16,396,-8,0
16618,2011-03,1,354.65999999999997,242,-6,0
16618,2011-05,2,358.46999999999997,133,-4,C
16618,2011-11,1,1206.3,592,2,0
16619,2011-03,1,226.21,133,-6,0
16620,2011-03,1,95.75999999999999,48,-6,0
16620,2011-12,1,83.2,40,3,0
16621,2011-03,1,162.85,47,-6,0
16621,2011-05,1,327.85,95,-4,0
16621,2011-07,1,118.71,45,-2,0
16621,2011-10,1,204.07000000000002,115,1,0
16623,2011-04,1,129.45,39,-5,0
16624,2011-05,1,426.43,196,-4,0
16624,2011-09,1,384.14,292,0,0
16625,2011-03,1,333.08,164,-6,0
16626,2011-03,1,795.75,359,-6,0
16626,2011-06,3,911.14,468,-3,C
16626,2011-07,1,123.15,81,-2,0
16626,2011-08,2,335.3,200,-1,C
16626,2011-09,2,497.4,432,0,C
16626,2011-10,3,607.0,448,1,C
16626,2011-11,3,619.15,253,2,C
16626,2011-12,2,524.21,449,3,C
16627,2011-09,1,322.8,162,0,0
16628,2011-04,1,360.65,162,-5,0
16628,2011-05,1,352.26,192,-4,0
16628,2011-07,1,410.63,234,-2,0
16628,2011-08,1,496.3,256,-1,0
16628,2011-11,1,568.21,361,2,0
16629,2011-09,2,408.63,489,0,C
16633,2011-04,1,447.52,177,-5,0
16633,2011-06,1,255.8,124,-3,0
16633,2011-08,1,464.94,162,-1,0
16633,2011-09,1,340.74,134,0,0
16633,2011-10,1,726.16,280,1,0
16633,2011-11,1,647.94,261,2,0
16634,2010-12,1,164.8,64,-9,0
16634,2011-05,1,53.1,18,-4,0
16637,2011-04,1,303.62,140,-5,0
16637,2011-08,1,226.93,211,-1,0
16637,2011-10,1,332.38,218,1,0
16637,2011-11,1,291.54,358,2,0
16638,2010-12,2,70.80000000000001,48,-9,C
16638,2011-01,1,142.82,178,-8,0
16638,2011-02,1,528.27,376,-7,0
16638,2011-03,2,469.55,61,-6,C
16638,2011-08,2,218.26999999999998,347,-1,C
16638,2011-09,1,121.23,189,0,0
16638,2011-11,1,129.78,56,2,0
16639,2011-04,1,308.20000000000005,112,-5,0
16639,2011-05,1,162.95000000000002,47,-4,0
16639,2011-11,1,786.36,351,2,0
16641,2011-08,1,231.10000000000002,256,-1,0
16642,2011-05,1,307.73,131,-4,0
16642,2011-12,1,380.6,348,3,0
16643,2011-04,1,487.51,269,-5,0
16644,2011-05,1,722.41,751,-4,0
16644,2011-06,1,111.37,75,-3,0
16647,2011-05,1,127.75,65,-4,0
16647,2011-06,1,86.31,81,-3,0
16648,2011-10,1,290.65999999999997,281,1,0
16650,2011-09,1,518.42,372,0,0
16652,2011-03,1,1588.16,744,-6,0
16652,2011-04,1,25.5,2,-5,0
16652,2011-05,1,1440.96,688,-4,0
16652,2011-08,2,1471.25,643,-1,C
16652,2011-10,2,2248.1,1206,1,C
16653,2011-09,1,1117.86,709,0,0
16653,2011-11,1,94.80000000000001,24,2,0
16654,2010-12,1,227.4,63,-9,0
16654,2011-04,1,274.45,145,-5,0
16654,2011-06,1,35.400000000000006,12,-3,0
16654,2011-07,1,64.02,62,-2,0
16655,2011-01,1,812.25,373,-8,0
16655,2011-06,1,418.45,139,-3,0
16655,2011-07,1,636.49,521,-2,0
16655,2011-09,1,1039.01,766,0,0
16655,2011-11,2,883.32,564,2,C
16656,2010-12,1,428.76,396,-9,0
16656,2011-01,1,310.28,188,-8,0
16656,2011-02,1,659.28,616,-7,0
16656,2011-03,1,357.12,312,-6,0
16656,2011-04,1,708.6,772,-5,0
16656,2011-05,1,1093.44,1240,-4,0
16656,2011-07,2,1698.8799999999999,1892,-2,C
16656,2011-08,2,1000.64,862,-1,C
16656,2011-09,2,1213.26,1094,0,C
16656,2011-10,1,756.72,816,1,0
16656,2011-11,2,398.82,706,2,C
16657,2011-03,1,215.43,394,-6,0
16657,2011-07,1,199.36,203,-2,0
16657,2011-11,2,459.64,533,2,C
16658,2010-12,1,123.24,40,-9,0
16659,2011-06,1,39.12,72,-3,0
16660,2011-01,1,282.59999999999997,132,-8,0
16660,2011-05,1,101.76,96,-4,0
16660,2011-11,2,883.29,343,2,C
16665,2010-12,1,135.39999999999998,59,-9,0
16666,2011-11,1,118.98,233,2,0
16667,2011-02,1,200.4,77,-7,0
16667,2011-10,1,366.78,159,1,0
16668,2011-02,1,50.76,84,-7,0
16668,2011-05,1,71.82,48,-4,0
16668,2011-06,1,74.16,36,-3,0
16668,2011-07,1,19.5,6,-2,0
16668,2011-08,1,50.28,84,-1,0
16668,2011-11,1,40.199999999999996,60,2,0
16669,2011-09,2,725.34,485,0,C
16669,2011-11,1,623.54,396,2,0
16670,2010-12,1,403.61,256,-9,0
16670,2011-01,2,374.90000000000003,190,-8,C
16670,2011-03,1,615.33,371,-6,0
16670,2011-04,1,554.38,444,-5,0
16670,2011-06,2,600.54,397,-3,C
16670,2011-08,1,691.21,494,-1,0
16670,2011-10,1,341.78,181,1,0
16670,2011-11,2,514.15,223,2,C
16671,2011-06,1,1382.88,656,-3,0
16671,2011-11,2,309.39,219,2,C
16672,2011-03,1,1175.44,472,-6,0
16672,2011-04,4,1281.3,390,-5,C
16672,2011-05,3,1031.6,512,-4,C
16672,2011-06,5,1513.2,480,-3,C
16672,2011-07,1,585.0,186,-2,0
16672,2011-08,2,717.2,212,-1,C
16672,2011-09,2,1023.6,352,0,C
16672,2011-11,1,537.6,156,2,0
16672,2011-12,1,270.0,72,3,0
16674,2011-09,1,115.1,61,0,0
16674,2011-10,1,189.14000000000001,120,1,0
16676,2011-01,1,464.82,204,-8,0
16676,2011-04,1,329.24,134,-5,0
16676,2011-05,1,304.44,74,-4,0
16676,2011-11,1,493.62,224,2,0
16678,2011-03,1,312.18,182,-6,0
16678,2011-04,2,429.9,234,-5,C
16678,2011-05,2,524.5699999999999,385,-4,C
16678,2011-07,1,236.94,322,-2,0
16678,2011-08,1,326.75,247,-1,0
16678,2011-09,1,306.96,268,0,0
16678,2011-11,3,648.75,549,2,C
16678,2011-12,1,323.94,210,3,0
16679,2010-12,1,129.75,29,-9,0
16680,2011-10,1,183.7,94,1,0
16681,2011-03,1,301.6,246,-6,0
16681,2011-04,1,314.91999999999996,260,-5,0
16681,2011-05,1,259.32,228,-4,0
16681,2011-07,1,456.84,316,-2,0
16681,2011-09,2,437.65999999999997,357,0,C
16682,2011-06,1,525.5,514,-3,0
16682,2011-07,1,100.8,48,-2,0
16682,2011-09,1,183.92000000000002,200,0,0
16682,2011-10,1,106.92,108,1,0
16682,2011-12,1,110.86,170,3,0
16684,2010-12,4,3113.4,1348,-9,C
16684,2011-02,2,6698.58,6021,-7,C
16684,2011-03,2,4819.08,3148,-6,C
16684,2011-04,2,4018.36,3500,-5,C
16684,2011-05,3,6426.52,4612,-4,C
16684,2011-07,5,8807.56,5856,-2,C
16684,2011-10,5,19180.9,15476,1,C
16684,2011-11,4,8187.18,5562,2,C
16684,2011-12,1,5401.98,4732,3,0
16685,2011-10,2,324.24,396,1,C
16686,2010-12,1,351.13,313,-9,0
16686,2011-02,1,336.78000000000003,219,-7,0
16686,2011-04,1,141.68,80,-5,0
16686,2011-05,1,366.04,399,-4,0
16686,2011-08,1,803.02,475,-1,0
16686,2011-09,1,401.28999999999996,158,0,0
16686,2011-10,1,559.9399999999999,333,1,0
16688,2011-10,2,831.52,688,1,C
16688,2011-11,1,283.64,64,2,0
16688,2011-12,1,145.7,52,3,0
16689,2011-09,2,422.59999999999997,330,0,C
16690,2011-05,1,86.5,46,-4,0
16690,2011-09,1,139.07999999999998,92,0,0
16692,2011-02,1,8.5,1,-7,0
16692,2011-03,1,1267.5,151,-6,0
16693,2011-03,1,153.41,50,-6,0
16693,2011-10,1,324.45,153,1,0
16696,2011-04,1,35.400000000000006,12,-5,0
16696,2011-05,2,523.5,114,-4,C
16696,2011-07,1,99.0,20,-2,0
16697,2011-04,1,112.75,27,-5,0
16698,2011-03,1,1182.0,520,-6,0
16698,2011-04,1,816.0,320,-5,0
16700,2010-12,1,336.94,238,-9,0
16700,2011-01,1,508.36,463,-8,0
16700,2011-02,1,433.0,266,-7,0
16700,2011-03,1,483.3,440,-6,0
16700,2011-04,1,405.16,238,-5,0
16700,2011-05,2,781.47,662,-4,C
16700,2011-06,1,394.42,250,-3,0
16700,2011-07,1,446.08,405,-2,0
16700,2011-08,1,307.22,278,-1,0
16700,2011-09,1,327.67,313,0,0
16700,2011-11,1,369.12,264,2,0
16700,2011-12,1,283.81,207,3,0
16701,2010-12,1,476.76,366,-9,0
16701,2011-01,1,366.12,332,-8,0
16701,2011-02,1,379.74,178,-7,0
16701,2011-03,1,353.3,232,-6,0
16701,2011-05,1,319.25,398,-4,0
16701,2011-06,2,676.62,930,-3,C
16701,2011-07,2,1102.61,1396,-2,C
16701,2011-08,1,376.02,1126,-1,0
16701,2011-10,2,849.4399999999999,730,1,C
16701,2011-12,1,498.43999999999994,705,3,0
16705,2010-12,2,1131.72,728,-9,C
16705,2011-02,1,2489.11,1184,-7,0
16705,2011-04,2,1407.9,477,-5,C
16705,2011-05,3,1579.76,620,-4,C
16705,2011-07,1,1585.94,480,-2,0
16705,2011-09,3,1966.34,703,0,C
16705,2011-10,3,2422.56,742,1,C
16705,2011-11,4,1201.1399999999999,482,2,C
16705,2011-12,1,250.52,60,3,0
16706,2011-08,1,291.53,165,-1,0
16706,2011-09,1,120.02,55,0,0
16706,2011-11,1,119.8,29,2,0
16708,2011-10,1,656.63,285,1,0
16709,2011-03,1,1120.53,363,-6,0
16709,2011-04,1,149.89999999999998,26,-5,0
16709,2011-05,2,714.16,132,-4,C
16709,2011-09,1,1045.28,330,0,0
16710,2010-12,2,519.9200000000001,244,-9,C
16710,2011-03,2,360.85,328,-6,C
16710,2011-05,2,748.06,517,-4,C
16710,2011-07,1,206.25,296,-2,0
16710,2011-09,1,249.7,213,0,0
16710,2011-11,2,383.21,225,2,C
16711,2010-12,1,214.20000000000002,36,-9,0
16711,2011-02,1,384.6,68,-7,0
16711,2011-07,1,311.07,149,-2,0
16711,2011-11,1,445.56,236,2,0
16711,2011-12,1,295.6,344,3,0
16712,2011-03,2,717.58,286,-6,C
16712,2011-05,2,480.64,259,-4,C
16712,2011-06,1,393.78000000000003,125,-3,0
16712,2011-08,2,418.90999999999997,331,-1,C
16712,2011-09,1,478.9,156,0,0
16712,2011-11,3,1121.5,573,2,C
16713,2010-12,2,758.54,300,-9,C
16713,2011-02,2,857.58,374,-7,C
16713,2011-03,1,197.05,39,-6,0
16713,2011-04,3,798.46,401,-5,C
16713,2011-06,1,529.67,396,-3,0
16713,2011-07,1,460.14,371,-2,0
16713,2011-08,1,369.33,263,-1,0
16713,2011-09,1,617.95,662,0,0
16713,2011-10,1,702.04,374,1,0
16713,2011-11,2,1620.02,1091,2,C
16714,2011-01,2,1114.06,588,-8,C
16714,2011-05,1,15.0,1,-4,0
16715,2011-09,1,301.71999999999997,642,0,0
16716,2011-02,1,734.4000000000001,96,-7,0
16716,2011-03,1,166.8,24,-6,0
16717,2010-12,1,307.25,75,-9,0
16717,2011-06,2,828.91,441,-3,C
16717,2011-09,1,423.5,240,0,0
16717,2011-11,2,2283.42,1104,2,C
16718,2010-12,1,606.0500000000001,407,-9,0
16719,2010-12,1,430.73,146,-9,0
16719,2011-01,1,152.45,148,-8,0
16719,2011-02,1,169.32999999999998,133,-7,0
16719,2011-04,1,223.17000000000002,124,-5,0
16719,2011-07,1,308.2,186,-2,0
16719,2011-09,1,199.87,205,0,0
16719,2011-11,1,286.47,233,2,0
16720,2011-11,1,152.95,180,2,0
16721,2011-03,1,292.47,172,-6,0
16722,2010-12,2,799.52,594,-9,C
16722,2011-02,1,314.36,229,-7,0
16722,2011-04,1,451.6,326,-5,0
16722,2011-05,1,397.78,454,-4,0
16722,2011-06,1,290.2,521,-3,0
16722,2011-07,2,685.74,983,-2,C
16722,2011-08,1,295.3,195,-1,0
16722,2011-09,1,422.08,422,0,0
16722,2011-10,2,764.87,729,1,C
16722,2011-11,1,309.36,548,2,0
16723,2011-08,1,411.4,397,-1,0
16723,2011-09,1,165.0,1,0,0
16725,2010-12,3,320.45,133,-9,C
16725,2011-01,2,222.75,51,-8,C
16725,2011-02,2,215.07,104,-7,C
16726,2010-12,1,129.57,57,-9,0
16726,2011-02,2,456.19,387,-7,C
16726,2011-05,1,191.4,68,-4,0
16726,2011-11,1,581.58,433,2,0
16727,2010-12,1,256.32,167,-9,0
16728,2011-03,1,224.49,160,-6,0
16728,2011-04,1,102.44,50,-5,0
16728,2011-06,1,221.38,110,-3,0
16728,2011-10,1,499.96999999999997,351,1,0
16729,2011-04,4,1389.96,1157,-5,C
16729,2011-05,5,1434.09,937,-4,C
16729,2011-06,3,657.0600000000001,499,-3,C
16729,2011-07,3,1119.81,810,-2,C
16729,2011-08,1,395.37,286,-1,0
16729,2011-09,3,1155.76,910,0,C
16729,2011-10,1,493.05,322,1,0
16729,2011-11,1,560.23,801,2,0
16730,2011-01,1,187.01999999999998,445,-8,0
16730,2011-04,1,293.92,305,-5,0
16730,2011-10,1,262.17,244,1,0
16732,2011-11,1,603.75,317,2,0
16734,2011-08,2,302.40999999999997,108,-1,C
16734,2011-10,1,344.35,237,1,0
16735,2011-01,1,607.21,344,-8,0
16735,2011-04,1,437.56,304,-5,0
16735,2011-09,3,1202.64,884,0,C
16737,2011-10,1,417.59999999999997,288,1,0
16738,2011-02,1,3.75,3,-7,0
16739,2011-06,1,323.0,172,-3,0
16742,2011-10,1,464.9,1,1,0
16743,2010-12,1,430.28000000000003,338,-9,0
16743,2011-03,1,360.78000000000003,306,-6,0
16743,2011-05,1,270.69,219,-4,0
16743,2011-07,2,432.41,419,-2,C
16743,2011-08,1,366.74,384,-1,0
16743,2011-11,1,352.23,369,2,0
16744,2011-06,1,109.96,47,-3,0
16744,2011-07,1,130.78,98,-2,0
16744,2011-09,2,379.44,186,0,C
16744,2011-10,1,275.7,211,1,0
16744,2011-11,2,396.03,256,2,C
16745,2011-02,4,1225.92,1399,-7,C
16745,2011-03,2,1051.9,1168,-6,C
16745,2011-04,1,267.1,152,-5,0
16745,2011-05,2,1029.51,1138,-4,C
16745,2011-06,3,1076.15,618,-3,C
16745,2011-07,1,513.48,408,-2,0
16745,2011-08,2,733.27,319,-1,C
16745,2011-09,2,1283.37,1517,0,C
16746,2010-12,1,311.64,236,-9,0
16746,2011-01,1,380.4,116,-8,0
16746,2011-02,1,553.3,197,-7,0
16746,2011-03,1,300.0,150,-6,0
16746,2011-04,2,522.69,323,-5,C
16746,2011-05,2,803.6,533,-4,C
16746,2011-07,2,887.48,498,-2,C
16746,2011-08,2,644.42,522,-1,C
16746,2011-09,2,900.77,977,0,C
16746,2011-11,3,925.89,454,2,C
16746,2011-12,1,449.92,654,3,0
16747,2011-10,1,480.2,281,1,0
16747,2011-11,1,355.86,302,2,0
16748,2011-01,1,479.0,260,-8,0
16748,2011-02,1,130.8,72,-7,0
16748,2011-05,1,300.4,160,-4,0
16748,2011-11,2,605.7,388,2,C
16750,2011-04,1,118.7,18,-5,0
16750,2011-07,1,199.04,75,-2,0
16750,2011-08,1,98.38,45,-1,0
16750,2011-09,1,93.07000000000001,30,0,0
16750,2011-10,1,114.74,46,1,0
16751,2011-11,1,1764.72,1031,2,0
16752,2010-12,1,207.5,54,-9,0
16753,2011-10,1,223.92000000000002,189,1,0
16754,2010-12,1,2002.4,4280,-9,0
16755,2011-01,1,316.06,193,-8,0
16755,2011-04,1,592.41,491,-5,0
16755,2011-08,1,566.96,374,-1,0
16756,2011-05,1,239.4,106,-4,0
16757,2011-01,1,106.83000000000001,81,-8,0
16758,2011-10,1,369.34000000000003,203,1,0
16759,2011-11,2,418.85,295,2,C
16759,2011-12,1,370.94,314,3,0
16761,2011-09,1,316.62,341,0,0
16762,2011-07,1,314.15000000000003,143,-2,0
16762,2011-10,1,573.45,193,1,0
16762,2011-11,1,319.64,144,2,0
16763,2011-05,1,611.85,319,-4,0
16764,2011-07,2,349.64,170,-2,C
16764,2011-08,1,172.42000000000002,82,-1,0
16764,2011-09,3,562.01,229,0,C
16764,2011-10,2,486.39,201,1,C
16764,2011-11,4,1017.62,475,2,C
16764,2011-12,1,202.87,96,3,0
16765,2011-02,1,34.0,4,-7,0
16766,2011-03,2,1145.6,536,-6,C
16767,2011-01,1,1866.02,1223,-8,0
16767,2011-03,1,364.84000000000003,228,-6,0
16767,2011-05,1,413.15999999999997,525,-4,0
16767,2011-06,1,399.18,382,-3,0
16767,2011-07,1,618.5,502,-2,0
16767,2011-08,1,567.62,573,-1,0
16767,2011-09,1,591.14,480,0,0
16767,2011-11,4,755.1,510,2,C
16768,2011-03,1,183.25,47,-6,0
16768,2011-08,1,103.24000000000001,41,-1,0
16768,2011-10,1,191.6,108,1,0
16769,2011-03,1,361.54,80,-6,0
16770,2010-12,2,262.20000000000005,120,-9,C
16770,2011-01,1,265.55,182,-8,0
16770,2011-04,1,121.63,63,-5,0
16770,2011-10,1,107.72,91,1,0
16771,2011-01,1,296.66,303,-8,0
16771,2011-02,1,650.76,394,-7,0
16771,2011-03,1,704.33,353,-6,0
16771,2011-09,1,446.56,356,0,0
16771,2011-11,1,144.3,81,2,0
16773,2011-10,1,171.59,171,1,0
16774,2011-06,1,143.4,82,-3,0
16774,2011-07,1,160.8,56,-2,0
16774,2011-08,1,238.0,88,-1,0
16774,2011-10,1,119.32,96,1,0
16775,2010-12,1,231.9,62,-9,0
16775,2011-01,1,174.14999999999998,27,-8,0
16775,2011-02,1,171.04999999999998,26,-7,0
16775,2011-05,1,114.7,31,-4,0
16775,2011-06,1,114.35000000000001,41,-3,0
16775,2011-07,2,258.77,67,-2,C
16775,2011-08,1,109.63,29,-1,0
16775,2011-09,1,183.53,68,0,0
16775,2011-10,1,204.28,61,1,0
16775,2011-11,1,129.15,27,2,0
16776,2011-10,1,371.54,254,1,0
16777,2011-03,1,173.52,48,-6,0
16777,2011-09,1,49.1,14,0,0
16778,2011-03,1,93.18,66,-6,0
16778,2011-09,1,152.76,128,0,0
16779,2010-12,2,687.83,328,-9,C
16779,2011-01,3,1014.0,486,-8,C
16779,2011-02,1,364.32,308,-7,0
16779,2011-03,2,734.1800000000001,423,-6,C
16779,2011-04,1,480.34000000000003,220,-5,0
16779,2011-05,1,500.09,324,-4,0
16779,2011-06,3,1257.0800000000002,827,-3,C
16779,2011-07,1,660.01,334,-2,0
16779,2011-08,1,678.88,340,-1,0
16779,2011-09,1,891.5500000000001,411,0,0
16779,2011-11,4,2386.38,908,2,C
16779,2011-12,2,957.0600000000001,392,3,C
16780,2011-03,1,161.89,99,-6,0
16780,2011-08,1,260.35,171,-1,0
16781,2010-12,1,311.25,113,-9,0
16782,2010-12,2,566.04,145,-9,C
16782,2011-01,1,339.6,129,-8,0
16782,2011-03,2,187.8,56,-6,C
16782,2011-04,1,112.96000000000001,44,-5,0
16782,2011-05,1,129.95000000000002,30,-4,0
16782,2011-07,2,294.05,97,-2,C
16782,2011-09,1,161.95000000000002,53,0,0
16782,2011-11,3,475.6,151,2,C
16784,2011-11,1,107.6,24,2,0
16788,2011-03,1,294.47,181,-6,0
16788,2011-08,1,299.92,123,-1,0
16789,2011-12,1,80.8,32,3,0
16790,2011-11,5,1366.1200000000001,772,2,C
16790,2011-12,1,179.5,126,3,0
16791,2011-01,1,246.98,126,-8,0
16791,2011-03,1,151.9,74,-6,0
16791,2011-05,2,168.87,64,-4,C
16791,2011-08,1,224.12,71,-1,0
16791,2011-10,1,434.55,177,1,0
16791,2011-11,1,479.36,245,2,0
16792,2011-03,2,110.38000000000001,44,-6,C
16793,2011-10,1,243.84,146,1,0
16794,2011-06,2,256.61,254,-3,C
16794,2011-07,1,222.13,263,-2,0
16794,2011-08,1,128.31,100,-1,0
16794,2011-09,1,89.52,55,0,0
16794,2011-10,1,111.16,55,1,0
16794,2011-11,3,289.36,133,2,C
16794,2011-12,1,99.41,63,3,0
16795,2010-12,1,414.88,239,-9,0
16796,2011-09,1,305.62,186,0,0
16800,2011-11,1,1162.65,524,2,0
16801,2011-03,1,751.9,186,-6,0
16801,2011-05,2,701.48,292,-4,C
16801,2011-06,1,140.85,15,-3,0
16803,2011-10,1,332.3,245,1,0
16804,2011-03,1,118.05,34,-6,0
16804,2011-11,2,418.94,212,2,C
16805,2010-12,1,214.77,270,-9,0
16805,2011-06,1,245.82,269,-3,0
16806,2011-04,1,227.5,106,-5,0
16806,2011-05,1,169.13,79,-4,0
16806,2011-06,1,127.19,69,-3,0
16806,2011-08,1,238.34,102,-1,0
16807,2011-03,1,371.23,311,-6,0
16807,2011-05,1,280.6,168,-4,0
16807,2011-07,1,469.76,299,-2,0
16808,2011-03,1,166.5,116,-6,0
16808,2011-09,1,121.92,80,0,0
16809,2011-03,1,214.28,166,-6,0
16809,2011-05,1,128.8,110,-4,0
16809,2011-07,1,127.61,95,-2,0
16809,2011-10,1,149.68,87,1,0
16809,2011-11,1,294.32,194,2,0
16810,2011-05,1,309.54,114,-4,0
16811,2011-11,1,314.77,393,2,0
16811,2011-12,1,232.3,84,3,0
16812,2010-12,1,479.35,81,-9,0
16813,2011-05,1,191.10999999999999,141,-4,0
16813,2011-06,2,252.61,191,-3,C
16813,2011-07,2,422.85,613,-2,C
16813,2011-08,1,162.79,147,-1,0
16813,2011-09,2,229.73,141,0,C
16813,2011-10,1,244.55,189,1,0
16813,2011-12,1,148.54,79,3,0
16814,2010-12,1,273.29,107,-9,0
16814,2011-01,4,1496.52,591,-8,C
16814,2011-02,2,350.3,109,-7,C
16814,2011-03,1,430.23,163,-6,0
16814,2011-04,2,571.7,210,-5,C
16814,2011-05,2,975.82,405,-4,C
16814,2011-06,1,297.15,181,-3,0
16814,2011-07,1,300.03,154,-2,0
16814,2011-08,2,436.65,209,-1,C
16814,2011-09,1,556.3,243,0,0
16814,2011-10,2,246.97,157,1,C
16814,2011-11,2,481.74,168,2,C
16816,2010-12,1,75.78,48,-9,0
16816,2011-01,1,249.67000000000002,143,-8,0
16816,2011-07,1,47.24,60,-2,0
16816,2011-08,1,44.370000000000005,23,-1,0
16817,2010-12,2,367.3,222,-9,C
16817,2011-03,2,148.25,87,-6,C
16817,2011-04,1,215.9,70,-5,0
16817,2011-05,1,217.8,72,-4,0
16817,2011-06,1,230.18,123,-3,0
16817,2011-11,1,207.99,95,2,0
16817,2011-12,1,217.33,153,3,0
16818,2011-05,2,726.24,398,-4,C
16818,2011-06,2,466.93,269,-3,C
16818,2011-07,2,506.91999999999996,313,-2,C
16818,2011-08,2,402.31,266,-1,C
16818,2011-09,2,1119.41,860,0,C
16818,2011-11,1,127.76,58,2,0
16820,2011-09,1,497.61,307,0,0
16823,2011-04,1,358.38,136,-5,0
16824,2011-06,1,222.9,134,-3,0
16824,2011-11,1,237.74,102,2,0
16825,2011-06,1,318.7,358,-3,0
16825,2011-11,1,456.48,208,2,0
16826,2011-10,1,341.7,158,1,0
16828,2011-08,1,113.5,58,-1,0
16828,2011-09,1,15.0,1,0,0
16829,2011-07,1,197.22,99,-2,0
16830,2011-11,1,325.91,264,2,0
16832,2011-05,2,136.65,28,-4,C
16832,2011-06,1,62.5,5,-3,0
16833,2011-01,1,309.48,160,-8,0
16833,2011-03,2,361.81,146,-6,C
16833,2011-12,1,435.24,134,3,0
16834,2011-04,1,413.46,358,-5,0
16835,2010-12,1,81.75,19,-9,0
16835,2011-08,1,99.1,42,-1,0
16836,2011-08,1,91.32000000000001,84,-1,0
16836,2011-10,1,160.55,81,1,0
16837,2011-04,3,362.94,118,-5,C
16837,2011-05,5,1451.8,589,-4,C
16837,2011-07,1,97.0,20,-2,0
16837,2011-10,1,737.7,422,1,0
16837,2011-11,1,521.54,414,2,0
16838,2011-02,1,392.12,93,-7,0
16838,2011-05,1,196.73000000000002,92,-4,0
16839,2010-12,1,552.24,232,-9,0
16839,2011-01,3,1133.79,561,-8,C
16839,2011-02,2,1200.3,762,-7,C
16839,2011-03,4,2038.29,955,-6,C
16839,2011-05,3,1716.57,1045,-4,C
16839,2011-06,3,1106.22,640,-3,C
16839,2011-07,4,2132.82,1130,-2,C
16839,2011-08,2,989.05,399,-1,C
16839,2011-09,3,1758.6599999999999,892,0,C
16839,2011-10,2,702.9399999999999,430,1,C
16839,2011-11,5,2422.99,1329,2,C
16839,2011-12,2,840.48,600,3,C
16841,2011-02,1,317.38,230,-7,0
16841,2011-05,1,319.12,232,-4,0
16841,2011-06,2,606.74,742,-3,C
16841,2011-07,1,317.82,674,-2,0
16841,2011-11,1,308.76,372,2,0
16842,2011-02,1,520.5699999999999,370,-7,0
16842,2011-07,1,346.38,179,-2,0
16842,2011-08,1,397.24,144,-1,0
16843,2011-01,1,759.0600000000001,534,-8,0
16843,2011-02,1,1240.4,560,-7,0
16843,2011-04,1,394.56,344,-5,0
16843,2011-05,3,1447.8799999999999,700,-4,C
16843,2011-06,2,1900.02,2028,-3,C
16843,2011-07,3,1629.68,2564,-2,C
16843,2011-09,2,1437.64,2304,0,C
16843,2011-10,3,1387.33,1125,1,C
16846,2011-10,1,214.32,135,1,0
16847,2011-10,1,193.44,78,1,0
16848,2011-10,1,281.42,182,1,0
16849,2011-06,1,124.57,33,-3,0
16850,2011-01,1,332.41,249,-8,0
16851,2011-10,2,239.45999999999998,190,1,C
16851,2011-12,1,102.99000000000001,81,3,0
16852,2011-06,1,113.06,51,-3,0
16852,2011-11,1,31.85,5,2,0
16855,2011-10,1,151.2,80,1,0
16855,2011-11,1,177.2,84,2,0
16856,2011-11,1,35.400000000000006,12,2,0
16858,2010-12,1,375.69000000000005,91,-9,0
16859,2011-03,1,259.84,376,-6,0
16859,2011-07,1,487.96999999999997,451,-2,0
16861,2011-07,1,70.80000000000001,24,-2,0
16861,2011-10,1,102.96,116,1,0
16863,2010-12,1,164.25,105,-9,0
16863,2011-11,1,338.55,304,2,0
16866,2011-07,3,207.73999999999998,60,-2,C
16869,2011-06,2,387.68,242,-3,C
16869,2011-10,1,296.42,207,1,0
16869,2011-11,1,133.02,134,2,0
16871,2011-03,3,927.3100000000001,495,-6,C
16871,2011-05,1,1110.51,366,-4,0
16871,2011-09,1,329.44,200,0,0
16871,2011-11,1,445.08000000000004,192,2,0
16872,2011-06,1,388.36,382,-3,0
16872,2011-08,1,76.32000000000001,72,-1,0
16872,2011-09,1,215.34000000000003,146,0,0
16873,2010-12,1,2157.64,1040,-9,0
16873,2011-04,1,528.93,341,-5,0
16873,2011-05,1,546.88,218,-4,0
16873,2011-08,1,638.02,456,-1,0
16873,2011-10,1,1397.32,780,1,0
16873,2011-12,1,1854.83,1005,3,0
16875,2011-01,1,368.8,140,-8,0
16875,2011-02,2,436.29,251,-7,C
16875,2011-07,1,333.11,97,-2,0
16875,2011-10,1,957.33,581,1,0
16877,2011-05,1,77.75,35,-4,0
16877,2011-07,1,111.23,69,-2,0
16877,2011-10,1,261.93,143,1,0
16877,2011-11,3,395.71,211,2,C
16878,2011-09,1,13.3,12,0,0
16880,2011-06,3,421.06,275,-3,C
16880,2011-07,1,261.54,134,-2,0
16880,2011-08,1,158.41,69,-1,0
16880,2011-09,1,252.11,127,0,0
16880,2011-11,1,398.31,141,2,0
16881,2011-10,1,432.0,600,1,0
16882,2011-01,1,9.9,2,-8,0
16882,2011-04,1,205.8,100,-5,0
16882,2011-10,1,489.41999999999996,322,1,0
16883,2010-12,1,128.03,54,-9,0
16883,2011-06,1,144.45,49,-3,0
16884,2011-11,2,429.84000000000003,320,2,C
16885,2010-12,1,177.95,35,-9,0
16885,2011-10,1,121.65,42,1,0
16885,2011-11,1,150.81,101,2,0
16887,2011-11,1,192.32999999999998,156,2,0
16889,2011-01,1,523.05,365,-8,0
16889,2011-04,1,705.56,310,-5,0
16889,2011-05,1,350.06,250,-4,0
16891,2010-12,1,217.26,86,-9,0
16891,2011-07,1,176.31,60,-2,0
16891,2011-09,1,122.22,32,0,0
16891,2011-11,1,123.19,60,2,0
16891,2011-12,1,103.45,27,3,0
16892,2011-06,1,102.97999999999999,77,-3,0
16892,2011-11,2,280.29,120,2,C
16892,2011-12,2,134.92000000000002,39,3,C
16893,2010-12,1,145.93,62,-9,0
16895,2011-10,1,202.27,91,1,0
16897,2011-01,1,213.03,58,-8,0
16897,2011-02,1,76.75,15,-7,0
16898,2010-12,1,112.08,94,-9,0
16898,2011-06,1,201.69,150,-3,0
16898,2011-11,1,187.26,168,2,0
16899,2010-12,1,170.55,75,-9,0
16899,2011-05,1,177.0,64,-4,0
16899,2011-07,1,162.63,86,-2,0
16899,2011-09,1,77.55,29,0,0
16899,2011-11,1,381.7,196,2,0
16899,2011-12,1,301.63,70,3,0
16900,2011-10,1,752.6800000000001,496,1,0
16900,2011-11,2,134.43,337,2,C
16902,2011-08,1,1706.88,629,-1,0
16903,2011-11,1,363.2,247,2,0
16904,2010-12,2,338.70000000000005,139,-9,C
16904,2011-01,1,192.26,133,-8,0
16904,2011-02,1,101.45,27,-7,0
16904,2011-03,1,381.52,193,-6,0
16904,2011-04,1,221.22,63,-5,0
16904,2011-06,3,743.32,351,-3,C
16904,2011-07,1,180.89,69,-2,0
16904,2011-08,3,774.1899999999999,626,-1,C
16904,2011-09,1,15.0,1,0,0
16904,2011-11,1,356.18,143,2,0
16904,2011-12,1,349.02,239,3,0
16905,2010-12,1,254.39999999999998,108,-9,0
16905,2011-03,1,349.23,73,-6,0
16905,2011-04,1,218.55,79,-5,0
16905,2011-10,1,1172.73,509,1,0
16905,2011-11,2,707.99,453,2,C
16905,2011-12,1,334.7,159,3,0
16906,2011-04,1,112.69,44,-5,0
16906,2011-05,1,99.0,21,-4,0
16906,2011-06,1,181.3,118,-3,0
16906,2011-09,1,166.6,80,0,0
16907,2010-12,1,179.92000000000002,67,-9,0
16907,2011-02,1,229.83,66,-7,0
16907,2011-04,1,121.36,34,-5,0
16907,2011-07,1,127.88,50,-2,0
16907,2011-11,1,269.77,69,2,0
16909,2011-09,1,379.14,436,0,0
16910,2011-09,4,755.08,466,0,C
16910,2011-10,2,404.59,178,1,C
16910,2011-11,1,163.59,95,2,0
16910,2011-12,1,185.7,145,3,0
16912,2011-01,1,377.3,117,-8,0
16912,2011-02,2,360.54,208,-7,C
16912,2011-05,2,408.02,148,-4,C
16912,2011-07,2,392.72,112,-2,C
16912,2011-10,3,860.57,409,1,C
16912,2011-11,1,156.43,31,2,0
16913,2011-02,1,113.44,82,-7,0
16914,2011-11,1,183.76,112,2,0
16915,2011-03,1,54.300000000000004,18,-6,0
16915,2011-04,1,112.49,29,-5,0
16915,2011-06,1,41.9,6,-3,0
16915,2011-08,1,173.70000000000002,6,-1,0
16915,2011-10,1,129.61,31,1,0
16915,2011-11,1,109.68,42,2,0
16916,2010-12,1,196.43,102,-9,0
16916,2011-11,1,365.98,329,2,0
16917,2011-03,1,391.52,232,-6,0
16918,2011-01,1,275.78,173,-8,0
16918,2011-07,1,247.25,158,-2,0
16918,2011-09,1,299.67,231,0,0
16918,2011-10,3,246.12,159,1,C
16919,2010-12,2,540.01,211,-9,C
16919,2011-04,4,935.05,465,-5,C
16919,2011-05,3,580.29,285,-4,C
16919,2011-06,1,321.16,269,-3,0
16919,2011-07,1,215.74,173,-2,0
16921,2011-10,1,154.18,154,1,0
16923,2010-12,1,550.5,218,-9,0
16923,2011-01,2,658.81,227,-8,C
16923,2011-03,2,1175.16,587,-6,C
16923,2011-04,1,192.33,94,-5,0
16923,2011-05,3,566.72,284,-4,C
16923,2011-06,3,715.75,332,-3,C
16923,2011-07,1,383.15000000000003,195,-2,0
16923,2011-09,1,521.52,221,0,0
16923,2011-10,2,1176.16,633,1,C
16923,2011-11,3,1128.98,553,2,C
16924,2011-09,1,271.11,97,0,0
16924,2011-10,1,252.54,84,1,0
16924,2011-11,1,306.24,286,2,0
16926,2010-12,1,230.25,35,-9,0
16927,2010-12,1,218.1,490,-9,0
16927,2011-03,1,123.35,23,-6,0
16927,2011-08,1,201.6,480,-1,0
16928,2010-12,1,116.25,93,-9,0
16928,2011-01,1,101.25,81,-8,0
16928,2011-02,1,112.5,90,-7,0
16928,2011-04,2,510.31,343,-5,C
16928,2011-05,1,105.55,49,-4,0
16928,2011-06,3,506.84999999999997,387,-3,C
16928,2011-07,1,116.55,91,-2,0
16928,2011-08,4,602.09,475,-1,C
16928,2011-09,3,643.3499999999999,483,0,C
16929,2011-07,1,229.14000000000001,200,-2,0
16929,2011-08,1,199.74,126,-1,0
16929,2011-09,1,110.83999999999999,80,0,0
16929,2011-11,3,549.73,317,2,C
16929,2011-12,1,205.94,206,3,0
16930,2011-10,2,205.45000000000002,187,1,C
16930,2011-11,1,173.44,152,2,0
16931,2010-12,2,364.66,182,-9,C
16931,2011-01,1,215.16000000000003,128,-8,0
16931,2011-02,1,302.37,218,-7,0
16931,2011-03,1,277.43,158,-6,0
16931,2011-04,1,147.06,90,-5,0
16931,2011-05,3,596.43,445,-4,C
16931,2011-06,1,184.23,202,-3,0
16931,2011-07,3,654.68,471,-2,C
16931,2011-08,1,155.31,73,-1,0
16931,2011-09,1,256.64,161,0,0
16931,2011-10,4,694.53,435,1,C
16931,2011-11,1,294.93,238,2,0
16931,2011-12,1,411.44,333,3,0
16932,2011-10,1,150.23000000000002,82,1,0
16933,2011-04,1,224.73,127,-5,0
16933,2011-12,1,338.5,161,3,0
16934,2011-10,2,931.03,397,1,C
16936,2011-11,1,261.9,171,2,0
16938,2011-02,1,267.6,120,-7,0
16938,2011-06,2,2118.4500000000003,2198,-3,C
16938,2011-12,1,325.63,215,3,0
16940,2011-02,1,757.68,549,-7,0
16940,2011-06,1,1110.68,687,-3,0
16940,2011-10,1,1181.52,933,1,0
16942,2011-04,1,275.34,134,-5,0
16942,2011-05,2,292.92,105,-4,C
16942,2011-06,2,499.94,165,-3,C
16942,2011-07,2,371.24,189,-2,C
16942,2011-11,2,465.55,212,2,C
16943,2011-01,1,451.03,97,-8,0
16943,2011-03,1,193.6,28,-6,0
16943,2011-05,1,172.1,20,-4,0
16945,2010-12,1,279.85,157,-9,0
16945,2011-02,2,500.79,267,-7,C
16945,2011-03,3,675.94,527,-6,C
16945,2011-05,2,317.1,168,-4,C
16945,2011-06,2,320.08,310,-3,C
16945,2011-07,1,308.71000000000004,158,-2,0
16945,2011-08,1,302.74,200,-1,0
16945,2011-09,2,587.33,306,0,C
16945,2011-10,2,341.02,258,1,C
16945,2011-11,3,711.94,374,2,C
16947,2011-04,1,406.48,312,-5,0
16948,2011-01,1,69.6,96,-8,0
16948,2011-03,1,170.94,150,-6,0
16948,2011-07,1,194.48,1368,-2,0
16949,2011-01,1,74.42,46,-8,0
16949,2011-03,1,127.78999999999999,77,-6,0
16949,2011-05,1,303.54,66,-4,0
16949,2011-06,1,388.0,197,-3,0
16949,2011-10,1,310.48,313,1,0
16949,2011-12,1,82.04,92,3,0
16950,2010-12,1,172.0,32,-9,0
16950,2011-08,1,606.41,305,-1,0
16950,2011-10,1,400.15,307,1,0
16951,2011-02,1,1053.79,1066,-7,0
16951,2011-07,2,223.96,252,-2,C
16952,2011-08,2,167.61,92,-1,C
16953,2011-11,1,20.8,10,2,0
16954,2010-12,1,346.79999999999995,194,-9,0
16954,2011-03,2,594.6800000000001,396,-6,C
16954,2011-08,1,303.9,154,-1,0
16954,2011-10,1,225.18,94,1,0
16954,2011-11,2,233.39999999999998,24,2,C
16954,2011-12,2,381.12000000000006,192,3,C
16955,2010-12,2,189.1,100,-9,C
16955,2011-01,1,165.88,94,-8,0
16955,2011-06,1,163.69,72,-3,0
16956,2011-11,1,308.74,114,2,0
16957,2011-03,1,114.84,64,-6,0
16957,2011-04,1,301.8,108,-5,0
16959,2011-09,1,117.35000000000001,49,0,0
16960,2011-04,1,201.53,95,-5,0
16960,2011-10,1,156.56,133,1,0
16960,2011-11,1,148.96,76,2,0
16961,2011-08,1,234.17,125,-1,0
16963,2011-06,1,110.55000000000001,35,-3,0
16965,2011-04,1,201.19,291,-5,0
16966,2011-04,1,409.2,360,-5,0
16966,2011-05,2,745.1999999999999,816,-4,C
16966,2011-06,1,332.16,144,-3,0
16966,2011-10,1,3.25,1,1,0
16966,2011-11,1,279.35999999999996,384,2,0
16966,2011-12,1,385.79999999999995,276,3,0
16967,2011-06,1,319.02,333,-3,0
16968,2011-08,1,253.31,98,-1,0
16968,2011-12,1,186.12,228,3,0
16969,2011-06,1,397.36,388,-3,0
16969,2011-07,1,81.6,352,-2,0
16969,2011-10,1,171.45,76,1,0
16971,2011-11,1,357.21,72,2,0
16976,2011-03,1,251.51999999999998,88,-6,0
16978,2011-09,1,344.33,166,0,0
16979,2011-02,1,347.15,93,-7,0
16979,2011-07,1,208.5,42,-2,0
16979,2011-10,1,343.94,292,1,0
16979,2011-11,2,720.67,380,2,C
16979,2011-12,1,231.74,58,3,0
16980,2011-02,1,681.86,369,-7,0
16980,2011-03,1,346.6,370,-6,0
16982,2011-10,1,384.06,182,1,0
16983,2010-12,1,163.49,107,-9,0
16983,2011-01,1,195.26,154,-8,0
16983,2011-03,1,263.59000000000003,187,-6,0
16983,2011-06,1,262.88,86,-3,0
16983,2011-09,1,300.13,197,0,0
16983,2011-11,2,720.52,604,2,C
16984,2011-08,1,3213.19,1594,-1,0
16984,2011-09,1,1246.33,786,0,0
16985,2010-12,1,933.3199999999999,367,-9,0
16985,2011-01,1,340.24,202,-8,0
16985,2011-03,2,828.9,248,-6,C
16985,2011-05,2,812.9,264,-4,C
16985,2011-07,1,663.18,206,-2,0
16985,2011-09,1,501.9,114,0,0
16985,2011-11,2,1383.68,431,2,C
16986,2011-11,2,1873.2,1040,2,C
16987,2011-05,1,213.05,47,-4,0
16987,2011-06,2,416.4,56,-3,C
16987,2011-10,3,763.67,224,1,C
16987,2011-12,1,223.68,74,3,0
16988,2011-12,1,126.12,43,3,0
16989,2011-07,1,857.7,1066,-2,0
16989,2011-09,2,70.94999999999999,43,0,C
16989,2011-10,1,99.0,60,1,0
16989,2011-11,1,66.0,40,2,0
16989,2011-12,1,39.599999999999994,24,3,0
16990,2011-05,1,179.0,100,-4,0
16992,2011-02,1,421.6,228,-7,0
16992,2011-05,1,249.55,128,-4,0
16992,2011-09,1,301.2,274,0,0
16992,2011-11,2,641.96,230,2,C
16996,2010-12,2,127.54000000000002,46,-9,C
16996,2011-03,1,242.40000000000003,108,-6,0
16996,2011-04,1,330.94,102,-5,0
16996,2011-08,1,340.90000000000003,134,-1,0
16996,2011-11,1,415.18,154,2,0
16997,2011-01,1,390.0,200,-8,0
16997,2011-02,2,312.0,160,-7,C
16998,2011-02,1,90.0,24,-7,0
16998,2011-05,2,197.10000000000002,50,-4,C
16998,2011-07,1,7.9,2,-2,0
16999,2011-09,1,245.83,141,0,0
16999,2011-11,1,238.99,153,2,0
17001,2010-12,1,397.96,260,-9,0
17001,2011-01,1,374.93,189,-8,0
17001,2011-03,1,333.2,178,-6,0
17001,2011-04,1,313.5,158,-5,0
17001,2011-05,1,382.35,179,-4,0
17001,2011-06,1,408.45,234,-3,0
17001,2011-08,1,260.7,144,-1,0
17001,2011-09,1,322.4,224,0,0
17001,2011-10,1,430.8,208,1,0
17001,2011-11,1,357.6,172,2,0
17001,2011-12,1,407.68,218,3,0
17002,2011-02,1,513.06,266,-7,0
17002,2011-05,1,480.46000000000004,156,-4,0
17002,2011-09,1,500.21,257,0,0
17004,2011-09,1,905.6,554,0,0
17004,2011-10,1,406.54,217,1,0
17006,2011-09,1,280.76,100,0,0
17006,2011-11,2,253.96,87,2,C
17006,2011-12,1,247.06,85,3,0
17007,2010-12,2,207.12,104,-9,C
17007,2011-05,2,255.61,183,-4,C
17007,2011-07,1,112.71,59,-2,0
17007,2011-10,1,314.49,251,1,0
17010,2011-11,1,195.36,118,2,0
17011,2011-11,1,270.9,186,2,0
17014,2011-10,1,188.05,55,1,0
17014,2011-11,1,165.76,62,2,0
17014,2011-12,1,229.62,126,3,0
17015,2011-06,1,520.55,546,-3,0
17015,2011-09,1,1045.48,1153,0,0
17015,2011-11,1,272.58,279,2,0
17017,2010-12,5,2357.64,2008,-9,C
17017,2011-02,1,528.32,308,-7,0
17017,2011-03,2,748.76,551,-6,C
17017,2011-04,1,267.96,184,-5,0
17017,2011-05,2,591.14,470,-4,C
17017,2011-06,3,937.4599999999999,790,-3,C
17017,2011-09,1,815.04,700,0,0
17017,2011-10,1,326.03999999999996,180,1,0
17017,2011-11,3,1491.3,1058,2,C
17017,2011-12,1,630.6,424,3,0
17018,2011-01,1,405.0,60,-8,0
17018,2011-10,1,515.1,116,1,0
17019,2010-12,1,358.82,223,-9,0
17019,2011-01,1,271.09,244,-8,0
17019,2011-03,1,366.02,191,-6,0
17019,2011-11,1,262.15,162,2,0
17022,2011-11,1,71.0,108,2,0
17024,2011-07,1,31.25,25,-2,0
17024,2011-09,1,25.0,20,0,0
17024,2011-10,1,39.599999999999994,24,1,0
17025,2010-12,2,160.97,139,-9,C
17025,2011-10,1,196.8,96,1,0
17026,2010-12,1,33.15,25,-9,0
17026,2011-06,1,121.67999999999999,72,-3,0
17027,2011-01,1,187.6,99,-8,0
17027,2011-02,1,232.43,85,-7,0
17027,2011-03,1,13.2,6,-6,0
17027,2011-06,1,212.0,94,-3,0
17027,2011-09,2,232.33,132,0,C
17029,2011-04,1,358.0,200,-5,0
17029,2011-08,1,358.0,200,-1,0
17030,2011-10,1,146.87,146,1,0
17031,2011-07,1,225.95,125,-2,0
17031,2011-11,1,154.4,110,2,0
17033,2010-12,1,307.8,124,-9,0
17033,2011-05,1,300.29999999999995,66,-4,0
17033,2011-09,1,422.04,560,0,0
17034,2011-02,1,141.79999999999998,98,-7,0
17034,2011-09,1,223.07999999999998,124,0,0
17034,2011-11,1,380.64,188,2,0
17035,2011-02,1,259.51,143,-7,0
17035,2011-04,1,174.02,86,-5,0
17037,2011-09,1,1267.32,656,0,0
17038,2011-11,1,112.4,28,2,0
17040,2011-07,1,449.73,181,-2,0
17041,2010-12,1,304.5,190,-9,0
17041,2011-08,1,446.39,349,-1,0
17041,2011-11,1,320.6,388,2,0
17042,2011-04,1,265.40999999999997,325,-5,0
17042,2011-05,1,222.18,120,-4,0
17042,2011-07,1,185.51,223,-2,0
17042,2011-08,1,241.92000000000002,220,-1,0
17042,2011-12,1,121.56,102,3,0
17043,2011-03,1,174.6,162,-6,0
17043,2011-06,1,150.37,195,-3,0
17043,2011-10,1,768.85,395,1,0
17043,2011-11,1,641.36,246,2,0
17044,2011-11,1,948.48,504,2,0
17045,2011-04,1,39.95,1,-5,0
17045,2011-07,1,108.4,34,-2,0
17045,2011-08,1,191.09,71,-1,0
17046,2011-07,1,642.02,510,-2,0
17047,2011-05,2,749.4300000000001,352,-4,C
17047,2011-09,1,351.47,181,0,0
17048,2011-01,1,258.41,143,-8,0
17048,2011-03,1,501.99,281,-6,0
17048,2011-08,1,164.95000000000002,61,-1,0
17049,2011-03,1,924.5400000000001,314,-6,0
17049,2011-05,2,657.26,302,-4,C
17049,2011-07,1,694.57,291,-2,0
17049,2011-08,1,330.28,176,-1,0
17049,2011-09,1,635.19,283,0,0
17049,2011-10,1,1279.01,651,1,0
17049,2011-11,1,738.1800000000001,422,2,0
17049,2011-12,1,396.0,234,3,0
17050,2011-02,2,660.94,325,-7,C
17050,2011-03,1,826.37,340,-6,0
17050,2011-04,1,670.33,363,-5,0
17050,2011-06,1,459.75,306,-3,0
17050,2011-09,1,568.25,261,0,0
17051,2011-05,1,240.89000000000001,179,-4,0
17052,2011-11,1,399.09,251,2,0
17053,2011-08,1,498.48,122,-1,0
17054,2011-04,2,612.37,397,-5,C
17054,2011-05,1,306.45,147,-4,0
17054,2011-07,1,288.5,195,-2,0
17054,2011-11,1,149.01,65,2,0
17058,2011-04,1,582.72,351,-5,0
17058,2011-05,1,236.94,104,-4,0
17058,2011-09,1,360.23,137,0,0
17059,2010-12,1,722.36,471,-9,0
17059,2011-03,1,446.3,215,-6,0
17059,2011-05,1,329.01,154,-4,0
17059,2011-08,1,739.43,439,-1,0
17059,2011-11,1,843.29,571,2,0
17060,2011-03,1,234.24,216,-6,0
17061,2011-04,4,1999.41,628,-5,C
17061,2011-05,3,1250.8200000000002,422,-4,C
17061,2011-06,1,671.9,168,-3,0
17061,2011-07,1,329.30000000000007,86,-2,0
17061,2011-08,1,407.4,104,-1,0
17061,2011-09,1,573.4,118,0,0
17062,2010-12,3,430.69,324,-9,C
17062,2011-01,1,102.64,94,-8,0
17063,2011-02,2,319.37,185,-7,C
17063,2011-06,2,352.5,124,-3,C
17063,2011-10,2,423.1,242,1,C
17063,2011-11,1,366.17,219,2,0
17064,2011-01,1,143.95,72,-8,0
17064,2011-06,1,313.45000000000005,115,-3,0
17064,2011-10,1,398.05,129,1,0
17068,2010-12,2,297.45,118,-9,C
17068,2011-01,2,557.7,286,-8,C
17068,2011-03,2,368.55,169,-6,C
17068,2011-04,2,808.0500000000001,352,-5,C
17068,2011-05,2,304.35,99,-4,C
17068,2011-06,1,312.75,137,-3,0
17068,2011-07,3,425.95,223,-2,C
17068,2011-08,1,206.69,124,-1,0
17068,2011-09,2,545.2,285,0,C
17068,2011-10,2,415.67,221,1,C
17068,2011-11,2,309.78000000000003,150,2,C
17069,2010-12,2,583.2,232,-9,C
17069,2011-04,2,489.87,235,-5,C
17069,2011-07,1,422.72,245,-2,0
17069,2011-09,2,563.12,344,0,C
17069,2011-11,2,650.79,450,2,C
17070,2011-08,1,304.24,131,-1,0
17071,2011-02,1,308.55,150,-7,0
17071,2011-03,1,204.78,148,-6,0
17071,2011-04,1,278.5,102,-5,0
17071,2011-06,1,252.19,102,-3,0
17071,2011-07,2,358.4,120,-2,C
17071,2011-09,1,291.8,144,0,0
17071,2011-10,1,302.65000000000003,115,1,0
17071,2011-11,1,432.16,316,2,0
17073,2011-08,1,453.79,307,-1,0
17073,2011-09,1,387.4,197,0,0
17073,2011-10,1,325.53,96,1,0
17073,2011-11,1,279.37,159,2,0
17075,2011-01,1,188.86,76,-8,0
17075,2011-02,1,373.74,105,-7,0
17075,2011-03,1,133.47,60,-6,0
17075,2011-11,1,138.05,51,2,0
17076,2010-12,1,151.5,58,-9,0
17076,2011-03,1,182.7,54,-6,0
17076,2011-11,1,506.88,183,2,0
17078,2011-11,2,378.2,788,2,C
17079,2011-09,1,118.80000000000001,24,0,0
17080,2011-03,1,76.32000000000001,72,-6,0
17080,2011-11,1,211.29999999999998,94,2,0
17081,2011-10,1,111.9,25,1,0
17081,2011-11,1,177.01,52,2,0
17082,2011-01,1,636.94,316,-8,0
17082,2011-11,1,1366.91,733,2,0
17083,2011-02,2,996.02,562,-7,C
17083,2011-08,1,409.76,210,-1,0
17084,2011-11,2,2747.9900000000002,1702,2,C
17085,2010-12,2,736.19,363,-9,C
17085,2011-02,1,233.96,114,-7,0
17085,2011-04,1,244.5,151,-5,0
17085,2011-08,1,347.75,157,-1,0
17086,2011-10,2,641.88,472,1,C
17086,2011-11,3,948.34,918,2,C
17086,2011-12,1,459.86,469,3,0
17088,2011-03,1,1015.83,355,-6,0
17088,2011-06,1,383.28000000000003,170,-3,0
17088,2011-09,1,352.62,222,0,0
17088,2011-11,1,239.28,121,2,0
17090,2010-12,1,61.199999999999996,24,-9,0
17090,2011-02,1,400.8,208,-7,0
17090,2011-04,1,187.04999999999998,81,-5,0
17090,2011-09,2,799.16,324,0,C
17090,2011-10,1,302.40000000000003,144,1,0
17090,2011-12,1,224.04000000000002,122,3,0
17091,2010-12,1,293.45000000000005,101,-9,0
17091,2011-01,1,594.7,240,-8,0
17091,2011-04,1,505.57,323,-5,0
17091,2011-06,2,600.69,349,-3,C
17091,2011-09,2,697.59,277,0,C
17091,2011-11,1,684.96,276,2,0
17091,2011-12,1,450.8,180,3,0
17092,2011-03,1,134.9,109,-6,0
17092,2011-08,1,494.42,281,-1,0
17092,2011-09,1,356.6,216,0,0
17092,2011-10,1,788.11,524,1,0
17094,2011-01,1,302.0,152,-8,0
17095,2011-01,1,313.15,143,-8,0
17095,2011-02,1,230.81,91,-7,0
17095,2011-11,1,780.1999999999999,384,2,0
17096,2011-03,1,133.49,115,-6,0
17096,2011-07,1,310.45,63,-2,0
17096,2011-10,1,263.61,67,1,0
17096,2011-11,1,314.58,94,2,0
17097,2010-12,1,174.72,67,-9,0
17097,2011-01,1,112.92,48,-8,0
17097,2011-08,4,351.89,135,-1,C
17097,2011-11,1,170.74,117,2,0
17097,2011-12,1,144.15,92,3,0
17100,2011-11,2,971.74,800,2,C
17101,2011-06,1,230.57999999999998,158,-3,0
17101,2011-10,1,669.1500000000001,201,1,0
17101,2011-11,2,722.0,456,2,C
17102,2011-03,1,25.5,2,-6,0
17105,2011-02,1,319.4,359,-7,0
17105,2011-07,1,346.38,334,-2,0
17107,2011-03,1,1695.21,826,-6,0
17107,2011-05,1,2422.15,1024,-4,0
17107,2011-07,1,2215.25,581,-2,0
17107,2011-09,1,2166.21,1089,0,0
17107,2011-11,2,2298.66,1306,2,C
17109,2011-04,2,464.59000000000003,248,-5,C
17109,2011-10,1,109.17000000000002,99,1,0
17109,2011-11,3,307.53,241,2,C
17110,2011-06,1,163.29999999999998,50,-3,0
17111,2011-10,1,231.61,282,1,0
17114,2011-01,1,140.59,81,-8,0
17114,2011-02,1,127.95,22,-7,0
17114,2011-04,1,130.2,20,-5,0
17114,2011-05,1,45.7,6,-4,0
17114,2011-06,1,45.5,7,-3,0
17114,2011-07,1,112.0,20,-2,0
17114,2011-11,1,114.14,22,2,0
17114,2011-12,1,85.04,37,3,0
17115,2011-04,1,310.02,166,-5,0
17115,2011-06,1,302.8,94,-3,0
17115,2011-12,1,224.68,112,3,0
17117,2011-02,1,116.19999999999999,68,-7,0
17118,2011-01,1,157.02,154,-8,0
17119,2011-10,1,547.25,306,1,0
17119,2011-12,1,59.66,28,3,0
17120,2011-04,1,307.46,120,-5,0
17122,2011-08,1,138.32,80,-1,0
17123,2011-07,1,345.29999999999995,246,-2,0
17124,2011-06,1,294.24,129,-3,0
17125,2011-10,1,230.5,281,1,0
17126,2010-12,1,201.95,79,-9,0
17126,2011-02,1,299.72,183,-7,0
17126,2011-07,3,487.78,518,-2,C
17128,2011-01,1,157.09,76,-8,0
17131,2011-09,1,789.77,264,0,0
17131,2011-10,2,492.67,265,1,C
17131,2011-11,1,113.39999999999999,36,2,0
17131,2011-12,1,1067.33,418,3,0
17133,2011-03,1,683.4200000000001,266,-6,0
17133,2011-04,1,358.25000000000006,131,-5,0
17133,2011-06,1,1437.12,728,-3,0
17133,2011-09,1,1658.9,1238,0,0
17133,2011-11,3,754.5500000000001,367,2,C
17134,2011-03,1,318.7,76,-6,0
17134,2011-08,1,94.5,22,-1,0
17135,2010-12,1,215.57999999999998,222,-9,0
17135,2011-02,1,284.97,198,-7,0
17135,2011-10,1,205.06,369,1,0
17135,2011-11,4,434.12,435,2,C
17138,2011-03,1,380.5,126,-6,0
17139,2011-02,1,2639.38,894,-7,0
17139,2011-03,1,708.66,502,-6,0
17139,2011-05,2,1357.86,581,-4,C
17139,2011-06,2,888.97,515,-3,C
17139,2011-08,1,1256.95,708,-1,0
17139,2011-09,1,1517.54,848,0,0
17139,2011-10,2,1173.29,608,1,C
17139,2011-11,2,1108.1200000000001,520,2,C
17140,2011-04,1,454.12,296,-5,0
17142,2011-04,1,579.0,81,-5,0
17144,2011-09,1,595.89,351,0,0
17144,2011-12,1,388.68,132,3,0
17146,2010-12,1,298.25,91,-9,0
17146,2011-03,1,265.63,117,-6,0
17146,2011-08,1,185.9,4,-1,0
17147,2011-02,1,409.5,250,-7,0
17147,2011-05,1,563.61,267,-4,0
17147,2011-09,1,376.19,172,0,0
17147,2011-11,1,365.29,193,2,0
17148,2011-10,1,124.88,82,1,0
17152,2011-03,1,315.90000000000003,206,-6,0
17152,2011-05,2,1373.6,311,-4,C
17153,2011-11,1,213.78,104,2,0
17154,2011-09,1,329.34,490,0,0
17155,2011-06,1,143.3,154,-3,0
17155,2011-11,1,108.39999999999999,88,2,0
17157,2011-06,1,161.46,102,-3,0
17157,2011-12,1,157.54000000000002,70,3,0
17158,2010-12,1,413.79,251,-9,0
17158,2011-04,1,284.76,210,-5,0
17158,2011-11,1,568.42,317,2,0
17159,2011-06,1,528.45,305,-3,0
17159,2011-09,1,398.22,241,0,0
17159,2011-11,1,612.21,565,2,0
17160,2011-04,2,1205.07,951,-5,C
17160,2011-07,2,1038.06,914,-2,C
17160,2011-08,1,758.0500000000001,552,-1,0
17160,2011-11,1,516.85,439,2,0
17162,2011-02,1,424.41,294,-7,0
17162,2011-03,2,211.75,149,-6,C
17162,2011-04,2,183.15,63,-5,C
17162,2011-06,3,345.96999999999997,183,-3,C
17162,2011-07,1,298.38,176,-2,0
17162,2011-11,1,251.8,136,2,0
17163,2011-09,1,123.10000000000001,26,0,0
17163,2011-11,1,170.0,40,2,0
17164,2011-03,1,627.13,427,-6,0
17164,2011-05,1,316.09,175,-4,0
17164,2011-07,1,327.2,200,-2,0
17164,2011-09,1,745.84,442,0,0
17164,2011-11,3,451.09000000000003,257,2,C
17165,2011-02,1,158.68,100,-7,0
17166,2011-05,1,127.59,57,-4,0
17166,2011-11,1,78.75,21,2,0
17169,2011-06,1,308.68,102,-3,0
17169,2011-10,1,527.1,424,1,0
17171,2011-02,1,224.91,185,-7,0
17172,2011-09,1,317.76,480,0,0
17173,2011-07,1,462.78,116,-2,0
17173,2011-08,1,498.48,122,-1,0
17173,2011-10,3,963.0600000000001,290,1,C
17173,2011-11,2,1285.08,394,2,C
17173,2011-12,1,557.2,200,3,0
17174,2011-05,1,59.9,41,-4,0
17175,2011-02,1,519.08,332,-7,0
17175,2011-06,1,302.62,182,-3,0
17175,2011-07,1,310.93,130,-2,0
17175,2011-10,1,311.06,222,1,0
17176,2011-05,1,306.13,170,-4,0
17179,2010-12,1,243.0,98,-9,0
17179,2011-04,1,245.31,110,-5,0
17179,2011-06,1,223.48,82,-3,0
17180,2011-01,1,245.44,170,-8,0
17180,2011-04,2,307.36,346,-5,C
17180,2011-10,1,231.17,154,1,0
17181,2010-12,1,155.52,216,-9,0
17181,2011-10,1,84.39999999999999,25,1,0
17183,2011-08,1,329.67,141,-1,0
17183,2011-10,2,1225.8700000000001,542,1,C
17183,2011-11,2,1077.99,421,2,C
17183,2011-12,1,713.78,192,3,0
17186,2011-10,2,144.0,200,1,C
17187,2011-04,1,203.95,144,-5,0
17188,2010-12,1,513.64,174,-9,0
17188,2011-01,2,910.8,536,-8,C
17188,2011-06,2,390.65,261,-3,C
17188,2011-11,2,659.14,357,2,C
17189,2010-12,1,226.57000000000002,102,-9,0
17189,2011-08,1,157.18,124,-1,0
17190,2011-05,1,195.0,1,-4,0
17190,2011-10,1,249.74,160,1,0
17191,2010-12,3,510.11,320,-9,C
17191,2011-03,1,310.77,159,-6,0
17191,2011-06,1,354.82,160,-3,0
17191,2011-09,1,385.81,220,0,0
17191,2011-11,1,532.17,307,2,0
17193,2011-06,2,448.56000000000006,144,-3,C
17193,2011-09,1,299.04,96,0,0
17193,2011-10,3,935.1600000000001,1000,1,C
17193,2011-11,1,16.54,14,2,0
17194,2010-12,1,252.62,118,-9,0
17194,2011-03,1,10.0,1,-6,0
17197,2011-11,1,1013.01,191,2,0
17198,2010-12,2,521.66,242,-9,C
17198,2011-11,1,170.56,115,2,0
17201,2011-10,1,289.78,231,1,0
17203,2011-10,3,2563.24,2116,1,C
17203,2011-11,3,996.84,730,2,C
17204,2011-03,1,788.9100000000001,389,-6,0
17204,2011-04,1,461.25,119,-5,0
17204,2011-06,2,314.4,138,-3,C
17205,2011-10,1,384.08,884,1,0
17206,2011-10,1,204.24,76,1,0
17211,2010-12,3,779.71,501,-9,C
17211,2011-03,1,345.82000000000005,168,-6,0
17211,2011-04,1,128.41,76,-5,0
17211,2011-06,1,210.95,48,-3,0
17211,2011-10,1,419.33,174,1,0
17211,2011-11,1,433.0,356,2,0
17212,2011-03,1,226.85,147,-6,0
17213,2010-12,2,615.85,217,-9,C
17213,2011-01,1,321.1,106,-8,0
17213,2011-07,2,843.0600000000001,435,-2,C
17213,2011-10,2,1001.22,418,1,C
17214,2010-12,1,171.05,43,-9,0
17214,2011-02,2,282.05,73,-7,C
17214,2011-04,1,158.87,61,-5,0
17214,2011-09,1,250.45000000000002,43,0,0
17214,2011-10,1,196.7,52,1,0
17217,2011-04,1,113.5,24,-5,0
17218,2010-12,3,601.28,237,-9,C
17218,2011-01,1,169.35,47,-8,0
17218,2011-05,1,172.95,110,-4,0
17218,2011-09,2,412.02,244,0,C
17218,2011-11,2,487.68,264,2,C
17218,2011-12,1,108.69,53,3,0
17219,2011-11,1,114.23,89,2,0
17220,2010-12,1,317.5,83,-9,0
17220,2011-01,1,320.0,142,-8,0
17220,2011-03,1,415.8,201,-6,0
17220,2011-05,2,409.53,269,-4,C
17220,2011-07,2,371.1,313,-2,C
17220,2011-08,1,331.57,191,-1,0
17220,2011-09,3,444.51,391,0,C
17220,2011-10,1,283.76,138,1,0
17220,2011-11,2,293.78,169,2,C
17221,2011-11,1,132.28,115,2,0
17221,2011-12,1,202.2,172,3,0
17222,2011-10,1,328.65,122,1,0
17223,2010-12,1,292.84000000000003,64,-9,0
17223,2011-02,1,124.05,46,-7,0
17226,2011-02,1,393.49,406,-7,0
17227,2010-12,1,142.25,92,-9,0
17227,2011-03,1,223.9,100,-6,0
17227,2011-06,1,107.6,104,-3,0
17227,2011-09,1,139.45,111,0,0
17227,2011-10,1,107.11,205,1,0
17227,2011-11,1,219.01000000000002,129,2,0
17228,2010-12,2,355.95,211,-9,C
17228,2011-02,1,123.42999999999999,175,-7,0
17228,2011-05,1,208.2,225,-4,0
17228,2011-09,1,368.72,261,0,0
17228,2011-10,1,432.26,250,1,0
17228,2011-11,2,417.53000000000003,410,2,C
17229,2011-07,1,157.71,108,-2,0
17229,2011-09,1,161.05,77,0,0
17230,2010-12,6,2760.01,1355,-9,C
17230,2011-02,1,675.0,198,-7,0
17230,2011-03,1,203.4,98,-6,0
17231,2010-12,1,232.01,116,-9,0
17231,2011-01,1,150.98,84,-8,0
17231,2011-02,1,316.89,127,-7,0
17231,2011-03,1,245.62,159,-6,0
17231,2011-05,1,374.06,159,-4,0
17231,2011-06,1,385.19,259,-3,0
17231,2011-08,1,201.07,129,-1,0
17231,2011-10,1,381.07,190,1,0
17231,2011-11,2,837.83,501,2,C
17232,2011-11,1,208.04,110,2,0
17232,2011-12,1,209.73,92,3,0
17233,2011-11,1,190.88,131,2,0
17234,2011-06,1,149.89000000000001,55,-3,0
17235,2010-12,1,341.9,126,-9,0
17235,2011-11,1,208.16,98,2,0
17236,2010-12,1,126.28,67,-9,0
17236,2011-01,1,199.32999999999998,141,-8,0
17236,2011-02,1,119.76,40,-7,0
17236,2011-04,1,118.45,69,-5,0
17236,2011-06,1,133.91,83,-3,0
17236,2011-11,1,218.4,74,2,0
17237,2011-11,2,314.69,105,2,C
17238,2010-12,2,370.09000000000003,126,-9,C
17238,2011-01,1,138.55,56,-8,0
17238,2011-03,3,477.93,273,-6,C
17238,2011-05,2,360.68,139,-4,C
17238,2011-06,1,184.59,77,-3,0
17238,2011-07,2,411.73,227,-2,C
17238,2011-09,1,264.31,142,0,0
17238,2011-10,1,282.93,164,1,0
17238,2011-11,2,593.67,346,2,C
17238,2011-12,2,634.62,257,3,C
17239,2011-01,1,382.5,150,-8,0
17242,2011-06,1,709.44,411,-3,0
17242,2011-08,1,425.6,200,-1,0
17243,2010-12,3,828.1500000000001,281,-9,C
17243,2011-01,2,430.6,124,-8,C
17243,2011-02,2,607.85,251,-7,C
17243,2011-03,2,444.15000000000003,183,-6,C
17243,2011-04,2,465.75,212,-5,C
17243,2011-06,1,433.0,88,-3,0
17243,2011-07,2,421.22,188,-2,C
17243,2011-08,1,278.55,51,-1,0
17243,2011-09,2,671.79,201,0,C
17243,2011-10,1,414.21000000000004,161,1,0
17243,2011-11,6,2609.2,1229,2,C
17243,2011-12,2,935.58,351,3,C
17244,2011-10,1,954.9,616,1,0
17245,2011-05,1,171.45,75,-4,0
17247,2011-11,1,280.09000000000003,105,2,0
17248,2011-08,1,318.65,213,-1,0
17250,2011-03,1,162.65,70,-6,0
17250,2011-12,1,219.32,97,3,0
17251,2010-12,1,269.83,108,-9,0
17252,2011-06,1,337.01,190,-3,0
17252,2011-08,1,11.9,2,-1,0
17253,2011-11,1,178.26,43,2,0
17254,2011-11,1,169.06,150,2,0
17254,2011-12,1,102.13,101,3,0
17255,2011-02,1,108.26,73,-7,0
17255,2011-10,1,183.22,154,1,0
17256,2011-01,1,127.89999999999999,68,-8,0
17256,2011-08,1,112.10000000000001,73,-1,0
17259,2010-12,1,367.95,256,-9,0
17259,2011-07,1,213.28,132,-2,0
17262,2010-12,1,268.86,74,-9,0
17262,2011-03,1,584.5,150,-6,0
17262,2011-04,2,102.0,103,-5,C
17262,2011-10,1,298.0,40,1,0
17263,2011-05,1,63.440000000000005,36,-4,0
17265,2011-06,1,377.84000000000003,214,-3,0
17265,2011-07,1,172.17,175,-2,0
17266,2011-07,1,113.06,27,-2,0
17266,2011-12,2,183.52,126,3,C
17267,2011-08,2,317.2,158,-1,C
17268,2011-04,2,276.48,384,-5,C
17268,2011-07,1,35.0,28,-2,0
17268,2011-08,1,452.15999999999997,432,-1,0
17272,2011-03,1,657.68,664,-6,0
17272,2011-05,1,751.76,497,-4,0
17272,2011-10,2,739.1899999999999,617,1,C
17274,2011-11,1,107.82,77,2,0
17277,2011-01,1,717.02,362,-8,0
17277,2011-04,1,348.33000000000004,68,-5,0
17278,2011-04,1,246.04,179,-5,0
17279,2011-10,1,187.82999999999998,48,1,0
17282,2011-02,1,723.9,606,-7,0
17282,2011-06,1,274.56,344,-3,0
17282,2011-08,1,687.0,916,-1,0
17284,2011-01,1,716.11,571,-8,0
17284,2011-04,1,207.24,200,-5,0
17284,2011-06,2,292.71999999999997,279,-3,C
17284,2011-08,1,272.96999999999997,188,-1,0
17284,2011-10,1,158.44,124,1,0
17286,2011-11,1,151.37,117,2,0
17287,2010-12,2,222.7,108,-9,C
17287,2011-04,1,145.24,120,-5,0
17287,2011-05,1,132.4,12,-4,0
17287,2011-07,1,202.07,110,-2,0
17287,2011-09,1,177.89,121,0,0
17287,2011-11,1,168.76,85,2,0
17288,2010-12,1,133.56,156,-9,0
17288,2011-01,1,103.56,132,-8,0
17288,2011-02,1,53.400000000000006,60,-7,0
17288,2011-04,1,127.30000000000001,110,-5,0
17288,2011-05,1,245.88,204,-4,0
17288,2011-11,2,753.93,539,2,C
17289,2011-06,1,164.45,132,-3,0
17289,2011-11,2,766.57,381,2,C
17290,2011-11,1,348.83,274,2,0
17290,2011-12,1,164.18,123,3,0
17291,2011-02,1,550.8000000000001,72,-7,0
17293,2010-12,1,346.14,208,-9,0
17293,2011-02,1,123.21,95,-7,0
17293,2011-07,1,235.82,150,-2,0
17293,2011-08,2,161.86,64,-1,C
17293,2011-09,1,250.34,183,0,0
17293,2011-10,1,236.31,159,1,0
17293,2011-11,1,306.25,150,2,0
17293,2011-12,1,194.13,126,3,0
17295,2011-10,1,279.36,170,1,0
17295,2011-11,2,267.64,123,2,C
17297,2011-11,1,128.18,65,2,0
17298,2011-08,2,498.42,387,-1,C
17299,2011-06,1,151.63,228,-3,0
17299,2011-08,1,116.56,52,-1,0
17299,2011-09,1,297.36,319,0,0
17299,2011-11,1,91.06,69,2,0
17301,2011-11,1,163.24,137,2,0
17302,2011-02,1,182.85,99,-7,0
17302,2011-05,1,120.27,91,-4,0
17302,2011-08,1,358.49,155,-1,0
17302,2011-11,2,474.02,230,2,C
17303,2010-12,1,250.04,144,-9,0
17306,2010-12,1,324.0,1296,-9,0
17306,2011-01,1,748.94,430,-8,0
17306,2011-02,1,601.94,762,-7,0
17306,2011-03,4,1069.08,1532,-6,C
17306,2011-05,1,451.70000000000005,986,-4,0
17306,2011-06,3,1278.98,1522,-3,C
17306,2011-07,2,1037.44,1172,-2,C
17306,2011-08,1,611.24,712,-1,0
17306,2011-09,2,1082.92,1720,0,C
17306,2011-11,3,1425.0700000000002,1359,2,C
17309,2011-09,1,82.75,41,0,0
17311,2011-01,1,556.46,410,-8,0
17311,2011-09,1,828.39,595,0,0
17312,2011-07,3,644.3,372,-2,C
17313,2011-11,1,2328.84,1402,2,0
17314,2011-01,1,203.8,36,-8,0
17314,2011-02,1,362.40000000000003,256,-7,0
17314,2011-03,1,220.8,88,-6,0
17314,2011-06,1,517.05,509,-3,0
17314,2011-07,1,202.87,129,-2,0
17314,2011-10,1,670.63,637,1,0
17314,2011-11,2,350.37,241,2,C
17315,2010-12,1,108.92,60,-9,0
17315,2011-01,2,521.37,309,-8,C
17315,2011-02,4,438.75,226,-7,C
17315,2011-03,5,740.9300000000001,551,-6,C
17315,2011-04,3,299.59999999999997,118,-5,C
17315,2011-05,4,529.27,420,-4,C
17315,2011-06,1,262.61,177,-3,0
17315,2011-07,4,586.82,298,-2,C
17315,2011-08,6,879.8199999999999,839,-1,C
17315,2011-09,2,568.8000000000001,264,0,C
17315,2011-10,2,411.79,157,1,C
17315,2011-11,3,752.4499999999999,337,2,C
17315,2011-12,1,180.1,107,3,0
17317,2011-09,1,2027.94,606,0,0
17317,2011-10,2,572.4,540,1,C
17320,2010-12,1,450.92,210,-9,0
17320,2011-04,1,459.18,256,-5,0
17320,2011-08,1,290.52,168,-1,0
17321,2011-10,1,615.91,359,1,0
17321,2011-12,1,41.25,5,3,0
17323,2011-02,1,141.69,119,-7,0
17323,2011-05,1,149.38,127,-4,0
17323,2011-06,1,135.37,164,-3,0
17323,2011-08,1,104.50999999999999,85,-1,0
17323,2011-10,1,158.82,108,1,0
17323,2011-11,2,216.75,157,2,C
17324,2010-12,1,127.05000000000001,51,-9,0
17324,2011-01,1,575.18,555,-8,0
17324,2011-11,2,284.25,237,2,C
17325,2011-03,1,96.8,60,-6,0
17329,2011-01,1,243.36,67,-8,0
17329,2011-11,1,279.75,75,2,0
17330,2011-10,1,264.9,100,1,0
17330,2011-11,1,99.0,20,2,0
17331,2011-08,1,175.2,16,-1,0
17333,2011-09,1,494.25,375,0,0
17334,2011-02,2,307.02,315,-7,C
17337,2011-02,1,989.38,688,-7,0
17337,2011-04,1,459.5,259,-5,0
17337,2011-05,1,499.23,275,-4,0
17337,2011-07,1,32.95,25,-2,0
17338,2010-12,1,767.6,336,-9,0
17338,2011-01,1,770.75,316,-8,0
17338,2011-02,1,1100.25,477,-7,0
17338,2011-04,1,682.2,362,-5,0
17338,2011-05,1,300.05,98,-4,0
17338,2011-07,1,596.33,330,-2,0
17338,2011-08,1,946.74,420,-1,0
17338,2011-11,1,1329.6200000000001,720,2,0
17339,2010-12,1,60.0,16,-9,0
17339,2011-09,1,183.36,136,0,0
17340,2010-12,2,4360.39,2454,-9,C
17340,2011-04,1,834.6800000000001,450,-5,0
17340,2011-05,1,607.74,294,-4,0
17340,2011-07,2,1195.12,466,-2,C
17340,2011-08,1,595.72,344,-1,0
17340,2011-09,3,865.85,269,0,C
17340,2011-11,1,3893.79,1690,2,0
17341,2010-12,1,416.61,246,-9,0
17341,2011-07,2,265.68,197,-2,C
17343,2010-12,1,193.64,56,-9,0
17344,2011-10,1,157.62,65,1,0
17345,2011-05,2,125.38,61,-4,C
17345,2011-09,1,155.8,116,0,0
17345,2011-11,1,238.51,164,2,0
17346,2010-12,2,235.34,133,-9,C
17346,2011-02,1,102.62,59,-7,0
17346,2011-04,1,223.42000000000002,155,-5,0
17346,2011-05,1,222.31,139,-4,0
17346,2011-06,2,293.57,347,-3,C
17346,2011-08,1,151.52,90,-1,0
17346,2011-10,3,705.45,313,1,C
17346,2011-11,3,551.5600000000001,315,2,C
17346,2011-12,1,137.09,66,3,0
17347,2011-09,1,228.96,216,0,0
17348,2011-02,1,160.15,199,-7,0
17348,2011-09,1,500.46,704,0,0
17348,2011-11,3,495.99,495,2,C
17349,2011-06,1,98.25,102,-3,0
17350,2011-10,2,886.34,618,1,C
17350,2011-12,2,394.98,152,3,C
17351,2011-03,1,198.6,28,-6,0
17351,2011-06,1,228.7,64,-3,0
17351,2011-11,1,159.85,21,2,0
17353,2011-07,1,870.0,600,-2,0
17353,2011-08,1,870.0,600,-1,0
17354,2011-10,1,1393.06,1006,1,0
17356,2011-02,1,178.22,166,-7,0
17357,2011-11,2,384.39,152,2,C
17358,2010-12,1,241.66000000000003,145,-9,0
17358,2011-02,1,119.15,45,-7,0
17359,2011-11,1,127.86,161,2,0
17360,2011-06,1,320.9,164,-3,0
17360,2011-11,2,247.34,164,2,C
17361,2011-02,1,45.0,12,-7,0
17361,2011-06,1,218.92,51,-3,0
17361,2011-10,1,224.28,94,1,0
17362,2011-02,1,150.0,76,-7,0
17362,2011-04,1,162.23000000000002,115,-5,0
17364,2011-01,1,419.83,296,-8,0
17364,2011-02,1,504.56,339,-7,0
17364,2011-03,1,247.45000000000002,137,-6,0
17364,2011-05,2,913.61,468,-4,C
17364,2011-07,1,531.96,254,-2,0
17364,2011-11,2,1152.76,825,2,C
17364,2011-12,3,692.51,373,3,C
17365,2011-01,2,742.66,712,-8,C
17365,2011-03,1,541.05,782,-6,0
17365,2011-05,1,609.28,510,-4,0
17365,2011-06,1,443.82,530,-3,0
17365,2011-09,1,1126.47,1147,0,0
17365,2011-10,1,877.71,709,1,0
17365,2011-11,1,426.37,359,2,0
17367,2011-04,1,167.55,149,-5,0
17368,2011-01,2,694.0,866,-8,C
17368,2011-03,1,194.92000000000002,215,-6,0
17368,2011-06,2,695.35,195,-3,C
17368,2011-09,1,20.8,4,0,0
17368,2011-11,2,273.8,97,2,C
17370,2011-06,1,110.69999999999999,78,-3,0
17370,2011-09,3,335.48,462,0,C
17371,2010-12,1,92.14,39,-9,0
17371,2011-11,2,326.26,112,2,C
17372,2010-12,2,366.53000000000003,234,-9,C
17372,2011-01,1,162.4,58,-8,0
17372,2011-04,1,212.12,122,-5,0
17372,2011-06,2,314.58,178,-3,C
17372,2011-10,2,281.55,155,1,C
17373,2011-01,1,145.25,89,-8,0
17373,2011-07,1,142.05,111,-2,0
17373,2011-09,1,146.22,90,0,0
17373,2011-10,1,213.4,118,1,0
17374,2011-03,1,191.95,29,-6,0
17374,2011-05,1,303.82,56,-4,0
17375,2010-12,1,109.71000000000001,69,-9,0
17375,2011-01,1,176.66,250,-8,0
17375,2011-05,1,113.73,48,-4,0
17376,2011-02,1,105.85,35,-7,0
17376,2011-09,1,97.35,51,0,0
17377,2010-12,3,785.08,255,-9,C
17377,2011-02,2,348.75,233,-7,C
17377,2011-03,2,463.79,175,-6,C
17377,2011-06,1,133.07,63,-3,0
17377,2011-08,1,309.65,356,-1,0
17377,2011-09,2,272.24,108,0,C
17377,2011-10,4,838.28,360,1,C
17377,2011-11,5,907.46,488,2,C
17379,2011-11,1,389.71999999999997,623,2,0
17381,2010-12,3,3603.7200000000003,2888,-9,C
17381,2011-01,1,212.0,200,-8,0
17381,2011-02,4,3363.74,4370,-7,C
17381,2011-03,2,2019.96,2364,-6,C
17381,2011-04,4,2349.39,4789,-5,C
17381,2011-05,2,2269.3199999999997,1904,-4,C
17381,2011-06,2,513.8399999999999,744,-3,C
17381,2011-07,2,1488.16,1976,-2,C
17381,2011-08,3,1055.52,2248,-1,C
17381,2011-09,1,1386.0,1368,0,0
17381,2011-10,3,1110.3600000000001,1286,1,C
17381,2011-11,1,595.44,1152,2,0
17381,2011-12,1,308.15999999999997,360,3,0
17382,2011-10,1,65.4,25,1,0
17383,2011-12,1,193.39000000000001,148,3,0
17384,2011-05,1,227.65,43,-4,0
17384,2011-11,1,108.75,45,2,0
17385,2011-11,1,256.11,197,2,0
17386,2011-06,2,613.32,300,-3,C
17386,2011-08,1,928.08,576,-1,0
17386,2011-09,2,155.94000000000003,146,0,C
17386,2011-12,1,989.08,880,3,0
17387,2011-11,2,746.81,522,2,C
17388,2011-02,1,381.6,360,-7,0
17388,2011-05,1,381.6,360,-4,0
17388,2011-07,1,189.82999999999998,59,-2,0
17388,2011-09,1,306.53000000000003,289,0,0
17389,2011-01,4,677.3399999999999,120,-8,C
17389,2011-02,1,96.9,12,-7,0
17389,2011-03,2,230.22,60,-6,C
17389,2011-04,2,3019.0,804,-5,C
17389,2011-05,4,956.46,202,-4,C
17389,2011-06,4,858.88,282,-3,C
17389,2011-07,5,2007.0,258,-2,C
17389,2011-08,2,1066.98,150,-1,C
17389,2011-09,2,4682.76,1092,0,C
17389,2011-11,5,12361.36,3262,2,C
17389,2011-12,3,5876.78,1370,3,C
17391,2011-06,2,508.8,480,-3,C
17392,2010-12,1,271.77,178,-9,0
17392,2011-02,1,145.5,99,-7,0
17394,2011-05,1,203.86999999999998,241,-4,0
17396,2010-12,1,397.5,106,-9,0
17396,2011-07,5,4404.3,999,-2,C
17396,2011-10,2,2529.0,900,1,C
17397,2011-11,2,681.41,250,2,C
17398,2011-03,1,305.68,182,-6,0
17398,2011-05,1,222.77,77,-4,0
17398,2011-08,1,124.92999999999999,51,-1,0
17400,2010-12,1,424.17,250,-9,0
17400,2011-03,2,638.7,287,-6,C
17400,2011-05,1,243.75,64,-4,0
17400,2011-08,1,791.22,487,-1,0
17402,2010-12,2,459.96999999999997,120,-9,C
17402,2011-01,1,111.9,24,-8,0
17402,2011-04,1,212.5,30,-5,0
17402,2011-06,2,377.94,100,-3,C
17402,2011-08,2,570.14,146,-1,C
17402,2011-09,1,115.2,48,0,0
17402,2011-10,2,186.5,39,1,C
17402,2011-11,1,312.9,106,2,0
17402,2011-12,1,286.8,88,3,0
17403,2011-11,1,263.92,111,2,0
17404,2010-12,2,3834.2999999999997,3954,-9,C
17404,2011-01,1,2938.7599999999998,2804,-8,0
17404,2011-03,2,4522.68,5300,-6,C
17404,2011-05,1,2557.88,2794,-4,0
17404,2011-07,2,6458.68,5809,-2,C
17404,2011-08,2,692.0,962,-1,C
17404,2011-09,1,4114.08,4072,0,0
17404,2011-10,2,5311.96,5953,1,C
17404,2011-11,1,1238.48,1060,2,0
17404,2011-12,1,238.0,40,3,0
17405,2011-07,1,393.31,334,-2,0
17405,2011-09,1,489.70000000000005,228,0,0
17405,2011-12,1,148.4,164,3,0
17406,2010-12,1,702.1,270,-9,0
17406,2011-01,2,1482.32,510,-8,C
17408,2011-06,1,32.65,3,-3,0
17409,2011-04,1,260.55,41,-5,0
17409,2011-06,1,511.3,64,-3,0
17410,2011-05,1,302.4,100,-4,0
17410,2011-09,1,117.15,49,0,0
17410,2011-10,1,449.15,203,1,0
17410,2011-11,2,346.02,264,2,C
17411,2011-03,1,285.58,126,-6,0
17411,2011-09,1,283.86,114,0,0
17411,2011-11,1,209.5,66,2,0
17412,2010-12,2,447.76,210,-9,C
17412,2011-02,1,141.36,92,-7,0
17412,2011-05,1,120.7,56,-4,0
17412,2011-10,1,160.4,116,1,0
17412,2011-11,1,201.44,178,2,0
17412,2011-12,1,186.4,86,3,0
17414,2011-06,1,598.0,1380,-3,0
17414,2011-10,1,180.0,720,1,0
17415,2011-09,1,507.84,114,0,0
17416,2011-03,1,2114.71,1345,-6,0
17416,2011-05,2,1333.3,678,-4,C
17416,2011-06,1,937.74,604,-3,0
17416,2011-08,1,908.74,656,-1,0
17416,2011-09,1,584.3199999999999,320,0,0
17416,2011-11,1,1014.61,699,2,0
17418,2011-01,1,167.39000000000001,139,-8,0
17418,2011-10,1,296.07,150,1,0
17419,2010-12,2,374.27,203,-9,C
17419,2011-01,1,330.2,102,-8,0
17419,2011-02,1,333.0,238,-7,0
17419,2011-03,2,650.83,285,-6,C
17419,2011-04,1,357.5,144,-5,0
17419,2011-07,1,614.2,241,-2,0
17419,2011-10,1,465.55,249,1,0
17419,2011-11,3,1101.02,414,2,C
17420,2010-12,1,130.85,53,-9,0
17420,2011-06,1,260.66,116,-3,0
17420,2011-10,1,207.32,96,1,0
17422,2011-02,1,321.25,219,-7,0
17422,2011-05,1,306.82,128,-4,0
17422,2011-06,1,375.04,688,-3,0
17422,2011-07,1,293.07,321,-2,0
17422,2011-09,1,402.79,393,0,0
17422,2011-11,1,280.4,504,2,0
17423,2011-05,1,449.42,314,-4,0
17423,2011-10,1,248.99,145,1,0
17425,2011-10,1,688.97,371,1,0
17425,2011-11,1,70.2,36,2,0
17426,2011-03,1,1193.88,546,-6,0
17426,2011-06,2,2085.35,1295,-3,C
17426,2011-09,1,1001.36,700,0,0
17426,2011-12,2,756.6700000000001,553,3,C
17427,2011-09,1,100.8,34,0,0
17428,2010-12,2,893.95,375,-9,C
17428,2011-01,2,993.84,1128,-8,C
17428,2011-02,2,1222.33,602,-7,C
17428,2011-03,2,955.2199999999999,624,-6,C
17428,2011-04,2,1111.82,546,-5,C
17428,2011-05,3,2111.66,1495,-4,C
17428,2011-06,4,1321.82,718,-3,C
17428,2011-07,1,345.65,259,-2,0
17428,2011-08,2,1704.8,992,-1,C
17428,2011-09,1,4090.28,1848,0,0
17428,2011-10,3,1172.9,443,1,C
17428,2011-11,3,916.98,388,2,C
17428,2011-12,1,415.6,56,3,0
17429,2011-05,1,186.86,256,-4,0
17429,2011-06,1,189.28,78,-3,0
17429,2011-08,1,148.78,290,-1,0
17430,2010-12,1,112.6,60,-9,0
17430,2011-11,1,153.16,130,2,0
17431,2011-01,1,403.3,292,-8,0
17432,2011-11,2,365.76,207,2,C
17433,2011-09,1,303.15999999999997,185,0,0
17434,2011-09,1,499.56,192,0,0
17434,2011-10,1,327.93,210,1,0
17434,2011-11,4,1224.99,1045,2,C
17434,2011-12,1,321.34000000000003,246,3,0
17436,2011-04,1,122.39999999999999,48,-5,0
17436,2011-12,1,93.89999999999999,42,3,0
17438,2011-03,1,388.45000000000005,103,-6,0
17440,2011-04,2,124.62,162,-5,C
17440,2011-07,1,61.8,84,-2,0
17442,2011-02,1,440.83,302,-7,0
17442,2011-05,1,374.0,230,-4,0
17442,2011-06,1,254.18,174,-3,0
17442,2011-08,1,521.44,307,-1,0
17442,2011-09,1,331.24,247,0,0
17442,2011-11,1,326.87,236,2,0
17443,2011-05,1,534.24,504,-4,0
17444,2011-06,1,1171.46,1092,-3,0
17444,2011-07,2,1768.58,1027,-2,C
17446,2011-02,1,68.10000000000001,102,-7,0
17446,2011-06,1,52.800000000000004,96,-3,0
17447,2011-09,1,372.48,350,0,0
17447,2011-10,1,169.05,93,1,0
17449,2010-12,1,684.26,264,-9,0
17449,2011-03,1,338.34,156,-6,0
17449,2011-04,1,300.09000000000003,186,-5,0
17449,2011-09,1,174.86,102,0,0
17449,2011-10,2,597.62,267,1,C
17449,2011-12,1,424.04,146,3,0
17450,2010-12,2,2028.84,786,-9,C
17450,2011-01,3,18620.2,6054,-8,C
17450,2011-03,3,13500.5,4972,-6,C
17450,2011-04,2,3585.04,1920,-5,C
17450,2011-05,4,18025.68,6196,-4,C
17450,2011-06,1,5405.48,3104,-3,0
17450,2011-07,3,8485.14,3458,-2,C
17450,2011-08,4,15959.460000000001,5382,-1,C
17450,2011-09,11,75412.64,26608,0,C
17450,2011-10,2,3935.96,1448,1,C
17450,2011-11,10,27869.45,9325,2,C
17450,2011-12,1,1562.4,720,3,0
17451,2011-08,1,346.01,267,-1,0
17451,2011-09,1,214.97,107,0,0
17451,2011-10,2,489.27,381,1,C
17451,2011-11,2,376.97,294,2,C
17451,2011-12,1,294.18,154,3,0
17453,2011-10,1,341.99999999999994,160,1,0
17453,2011-11,1,144.72,59,2,0
17454,2010-12,1,165.85,59,-9,0
17454,2011-02,1,132.25,77,-7,0
17454,2011-04,1,115.43,57,-5,0
17454,2011-05,1,104.0,50,-4,0
17455,2011-05,1,131.7,66,-4,0
17456,2010-12,1,249.86,222,-9,0
17457,2011-01,1,385.8,264,-8,0
17457,2011-02,1,331.26,150,-7,0
17457,2011-04,1,313.38,114,-5,0
17457,2011-05,1,367.2,144,-4,0
17457,2011-08,1,340.06,154,-1,0
17458,2011-11,1,316.5,170,2,0
17459,2011-10,2,657.3,537,1,C
17460,2010-12,2,70.30000000000001,26,-9,C
17460,2011-01,1,133.5,42,-8,0
17460,2011-03,1,138.88,56,-6,0
17460,2011-04,1,119.9,53,-5,0
17460,2011-09,1,159.85000000000002,59,0,0
17461,2011-11,3,735.82,770,2,C
17462,2011-02,1,463.40999999999997,155,-7,0
17462,2011-10,1,212.28,72,1,0
17463,2011-01,1,691.46,410,-8,0
17463,2011-04,1,234.25,109,-5,0
17463,2011-06,1,301.88,199,-3,0
17463,2011-10,1,449.96,242,1,0
17463,2011-11,1,198.31,126,2,0
17464,2011-07,1,289.96000000000004,220,-2,0
17466,2011-09,1,460.41,133,0,0
17466,2011-11,1,302.87,173,2,0
17468,2011-11,2,137.0,116,2,C
17469,2011-05,1,305.36,130,-4,0
17469,2011-07,1,440.71,189,-2,0
17469,2011-08,1,304.2,124,-1,0
17469,2011-09,1,441.8,172,0,0
17469,2011-11,1,378.90000000000003,172,2,0
17470,2010-12,1,178.4,112,-9,0
17470,2011-04,1,304.13,489,-5,0
17470,2011-05,1,140.57999999999998,282,-4,0
17470,2011-08,1,193.36,392,-1,0
17470,2011-10,1,308.6,400,1,0
17472,2011-02,2,438.27,286,-7,C
17472,2011-06,1,259.27,169,-3,0
17475,2011-09,1,194.37,178,0,0
17480,2011-09,1,511.82,338,0,0
17481,2011-09,1,260.63,149,0,0
17481,2011-11,2,822.5600000000001,754,2,C
17481,2011-12,1,172.4,158,3,0
17483,2011-06,1,155.10000000000002,50,-3,0
17483,2011-07,1,119.64,48,-2,0
17483,2011-10,1,139.3,93,1,0
17486,2011-03,1,396.87,191,-6,0
17489,2011-05,1,208.56,232,-4,0
17489,2011-10,1,168.07999999999998,196,1,0
17490,2011-06,1,305.2,140,-3,0
17490,2011-09,2,709.3,296,0,C
17490,2011-10,1,306.71999999999997,204,1,0
17490,2011-12,3,771.0999999999999,494,3,C
17491,2010-12,1,327.40000000000003,268,-9,0
17491,2011-01,1,305.52,240,-8,0
17491,2011-03,1,556.9399999999999,361,-6,0
17491,2011-06,1,135.0,52,-3,0
17491,2011-07,1,335.45,113,-2,0
17491,2011-09,2,763.3100000000001,302,0,C
17491,2011-11,2,692.35,399,2,C
17491,2011-12,1,442.90000000000003,278,3,0
17492,2011-04,1,374.57,155,-5,0
17495,2011-11,1,342.59000000000003,150,2,0
17495,2011-12,1,154.97,79,3,0
17496,2010-12,1,271.05,79,-9,0
17498,2011-09,1,272.22,394,0,0
17499,2011-02,1,622.88,711,-7,0
17500,2011-11,3,1138.0,17,2,C
17501,2011-05,2,288.6,160,-4,C
17502,2011-11,4,689.1,376,2,C
17503,2011-11,1,340.43,213,2,0
17503,2011-12,1,218.53,273,3,0
17504,2011-01,1,441.15,233,-8,0
17504,2011-02,1,346.28,176,-7,0
17504,2011-03,1,859.01,523,-6,0
17504,2011-05,6,1350.59,732,-4,C
17505,2011-05,1,486.99,269,-4,0
17505,2011-07,1,658.85,287,-2,0
17506,2011-09,1,302.2,139,0,0
17507,2011-02,1,340.56,222,-7,0
17507,2011-03,1,265.02,137,-6,0
17508,2011-03,1,387.31,289,-6,0
17509,2011-10,8,6083.64,3512,1,C
17510,2011-11,1,308.48,214,2,0
17511,2010-12,3,6711.08,6426,-9,C
17511,2011-01,1,3862.14,1914,-8,0
17511,2011-02,2,7783.64,5819,-7,C
17511,2011-03,3,7238.58,4795,-6,C
17511,2011-04,3,2941.8,1868,-5,C
17511,2011-05,3,7213.16,4014,-4,C
17511,2011-06,1,4415.4400000000005,3007,-3,0
17511,2011-07,2,7590.01,4739,-2,C
17511,2011-08,2,8419.62,5509,-1,C
17511,2011-09,3,8229.92,6062,0,C
17511,2011-10,3,5755.45,3300,1,C
17511,2011-11,3,13522.22,9881,2,C
17511,2011-12,2,7379.32,7215,3,C
17512,2011-02,3,651.21,579,-7,C
17512,2011-03,1,441.81,315,-6,0
17512,2011-05,2,209.4,348,-4,C
17512,2011-07,1,238.9,290,-2,0
17512,2011-08,1,350.58,302,-1,0
17512,2011-10,1,581.41,407,1,0
17512,2011-11,1,451.68,512,2,0
17513,2011-09,1,513.2,254,0,0
17514,2011-08,1,208.65,135,-1,0
17515,2011-01,1,231.48,93,-8,0
17515,2011-03,1,200.7,59,-6,0
17515,2011-05,1,139.19,68,-4,0
17515,2011-11,1,67.65,23,2,0
17516,2011-02,2,324.63,213,-7,C
17516,2011-05,1,127.38,94,-4,0
17516,2011-08,1,153.64,66,-1,0
17516,2011-11,1,159.23,41,2,0
17517,2011-02,1,153.94,102,-7,0
17519,2010-12,1,335.3,184,-9,0
17519,2011-03,1,313.45,295,-6,0
17519,2011-05,1,306.85,87,-4,0
17519,2011-06,1,200.5,146,-3,0
17519,2011-07,1,331.90000000000003,330,-2,0
17519,2011-11,1,356.02,194,2,0
17520,2011-10,1,546.81,365,1,0
17521,2011-05,1,159.56,116,-4,0
17521,2011-10,1,338.19,217,1,0
17521,2011-11,1,225.46,186,2,0
17522,2011-05,2,248.42,210,-4,C
17522,2011-06,1,539.12,539,-3,0
17522,2011-07,1,124.71,183,-2,0
17522,2011-12,1,158.45999999999998,102,3,0
17523,2011-11,4,652.74,872,2,C
17524,2010-12,1,145.0,90,-9,0
17525,2010-12,1,422.70000000000005,82,-9,0
17526,2010-12,2,238.6,44,-9,C
17526,2011-02,1,634.2,96,-7,0
17526,2011-12,1,323.1,170,3,0
17527,2011-05,1,292.11,57,-4,0
17527,2011-08,1,314.51,149,-1,0
17527,2011-09,1,181.6,233,0,0
17527,2011-10,1,151.15,49,1,0
17528,2011-09,2,1107.08,768,0,C
17528,2011-10,3,1404.66,744,1,C
17528,2011-11,2,916.26,428,2,C
17528,2011-12,1,200.5,198,3,0
17530,2010-12,1,300.64,194,-9,0
17530,2011-02,1,344.69,200,-7,0
17530,2011-04,3,473.03999999999996,266,-5,C
17530,2011-05,1,246.89,132,-4,0
17530,2011-09,1,395.55,341,0,0
17530,2011-10,1,218.83,115,1,0
17530,2011-11,1,172.45,98,2,0
17530,2011-12,1,215.03,168,3,0
17531,2011-06,1,296.7,136,-3,0
17534,2011-10,1,223.36,103,1,0
17535,2011-03,1,164.4,136,-6,0
17536,2011-06,1,76.5,6,-3,0
17537,2011-02,1,620.75,369,-7,0
17537,2011-11,1,266.92,330,2,0
17538,2011-11,1,98.42,134,2,0
17540,2011-01,1,268.8,64,-8,0
17540,2011-11,1,310.1,130,2,0
17542,2011-03,1,170.75,134,-6,0
17545,2011-10,3,642.32,337,1,C
17548,2011-04,1,103.3,58,-5,0
17549,2011-10,1,28.2,60,1,0
17549,2011-11,1,120.66,150,2,0
17550,2011-04,1,156.22,59,-5,0
17550,2011-05,2,110.94,27,-4,C
17551,2010-12,1,290.34,142,-9,0
17552,2010-12,2,298.52,144,-9,C
17552,2011-09,1,615.39,565,0,0
17552,2011-10,1,16.5,10,1,0
17553,2011-08,1,1487.6,1048,-1,0
17554,2011-07,1,772.43,747,-2,0
17554,2011-08,1,477.46000000000004,662,-1,0
17554,2011-10,1,210.14,120,1,0
17554,2011-11,1,254.12,156,2,0
17554,2011-12,1,238.3,78,3,0
17555,2011-01,1,195.45,156,-8,0
17555,2011-11,1,284.86,192,2,0
17556,2011-05,1,157.9,101,-4,0
17557,2011-09,1,288.36,147,0,0
17557,2011-10,1,150.8,45,1,0
17557,2011-11,1,102.3,114,2,0
17560,2011-02,1,162.1,142,-7,0
17560,2011-05,1,323.95,137,-4,0
17560,2011-07,1,219.78,164,-2,0
17560,2011-09,1,149.12,192,0,0
17561,2011-11,1,165.12,144,2,0
17562,2011-06,1,300.1,366,-3,0
17562,2011-07,1,109.0,90,-2,0
17562,2011-08,2,252.0,145,-1,C
17562,2011-09,1,191.78,74,0,0
17562,2011-10,1,103.80000000000001,46,1,0
17562,2011-11,1,165.70000000000002,96,2,0
17564,2011-09,1,119.12,30,0,0
17564,2011-10,1,124.34,43,1,0
17564,2011-11,1,210.55,73,2,0
17566,2011-11,1,394.82,277,2,0
17566,2011-12,1,474.95,220,3,0
17567,2010-12,1,517.95,244,-9,0
17567,2011-02,1,424.85,210,-7,0
17567,2011-03,1,535.38,348,-6,0
17567,2011-04,1,395.78999999999996,207,-5,0
17567,2011-07,1,461.08,364,-2,0
17567,2011-09,1,590.4,388,0,0
17567,2011-10,1,988.03,567,1,0
17567,2011-12,1,418.0,304,3,0
17569,2011-01,1,344.14,159,-8,0
17571,2011-02,1,282.7,177,-7,0
17571,2011-03,1,75.6,72,-6,0
17571,2011-07,1,201.25,236,-2,0
17571,2011-10,1,866.12,391,1,0
17572,2010-12,1,70.80000000000001,24,-9,0
17572,2011-04,1,81.4,32,-5,0
17572,2011-09,2,74.55,39,0,C
17573,2011-09,2,182.21,183,0,C
17573,2011-11,1,198.39000000000001,125,2,0
17574,2011-04,1,185.65,77,-5,0
17576,2010-12,2,297.0,130,-9,C
17576,2011-01,2,140.07,65,-8,C
17576,2011-02,1,147.20000000000002,122,-7,0
17576,2011-03,2,334.14,262,-6,C
17576,2011-04,1,337.02,181,-5,0
17576,2011-05,1,147.15,89,-4,0
17576,2011-06,1,294.86,196,-3,0
17576,2011-07,1,263.38,164,-2,0
17576,2011-08,2,179.88,81,-1,C
17576,2011-09,3,588.85,312,0,C
17576,2011-10,1,317.0,165,1,0
17576,2011-11,1,132.53,53,2,0
17576,2011-12,1,385.75,147,3,0
17578,2011-05,1,143.45999999999998,138,-4,0
17579,2011-06,1,164.41,91,-3,0
17579,2011-07,1,106.45000000000002,39,-2,0
17579,2011-12,1,178.04,128,3,0
17580,2010-12,1,46.85,11,-9,0
17580,2011-01,1,121.17,71,-8,0
17580,2011-04,1,47.7,6,-5,0
17581,2010-12,2,786.78,441,-9,C
17581,2011-01,1,448.95,230,-8,0
17581,2011-03,3,829.25,376,-6,C
17581,2011-05,4,1354.58,532,-4,C
17581,2011-06,3,1323.93,649,-3,C
17581,2011-07,2,361.34,421,-2,C
17581,2011-08,2,1417.46,846,-1,C
17581,2011-09,2,1835.98,906,0,C
17581,2011-11,3,1682.29,998,2,C
17581,2011-12,3,984.68,516,3,C
17582,2011-04,1,175.27,123,-5,0
17584,2011-08,1,749.45,245,-1,0
17584,2011-12,1,492.85,213,3,0
17585,2011-01,1,417.81,571,-8,0
17585,2011-03,1,103.72,82,-6,0
17585,2011-06,1,280.74,380,-3,0
17585,2011-08,1,314.40999999999997,617,-1,0
17588,2011-04,1,397.20000000000005,56,-5,0
17588,2011-06,1,305.04,204,-3,0
17588,2011-08,1,537.96,416,-1,0
17589,2011-04,1,590.77,446,-5,0
17589,2011-06,1,620.65,372,-3,0
17589,2011-07,1,631.65,489,-2,0
17589,2011-10,1,561.1,324,1,0
17590,2011-10,1,349.38,205,1,0
17590,2011-11,1,797.71,473,2,0
17590,2011-12,1,320.93,144,3,0
17591,2010-12,1,384.3,124,-9,0
17591,2011-01,1,309.43,151,-8,0
17591,2011-02,1,151.68,61,-7,0
17591,2011-03,1,326.04,252,-6,0
17591,2011-05,1,455.82000000000005,228,-4,0
17591,2011-08,1,213.6,60,-1,0
17591,2011-09,1,362.8,124,0,0
17593,2010-12,1,662.9,374,-9,0
17593,2011-06,1,849.36,417,-3,0
17593,2011-07,1,747.78,676,-2,0
17593,2011-09,1,985.62,782,0,0
17593,2011-12,1,678.2,840,3,0
17594,2011-03,1,315.0,220,-6,0
17594,2011-09,1,678.18,330,0,0
17595,2011-11,2,386.69,228,2,C
17596,2010-12,1,390.97,529,-9,0
17596,2011-04,1,354.29,729,-5,0
17596,2011-06,1,541.95,818,-3,0
17596,2011-07,1,449.87,770,-2,0
17596,2011-10,2,774.44,1071,1,C
17596,2011-11,1,295.17,459,2,0
17597,2011-05,1,2044.3700000000001,1176,-4,0
17600,2011-11,1,161.67000000000002,144,2,0
17601,2011-04,1,116.00999999999999,103,-5,0
17602,2011-01,1,767.0500000000001,799,-8,0
17602,2011-08,1,142.5,102,-1,0
17602,2011-09,1,1224.64,889,0,0
17602,2011-10,1,1062.18,785,1,0
17602,2011-11,1,769.36,639,2,0
17602,2011-12,1,1088.69,902,3,0
17603,2011-09,1,394.72,74,0,0
17604,2011-01,1,136.24,54,-8,0
17604,2011-05,1,173.12,115,-4,0
17608,2011-11,2,191.99,229,2,C
17609,2011-01,1,423.6,221,-8,0
17609,2011-02,1,107.65,46,-7,0
17609,2011-09,1,213.35,86,0,0
17609,2011-10,2,361.18,366,1,C
17611,2010-12,1,244.19,129,-9,0
17611,2011-01,2,808.98,600,-8,C
17611,2011-03,1,365.37,367,-6,0
17611,2011-04,1,282.4,141,-5,0
17611,2011-05,1,297.9,174,-4,0
17611,2011-06,1,114.88,43,-3,0
17611,2011-07,1,285.83,137,-2,0
17611,2011-08,1,301.59999999999997,270,-1,0
17611,2011-09,1,292.47,167,0,0
17611,2011-10,1,118.9,42,1,0
17611,2011-11,2,542.55,349,2,C
17611,2011-12,2,306.05,131,3,C
17612,2011-02,1,305.46,178,-7,0
17612,2011-05,1,360.29,309,-4,0
17612,2011-07,1,366.31,261,-2,0
17612,2011-08,1,306.81,286,-1,0
17612,2011-09,1,344.07,307,0,0
17612,2011-10,1,365.51,467,1,0
17613,2011-02,2,897.51,507,-7,C
17613,2011-03,1,493.11,441,-6,0
17613,2011-04,2,666.15,292,-5,C
17613,2011-05,2,455.64,220,-4,C
17613,2011-06,1,308.35,145,-3,0
17613,2011-08,1,155.93,62,-1,0
17613,2011-09,1,789.84,376,0,0
17613,2011-10,2,481.12,284,1,C
17613,2011-11,2,296.90000000000003,163,2,C
17614,2011-10,1,386.32,235,1,0
17615,2011-05,2,272.3,110,-4,C
17615,2011-08,1,57.3,30,-1,0
17616,2010-12,1,326.4,128,-9,0
17616,2011-03,1,81.6,32,-6,0
17616,2011-06,1,163.2,64,-3,0
17618,2010-12,1,278.98,149,-9,0
17618,2011-04,1,346.5,86,-5,0
17618,2011-12,1,304.8,84,3,0
17619,2011-01,1,214.37,124,-8,0
17620,2011-10,1,81.44,60,1,0
17621,2010-12,1,239.4,92,-9,0
17621,2011-01,1,662.38,218,-8,0
17621,2011-11,1,478.12,204,2,0
17623,2011-11,1,527.0500000000001,265,2,0
17624,2011-05,1,400.3,312,-4,0
17624,2011-11,1,443.18,242,2,0
17625,2011-03,1,542.03,373,-6,0
17625,2011-07,1,685.1,465,-2,0
17625,2011-10,1,381.92,149,1,0
17625,2011-11,1,411.35,193,2,0
17628,2011-09,1,75.75,79,0,0
17629,2010-12,1,238.65,115,-9,0
17629,2011-04,1,266.36,219,-5,0
17629,2011-05,1,101.17999999999999,110,-4,0
17629,2011-06,1,108.94,190,-3,0
17629,2011-08,1,83.25,31,-1,0
17629,2011-10,1,593.79,372,1,0
17629,2011-11,1,82.5,298,2,0
17629,2011-12,1,339.45,294,3,0
17630,2011-04,1,335.5,112,-5,0
17630,2011-06,1,168.1,46,-3,0
17631,2011-04,1,302.55,92,-5,0
17631,2011-07,1,113.95,93,-2,0
17631,2011-12,1,111.83,149,3,0
17633,2011-08,2,648.61,275,-1,C
17633,2011-09,1,355.89,223,0,0
17633,2011-11,1,320.34000000000003,146,2,0
17634,2011-01,1,785.65,165,-8,0
17634,2011-03,1,451.66,123,-6,0
17634,2011-04,1,164.75,33,-5,0
17634,2011-05,2,409.23,134,-4,C
17634,2011-08,1,105.99000000000001,130,-1,0
17634,2011-09,1,159.79,65,0,0
17634,2011-10,1,147.86,84,1,0
17634,2011-11,1,133.66,104,2,0
17636,2011-11,1,285.56,182,2,0
17637,2011-08,1,338.95,215,-1,0
17637,2011-11,1,208.11,65,2,0
17639,2011-03,1,108.5,49,-6,0
17640,2011-09,1,621.66,250,0,0
17642,2011-06,1,395.3,284,-3,0
17642,2011-08,1,316.99,190,-1,0
17643,2010-12,1,101.55,71,-9,0
17644,2011-03,1,442.47,253,-6,0
17644,2011-05,2,479.3,259,-4,C
17644,2011-06,1,32.55,15,-3,0
17644,2011-07,2,356.45,159,-2,C
17644,2011-08,1,314.86,212,-1,0
17644,2011-09,1,507.04,454,0,0
17644,2011-11,2,430.21000000000004,185,2,C
17644,2011-12,1,332.76,256,3,0
17646,2010-12,1,251.0,110,-9,0
17646,2011-03,1,345.85,85,-6,0
17646,2011-05,1,411.54,128,-4,0
17647,2011-10,1,133.06,30,1,0
17648,2011-04,1,583.87,169,-5,0
17648,2011-05,2,523.52,120,-4,C
17648,2011-10,1,690.11,198,1,0
17649,2011-07,1,868.49,399,-2,0
17650,2011-11,1,166.08,150,2,0
17651,2011-06,2,705.0,475,-3,C
17651,2011-07,2,443.01,207,-2,C
17651,2011-09,1,652.85,408,0,0
17651,2011-10,3,1548.91,1681,1,C
17651,2011-11,2,595.23,341,2,C
17652,2011-03,1,222.3,98,-6,0
17652,2011-04,1,409.94,312,-5,0
17652,2011-06,3,1717.19,855,-3,C
17652,2011-07,1,364.14,204,-2,0
17652,2011-09,1,488.45000000000005,189,0,0
17652,2011-10,3,1216.26,602,1,C
17652,2011-11,2,449.44000000000005,249,2,C
17653,2011-08,1,163.24,297,-1,0
17653,2011-09,1,180.1,390,0,0
17653,2011-11,2,864.22,722,2,C
17654,2011-03,1,117.55,41,-6,0
17655,2010-12,1,676.1,274,-9,0
17655,2011-02,2,620.6,408,-7,C
17655,2011-05,1,306.0,46,-4,0
17655,2011-08,1,300.63,105,-1,0
17655,2011-10,1,287.87,125,1,0
17655,2011-11,1,447.74,158,2,0
17656,2011-08,3,927.65,463,-1,C
17656,2011-09,2,747.04,936,0,C
17658,2011-05,1,317.59999999999997,216,-4,0
17658,2011-11,1,277.82,400,2,0
17659,2010-12,2,359.95,85,-9,C
17659,2011-02,1,115.0,28,-7,0
17659,2011-05,1,595.29,451,-4,0
17659,2011-06,2,72.63,33,-3,C
17659,2011-08,3,510.15999999999997,224,-1,C
17659,2011-10,1,308.86,160,1,0
17659,2011-11,2,1037.57,544,2,C
17660,2011-07,1,178.75,121,-2,0
17663,2011-02,1,371.39,179,-7,0
17663,2011-04,1,188.87,81,-5,0
17663,2011-05,1,230.55,85,-4,0
17663,2011-07,1,225.72,80,-2,0
17663,2011-09,1,271.28000000000003,170,0,0
17663,2011-11,2,515.1,202,2,C
17664,2011-05,1,326.19,409,-4,0
17664,2011-11,1,278.45,195,2,0
17666,2011-10,1,409.08,356,1,0
17666,2011-12,1,319.08000000000004,240,3,0
17667,2011-02,1,928.05,483,-7,0
17667,2011-05,2,428.62,238,-4,C
17667,2011-07,1,394.34000000000003,182,-2,0
17667,2011-10,1,304.5,130,1,0
17668,2011-11,1,161.85,31,2,0
17668,2011-12,1,185.89999999999998,62,3,0
17669,2011-04,2,991.5,554,-5,C
17669,2011-05,1,619.5,338,-4,0
17669,2011-06,1,453.72,300,-3,0
17669,2011-08,1,368.5,206,-1,0
17669,2011-09,1,761.5,398,0,0
17669,2011-10,1,212.0,120,1,0
17670,2011-04,1,205.7,110,-5,0
17671,2010-12,1,394.18,190,-9,0
17671,2011-05,1,392.54999999999995,121,-4,0
17671,2011-07,1,311.82,213,-2,0
17671,2011-11,1,474.16,248,2,0
17672,2011-02,1,1177.8400000000001,643,-7,0
17672,2011-10,1,2000.33,1047,1,0
17673,2011-01,1,402.41999999999996,453,-8,0
17673,2011-03,1,343.49,277,-6,0
17673,2011-06,2,429.71,332,-3,C
17673,2011-10,1,306.88,307,1,0
17673,2011-12,1,112.47,93,3,0
17674,2010-12,1,300.66,349,-9,0
17674,2011-09,1,250.38,323,0,0
17675,2010-12,2,1019.12,388,-9,C
17675,2011-01,1,969.36,408,-8,0
17675,2011-02,3,1658.26,558,-7,C
17675,2011-03,2,1162.55,444,-6,C
17675,2011-04,2,1505.56,630,-5,C
17675,2011-05,2,1191.3,438,-4,C
17675,2011-06,3,1278.27,469,-3,C
17675,2011-07,3,2312.46,883,-2,C
17675,2011-08,5,2977.31,1337,-1,C
17675,2011-09,2,1050.98,408,0,C
17675,2011-10,1,764.32,334,1,0
17675,2011-11,3,3235.21,1541,2,C
17675,2011-12,2,1249.58,522,3,C
17676,2010-12,1,300.7,158,-9,0
17676,2011-08,3,430.14,310,-1,C
17676,2011-10,1,292.74,238,1,0
17676,2011-12,1,347.6,216,3,0
17677,2010-12,4,1616.6000000000001,1012,-9,C
17677,2011-01,1,500.09999999999997,196,-8,0
17677,2011-02,1,594.4,419,-7,0
17677,2011-03,2,1408.7,901,-6,C
17677,2011-04,1,310.0,200,-5,0
17677,2011-05,2,1815.28,996,-4,C
17677,2011-06,3,1075.41,658,-3,C
17677,2011-07,3,1729.3500000000001,1031,-2,C
17677,2011-08,3,2616.66,1632,-1,C
17677,2011-09,2,1036.68,581,0,C
17677,2011-10,4,1878.08,986,1,C
17677,2011-11,2,1059.96,704,2,C
17677,2011-12,2,704.16,456,3,C
17678,2011-03,1,298.11,207,-6,0
17679,2011-09,1,1643.2,678,0,0
17679,2011-10,1,348.91,51,1,0
17680,2011-11,1,184.4,96,2,0
17682,2010-12,1,391.5,210,-9,0
17682,2011-04,1,365.79,185,-5,0
17682,2011-05,1,350.12,180,-4,0
17682,2011-07,1,362.82,166,-2,0
17682,2011-08,1,429.12,248,-1,0
17682,2011-11,1,574.98,378,2,0
17684,2011-10,1,239.41,145,1,0
17685,2010-12,2,463.02,356,-9,C
17685,2011-01,1,361.5,210,-8,0
17685,2011-02,1,361.70000000000005,126,-7,0
17685,2011-03,1,326.5,196,-6,0
17685,2011-09,1,1250.71,812,0,0
17685,2011-11,1,392.40000000000003,207,2,0
17686,2011-02,1,1592.61,616,-7,0
17686,2011-05,3,1444.14,607,-4,C
17686,2011-08,1,1552.6,737,-1,0
17686,2011-09,1,520.74,223,0,0
17686,2011-12,1,629.37,295,3,0
17690,2010-12,4,687.9000000000001,242,-9,C
17690,2011-01,1,882.75,304,-8,0
17690,2011-03,1,94.65,39,-6,0
17690,2011-04,1,311.6,88,-5,0
17690,2011-05,1,142.65,71,-4,0
17690,2011-06,2,913.23,291,-3,C
17690,2011-08,1,462.75,215,-1,0
17690,2011-10,2,457.64,154,1,C
17690,2011-11,2,773.63,365,2,C
17691,2010-12,2,290.40000000000003,134,-9,C
17692,2010-12,1,343.26,384,-9,0
17692,2011-02,1,110.7,66,-7,0
17692,2011-04,1,169.5,114,-5,0
17692,2011-08,1,117.47999999999999,108,-1,0
17693,2011-07,1,200.47,231,-2,0
17694,2011-07,1,283.12,184,-2,0
17695,2011-06,1,353.6,358,-3,0
17695,2011-07,1,411.74,421,-2,0
17696,2010-12,2,175.6,88,-9,C
17696,2011-03,1,318.24,301,-6,0
17696,2011-06,1,343.75,157,-3,0
17696,2011-07,2,802.1800000000001,455,-2,C
17696,2011-08,1,275.82,322,-1,0
17696,2011-11,1,370.12,433,2,0
17697,2011-04,1,338.95,93,-5,0
17698,2011-03,1,154.95,93,-6,0
17700,2011-03,1,602.61,319,-6,0
17700,2011-05,1,522.96,180,-4,0
17700,2011-09,1,556.26,326,0,0
17700,2011-11,1,852.8100000000001,441,2,0
17701,2011-04,1,417.95,109,-5,0
17702,2011-05,1,439.8,484,-4,0
17702,2011-06,1,335.33,177,-3,0
17702,2011-08,1,563.64,390,-1,0
17702,2011-11,1,485.6,302,2,0
17703,2011-07,1,229.14,178,-2,0
17703,2011-08,1,261.82,198,-1,0
17703,2011-11,1,307.78,214,2,0
17704,2011-04,1,387.29,175,-5,0
17704,2011-06,1,497.90000000000003,168,-3,0
17705,2011-02,1,136.3,88,-7,0
17705,2011-03,1,114.0,76,-6,0
17705,2011-05,1,107.0,65,-4,0
17705,2011-07,2,302.5,188,-2,C
17705,2011-08,1,308.2,134,-1,0
17705,2011-09,1,223.92,166,0,0
17705,2011-11,1,413.6,172,2,0
17705,2011-12,1,218.0,74,3,0
17706,2010-12,3,477.83,225,-9,C
17706,2011-02,1,411.02,202,-7,0
17706,2011-06,2,2964.59,1065,-3,C
17706,2011-07,3,2665.36,1110,-2,C
17706,2011-08,3,1508.7,447,-1,C
17706,2011-10,4,1701.15,528,1,C
17706,2011-12,1,775.84,322,3,0
17707,2011-01,1,83.7,78,-8,0
17707,2011-06,1,68.7,66,-3,0
17708,2011-01,1,106.85,32,-8,0
17708,2011-06,1,156.48,58,-3,0
17709,2011-06,1,137.45,17,-3,0
17711,2011-02,1,220.53000000000003,107,-7,0
17711,2011-11,1,164.57,139,2,0
17712,2011-10,1,522.91,215,1,0
17714,2011-01,1,153.0,92,-8,0
17715,2011-05,1,326.4,384,-4,0
17716,2011-03,1,665.46,435,-6,0
17716,2011-04,1,786.16,386,-5,0
17716,2011-06,1,1175.32,626,-3,0
17716,2011-08,1,809.82,492,-1,0
17716,2011-09,5,1565.55,839,0,C
17716,2011-11,2,653.6800000000001,294,2,C
17718,2011-04,1,139.35,83,-5,0
17719,2011-03,1,579.83,437,-6,0
17719,2011-04,2,781.38,612,-5,C
17719,2011-05,1,304.4,130,-4,0
17719,2011-06,2,617.25,235,-3,C
17719,2011-07,2,614.68,180,-2,C
17719,2011-08,4,1579.86,524,-1,C
17719,2011-09,2,611.5,238,0,C
17719,2011-11,1,307.14,110,2,0
17720,2010-12,1,102.0,24,-9,0
17720,2011-04,1,430.38,178,-5,0
17720,2011-08,1,355.21999999999997,216,-1,0
17720,2011-11,1,308.34,158,2,0
17722,2010-12,1,910.14,525,-9,0
17722,2011-01,1,833.44,808,-8,0
17722,2011-06,1,357.3,90,-3,0
17722,2011-09,1,323.16,172,0,0
17723,2011-05,2,746.8000000000001,184,-4,C
17723,2011-06,2,1077.1,258,-3,C
17723,2011-07,1,830.0000000000001,200,-2,0
17723,2011-08,1,622.5,150,-1,0
17724,2011-07,1,373.1,78,-2,0
17724,2011-09,2,659.9,222,0,C
17725,2011-03,1,337.71000000000004,173,-6,0
17725,2011-04,2,617.45,311,-5,C
17725,2011-05,1,314.47,201,-4,0
17725,2011-06,1,310.48,274,-3,0
17725,2011-07,1,307.5,208,-2,0
17725,2011-08,2,619.51,443,-1,C
17725,2011-09,1,333.96,172,0,0
17725,2011-10,1,278.67,213,1,0
17725,2011-11,1,319.33,167,2,0
17727,2011-11,1,1060.25,645,2,0
17728,2011-09,1,345.03000000000003,129,0,0
17728,2011-10,1,1943.1299999999999,1019,1,0
17728,2011-12,1,587.85,321,3,0
17730,2011-01,1,311.48,262,-8,0
17730,2011-02,1,375.56,180,-7,0
17730,2011-03,1,411.18,158,-6,0
17730,2011-04,1,347.17,296,-5,0
17730,2011-06,2,928.22,763,-3,C
17730,2011-08,2,682.1600000000001,493,-1,C
17730,2011-09,1,491.56,364,0,0
17730,2011-10,2,763.4399999999999,388,1,C
17730,2011-11,1,325.01,211,2,0
17730,2011-12,1,662.7,461,3,0
17731,2011-06,2,662.5699999999999,181,-3,C
17731,2011-08,1,301.17,169,-1,0
17731,2011-09,1,276.37,143,0,0
17732,2010-12,1,303.97,93,-9,0
17733,2011-03,1,216.95000000000002,87,-6,0
17733,2011-11,1,475.24,376,2,0
17734,2011-04,1,112.97999999999999,66,-5,0
17734,2011-07,1,427.23,277,-2,0
17734,2011-10,1,160.42,79,1,0
17735,2010-12,1,454.6,218,-9,0
17735,2011-01,1,594.04,314,-8,0
17735,2011-02,1,847.38,508,-7,0
17735,2011-03,1,652.52,626,-6,0
17735,2011-04,3,1908.18,1232,-5,C
17735,2011-05,1,562.29,335,-4,0
17735,2011-06,3,1804.03,1227,-3,C
17735,2011-07,2,1490.99,876,-2,C
17735,2011-08,2,1905.96,1027,-1,C
17735,2011-09,1,871.25,454,0,0
17735,2011-10,1,562.47,263,1,0
17735,2011-11,1,562.71,343,2,0
17735,2011-12,1,893.6,1016,3,0
17736,2011-08,1,307.49,213,-1,0
17736,2011-10,1,39.95,1,1,0
17736,2011-11,1,30.0,24,2,0
17737,2011-10,1,87.39,57,1,0
17737,2011-11,1,80.85000000000001,51,2,0
17738,2011-03,1,779.92,292,-6,0
17738,2011-07,2,791.57,419,-2,C
17738,2011-11,1,307.56,318,2,0
17739,2010-12,1,360.06,90,-9,0
17739,2011-01,1,322.53000000000003,163,-8,0
17739,2011-05,1,388.18,158,-4,0
17739,2011-09,1,542.16,120,0,0
17739,2011-10,1,434.65000000000003,87,1,0
17739,2011-11,2,743.77,243,2,C
17742,2011-01,1,302.57,71,-8,0
17742,2011-08,1,52.54,18,-1,0
17744,2010-12,1,377.52,544,-9,0
17744,2011-01,2,630.88,778,-8,C
17744,2011-04,1,280.56,364,-5,0
17744,2011-11,1,303.06,574,2,0
17744,2011-12,1,730.38,1152,3,0
17746,2011-04,1,110.25,29,-5,0
17747,2011-08,1,71.4,12,-1,0
17749,2011-03,1,369.01,257,-6,0
17749,2011-06,1,305.51,63,-3,0
17750,2011-06,1,288.08,407,-3,0
17750,2011-07,2,494.09999999999997,1250,-2,C
17750,2011-08,1,230.58,481,-1,0
17750,2011-09,2,321.37,727,0,C
17750,2011-10,1,142.04,326,1,0
17750,2011-11,1,131.04,312,2,0
17750,2011-12,1,103.24,244,3,0
17752,2010-12,1,80.64,192,-9,0
17754,2011-03,1,264.24,348,-6,0
17754,2011-07,1,310.82,496,-2,0
17754,2011-10,1,374.5,210,1,0
17754,2011-11,1,523.46,381,2,0
17754,2011-12,1,191.63,381,3,0
17757,2010-12,4,565.8000000000001,251,-9,C
17757,2011-01,2,278.95,144,-8,C
17757,2011-02,2,295.2,137,-7,C
17757,2011-03,3,646.17,488,-6,C
17757,2011-04,1,191.86,82,-5,0
17757,2011-05,2,329.02,194,-4,C
17757,2011-06,3,489.06,212,-3,C
17757,2011-07,1,150.75,64,-2,0
17757,2011-08,2,361.74,229,-1,C
17757,2011-09,2,414.97,242,0,C
17757,2011-10,1,225.6,200,1,0
17757,2011-11,5,1227.72,878,2,C
17757,2011-12,2,416.55,197,3,C
17758,2011-04,1,583.79,407,-5,0
17758,2011-05,2,468.09000000000003,257,-4,C
17758,2011-07,1,381.37,242,-2,0
17758,2011-09,1,659.23,339,0,0
17758,2011-10,1,632.01,431,1,0
17758,2011-11,2,683.71,378,2,C
17759,2011-06,2,167.15,77,-3,C
17759,2011-11,1,652.8100000000001,620,2,0
17760,2010-12,1,172.54,165,-9,0
17760,2011-11,1,115.05,74,2,0
17761,2011-11,1,712.78,398,2,0
17763,2011-03,1,15.0,12,-6,0
17764,2011-05,1,230.67000000000002,113,-4,0
17764,2011-10,1,541.88,238,1,0
17765,2011-03,1,121.25,44,-6,0
17765,2011-05,1,137.05,59,-4,0
17765,2011-07,1,109.33,40,-2,0
17767,2011-11,1,271.2,128,2,0
17768,2011-06,1,385.83,123,-3,0
17768,2011-11,1,893.62,632,2,0
17768,2011-12,1,802.45,367,3,0
17769,2011-01,1,370.41,198,-8,0
17769,2011-03,1,506.35,344,-6,0
17769,2011-06,1,621.27,299,-3,0
17769,2011-07,1,319.85,228,-2,0
17769,2011-10,2,814.76,265,1,C
17769,2011-11,4,1324.79,516,2,C
17770,2011-03,2,864.77,263,-6,C
17770,2011-05,3,278.5,102,-4,C
17771,2011-01,1,115.8,110,-8,0
17771,2011-10,1,130.01,177,1,0
17772,2011-11,2,173.45,55,2,C
17774,2011-02,1,219.98999999999998,89,-7,0
17774,2011-04,1,375.0,123,-5,0
17774,2011-07,1,383.2,215,-2,0
17774,2011-09,1,235.54,81,0,0
17775,2011-03,1,56.4,72,-6,0
17777,2011-08,1,189.79999999999998,161,-1,0
17777,2011-10,1,242.85,160,1,0
17777,2011-11,1,214.91,180,2,0
17779,2011-07,1,323.09,248,-2,0
17779,2011-09,1,158.17,101,0,0
17779,2011-11,1,169.06,47,2,0
17781,2011-03,1,102.0,8,-6,0
17781,2011-07,1,86.02,26,-2,0
17783,2011-04,1,112.41,53,-5,0
17783,2011-09,1,171.06,301,0,0
17785,2011-10,1,131.94,67,1,0
17786,2011-01,1,103.35,52,-8,0
17786,2011-09,1,163.5,143,0,0
17787,2010-12,1,736.28,356,-9,0
17787,2011-01,1,482.26,249,-8,0
17787,2011-02,1,449.98,224,-7,0
17787,2011-07,1,149.02,67,-2,0
17788,2011-08,1,16.7,3,-1,0
17788,2011-09,1,1101.2,208,0,0
17789,2011-03,1,225.9,74,-6,0
17790,2010-12,5,399.55,180,-9,C
17790,2011-02,1,116.8,54,-7,0
17790,2011-04,1,107.07000000000001,39,-5,0
17790,2011-05,2,273.59000000000003,104,-4,C
17790,2011-07,2,261.28,146,-2,C
17790,2011-08,1,205.22,72,-1,0
17790,2011-10,1,327.28000000000003,128,1,0
17790,2011-11,1,273.51,112,2,0
17791,2011-11,1,106.1,46,2,0
17793,2011-11,1,300.34,226,2,0
17795,2011-03,1,155.69,155,-6,0
17795,2011-06,1,187.14000000000001,150,-3,0
17796,2010-12,1,114.65,28,-9,0
17796,2011-01,2,499.45,130,-8,C
17796,2011-10,1,75.9,18,1,0
17797,2011-06,1,272.41,249,-3,0
17797,2011-11,2,508.02,249,2,C
17799,2010-12,1,223.48,133,-9,0
17799,2011-01,2,787.23,398,-8,C
17799,2011-03,2,264.76,133,-6,C
17799,2011-04,1,111.75999999999999,87,-5,0
17799,2011-06,2,741.1,343,-3,C
17799,2011-09,1,386.65999999999997,250,0,0
17799,2011-11,1,524.18,409,2,0
17800,2011-01,1,136.05,98,-8,0
17800,2011-03,1,103.65,69,-6,0
17800,2011-05,1,115.15,55,-4,0
17800,2011-07,2,240.65,152,-2,C
17800,2011-08,1,169.8,77,-1,0
17800,2011-09,1,139.5,109,0,0
17800,2011-10,1,155.11,106,1,0
17800,2011-11,1,127.30000000000001,66,2,0
17802,2010-12,1,100.2,75,-9,0
17802,2011-06,1,532.22,332,-3,0
17802,2011-09,1,652.62,345,0,0
17805,2011-09,1,512.31,478,0,0
17806,2011-11,1,546.04,727,2,0
17809,2010-12,3,1251.5,358,-9,C
17809,2011-02,1,610.2,84,-7,0
17809,2011-04,1,270.0,40,-5,0
17809,2011-05,1,519.0,100,-4,0
17809,2011-06,1,90.0,72,-3,0
17809,2011-08,1,116.01,89,-1,0
17809,2011-10,2,2118.8,1086,1,C
17809,2011-11,2,436.4,228,2,C
17811,2011-01,3,632.22,369,-8,C
17811,2011-02,5,1986.45,728,-7,C
17811,2011-03,4,508.21000000000004,278,-6,C
17811,2011-04,2,230.93,99,-5,C
17811,2011-05,3,530.82,264,-4,C
17811,2011-06,2,271.81,174,-3,C
17811,2011-07,2,261.61,182,-2,C
17811,2011-08,2,229.36,127,-1,C
17811,2011-09,4,542.9,279,0,C
17811,2011-10,4,830.4399999999999,490,1,C
17811,2011-11,6,1416.69,1000,2,C
17811,2011-12,2,320.38,156,3,C
17812,2010-12,1,193.29999999999998,127,-9,0
17812,2011-11,3,506.51,202,2,C
17813,2011-09,1,306.61,67,0,0
17813,2011-10,2,976.87,560,1,C
17813,2011-11,2,414.59,125,2,C
17816,2010-12,1,16.21,16,-9,0
17816,2011-03,1,5.1,6,-6,0
17816,2011-10,1,9.01,5,1,0
17816,2011-11,1,6.24,3,2,0
17817,2011-03,2,269.7,26,-6,C
17817,2011-12,1,117.97999999999999,41,3,0
17819,2010-12,2,980.1199999999999,274,-9,C
17819,2011-02,1,855.9999999999999,264,-7,0
17819,2011-04,1,189.83999999999997,24,-5,0
17819,2011-05,1,843.0600000000001,314,-4,0
17819,2011-06,1,599.4499999999999,115,-3,0
17819,2011-09,1,236.39999999999998,40,0,0
17824,2011-10,1,298.4,408,1,0
17827,2010-12,3,1270.96,741,-9,C
17827,2011-04,1,309.51,216,-5,0
17827,2011-12,1,406.86,283,3,0
17828,2011-06,2,863.16,402,-3,C
17828,2011-08,1,213.5,79,-1,0
17828,2011-11,1,743.43,186,2,0
17829,2011-02,1,889.24,496,-7,0
17830,2011-02,1,188.5,48,-7,0
17830,2011-03,1,99.15,17,-6,0
17830,2011-12,1,111.05,27,3,0
17831,2011-11,1,35.400000000000006,12,2,0
17832,2011-10,1,155.37,208,1,0
17835,2011-11,2,228.1,279,2,C
17835,2011-12,1,114.14,65,3,0
17836,2011-10,1,110.21000000000001,88,1,0
17837,2011-06,1,119.8,28,-3,0
17837,2011-07,2,256.71,74,-2,C
17837,2011-09,1,158.04,61,0,0
17837,2011-10,4,1006.6800000000001,347,1,C
17838,2010-12,2,902.86,532,-9,C
17838,2011-02,1,752.14,490,-7,0
17838,2011-09,1,612.4,375,0,0
17838,2011-11,1,453.40000000000003,434,2,0
17839,2011-10,1,318.15,257,1,0
17841,2010-12,6,2468.12,1052,-9,C
17841,2011-01,9,1949.98,803,-8,C
17841,2011-02,7,1007.2,499,-7,C
17841,2011-03,9,1468.4,746,-6,C
17841,2011-04,6,1766.32,989,-5,C
17841,2011-05,10,2809.69,1553,-4,C
17841,2011-06,9,3134.9900000000002,1713,-3,C
17841,2011-07,12,4081.02,2588,-2,C
17841,2011-08,10,3530.68,2075,-1,C
17841,2011-09,10,3618.2400000000002,1903,0,C
17841,2011-10,16,5163.72,3291,1,C
17841,2011-11,16,6990.59,4064,2,C
17841,2011-12,4,2530.89,1558,3,C
17843,2011-02,1,205.48,113,-7,0
17844,2011-08,1,51.559999999999995,52,-1,0
17846,2011-09,1,2033.1,1,0,0
17848,2010-12,1,97.3,22,-9,0
17848,2011-01,1,72.26,68,-8,0
17848,2011-02,1,44.35,13,-7,0
17848,2011-04,1,174.45999999999998,141,-5,0
17848,2011-06,1,144.56,41,-3,0
17848,2011-07,2,139.95,17,-2,C
17848,2011-08,1,148.72,88,-1,0
17848,2011-09,1,79.6,8,0,0
17849,2011-01,1,217.75,19,-8,0
17849,2011-02,1,127.35000000000001,15,-7,0
17849,2011-03,1,151.45000000000002,45,-6,0
17849,2011-05,1,109.25,35,-4,0
17850,2010-12,34,5391.21,1733,-9,C
17852,2011-11,2,114.34,53,2,C
17854,2011-04,1,111.76,64,-5,0
17854,2011-06,1,199.5,20,-3,0
17855,2010-12,1,208.97,197,-9,0
17856,2011-03,2,1067.93,547,-6,C
17856,2011-04,1,74.7,30,-5,0
17856,2011-12,1,275.4,265,3,0
17857,2010-12,2,1340.7,2164,-9,C
17857,2011-02,1,786.8399999999999,524,-7,0
17857,2011-03,1,108.5,150,-6,0
17857,2011-04,3,6367.2,2068,-5,C
17857,2011-05,2,180.6,210,-4,C
17857,2011-06,2,931.44,704,-3,C
17857,2011-08,2,3977.64,1604,-1,C
17857,2011-09,2,1146.6,588,0,C
17857,2011-10,1,3640.0,1001,1,0
17857,2011-11,5,5419.92,7764,2,C
17857,2011-12,2,2979.6,2479,3,C
17858,2010-12,2,1541.85,1611,-9,C
17858,2011-01,1,224.75,53,-8,0
17858,2011-02,1,326.4,384,-7,0
17858,2011-03,2,511.8,92,-6,C
17858,2011-06,1,484.4,116,-3,0
17858,2011-08,2,552.05,130,-1,C
17858,2011-09,1,266.14,34,0,0
17858,2011-10,1,469.55,131,1,0
17858,2011-12,1,763.72,143,3,0
17859,2011-02,1,141.92000000000002,102,-7,0
17860,2010-12,1,226.45000000000002,93,-9,0
17861,2011-01,1,241.85999999999999,102,-8,0
17861,2011-03,1,216.12,255,-6,0
17861,2011-07,3,841.51,695,-2,C
17861,2011-11,2,360.65,483,2,C
17861,2011-12,1,437.74,450,3,0
17862,2011-01,1,330.9,100,-8,0
17863,2010-12,1,384.71999999999997,276,-9,0
17863,2011-02,1,505.98,426,-7,0
17863,2011-03,1,481.2,416,-6,0
17863,2011-07,1,413.38,499,-2,0
17863,2011-09,1,342.02,250,0,0
17863,2011-10,1,1032.7,771,1,0
17864,2011-03,1,200.85,347,-6,0
17864,2011-09,1,237.22,312,0,0
17864,2011-11,1,116.78,47,2,0
17865,2010-12,2,1079.83,441,-9,C
17865,2011-02,2,1251.52,884,-7,C
17865,2011-03,1,398.22,332,-6,0
17865,2011-04,1,569.2,324,-5,0
17865,2011-05,1,862.89,399,-4,0
17865,2011-06,1,102.0,12,-3,0
17865,2011-07,1,831.34,330,-2,0
17865,2011-08,3,1922.3400000000001,811,-1,C
17865,2011-09,5,1497.74,902,0,C
17865,2011-10,2,880.5,592,1,C
17865,2011-11,1,1130.74,730,2,0
17866,2011-07,1,329.65,174,-2,0
17867,2011-02,1,25.5,2,-7,0
17867,2011-05,1,578.5500000000001,291,-4,0
17867,2011-07,2,353.43,81,-2,C
17867,2011-11,2,200.39000000000001,134,2,C
17869,2010-12,1,214.32,67,-9,0
17869,2011-04,1,91.09,17,-5,0
17869,2011-05,1,5.55,5,-4,0
17869,2011-08,2,117.22,22,-1,C
17870,2010-12,1,326.4,128,-9,0
17870,2011-07,4,168.26,138,-2,C
17870,2011-08,1,106.91,123,-1,0
17870,2011-09,2,303.59000000000003,203,0,C
17870,2011-10,1,200.55,233,1,0
17870,2011-11,2,510.33,289,2,C
17870,2011-12,1,249.85,237,3,0
17871,2011-05,1,155.9,182,-4,0
17873,2010-12,1,204.95,117,-9,0
17873,2011-03,1,485.78000000000003,302,-6,0
17873,2011-04,1,490.05000000000007,315,-5,0
17873,2011-06,1,396.14000000000004,181,-3,0
17873,2011-09,1,272.04,120,0,0
17874,2011-03,1,65.16000000000001,48,-6,0
17874,2011-04,4,495.54,151,-5,C
17874,2011-06,1,122.76,22,-3,0
17877,2011-06,1,237.61,98,-3,0
17878,2011-10,1,379.45,401,1,0
17879,2011-06,1,178.51999999999998,45,-3,0
17880,2010-12,1,458.92,314,-9,0
17881,2011-02,1,133.35000000000002,32,-7,0
17883,2011-04,1,119.35,48,-5,0
17883,2011-09,1,78.45,31,0,0
17883,2011-11,1,285.35,122,2,0
17883,2011-12,1,181.19,173,3,0
17884,2010-12,2,322.52,235,-9,C
17884,2011-02,1,268.02,307,-7,0
17884,2011-12,1,104.53,275,3,0
17885,2011-11,1,156.34,110,2,0
17886,2011-04,1,219.94,92,-5,0
17886,2011-05,1,157.77,126,-4,0
17886,2011-11,1,491.57,251,2,0
17887,2011-08,1,111.35,30,-1,0
17888,2010-12,1,29.43,52,-9,0
17888,2011-01,1,82.65,105,-8,0
17888,2011-05,1,56.65,32,-4,0
17888,2011-07,1,128.27,349,-2,0
17888,2011-09,1,58.599999999999994,20,0,0
17888,2011-10,1,250.9,185,1,0
17888,2011-11,2,109.5,230,2,C
17889,2011-01,1,99.35,42,-8,0
17889,2011-05,1,102.02,35,-4,0
17890,2010-12,1,463.01,330,-9,0
17890,2011-01,1,123.88,72,-8,0
17891,2011-06,1,203.85999999999999,393,-3,0
17892,2011-07,1,142.1,69,-2,0
17892,2011-10,2,102.0,40,1,C
17893,2011-04,1,107.21,149,-5,0
17894,2010-12,4,515.0,221,-9,C
17894,2011-01,1,93.60000000000001,35,-8,0
17894,2011-02,1,258.4,64,-7,0
17894,2011-09,2,251.96,84,0,C
17895,2011-10,1,95.45,127,1,0
17896,2011-11,1,256.32,288,2,0
17897,2010-12,2,410.67,151,-9,C
17897,2011-06,1,131.14,71,-3,0
17898,2011-05,1,99.84,124,-4,0
17898,2011-09,1,52.22,66,0,0
17899,2011-07,1,154.55,170,-2,0
17900,2011-06,2,112.19999999999999,73,-3,C
17901,2011-11,1,110.38,24,2,0
17904,2011-11,1,181.07,59,2,0
17905,2010-12,2,392.9,171,-9,C
17905,2011-07,1,224.84,110,-2,0
17905,2011-09,1,181.25,125,0,0
17906,2011-04,1,72.9,26,-5,0
17908,2010-12,1,232.03,169,-9,0
17911,2011-11,1,366.23,223,2,0
17912,2010-12,4,288.46,180,-9,C
17912,2011-02,1,21.6,4,-7,0
17913,2010-12,1,218.05,100,-9,0
17913,2011-10,1,190.6,188,1,0
17914,2011-12,1,329.36,457,3,0
17917,2010-12,1,107.16,55,-9,0
17917,2011-03,1,119.55,75,-6,0
17917,2011-10,1,108.32,54,1,0
17919,2011-09,1,1304.04,756,0,0
17920,2010-12,2,674.96,279,-9,C
17920,2011-01,1,159.85,83,-8,0
17920,2011-04,1,417.93,560,-5,0
17920,2011-05,1,259.9,94,-4,0
17920,2011-07,3,619.83,411,-2,C
17920,2011-08,1,196.32999999999998,104,-1,0
17920,2011-09,1,227.0,120,0,0
17920,2011-10,1,251.88,69,1,0
17920,2011-11,4,820.75,451,2,C
17920,2011-12,2,491.07,302,3,C
17921,2011-03,1,278.07,137,-6,0
17921,2011-06,1,161.89000000000001,67,-3,0
17921,2011-07,1,155.51,84,-2,0
17921,2011-10,1,224.76,137,1,0
17923,2011-03,1,207.50000000000003,50,-6,0
17924,2010-12,1,279.0,60,-9,0
17924,2011-02,1,223.20000000000002,48,-7,0
17924,2011-10,3,2167.7400000000002,884,1,C
17924,2011-11,2,292.56,168,2,C
17925,2010-12,1,244.08,72,-9,0
17926,2011-05,1,211.73000000000002,134,-4,0
17926,2011-07,1,185.56,172,-2,0
17928,2011-04,1,78.25999999999999,46,-5,0
17928,2011-10,1,134.28,94,1,0
17929,2011-02,1,196.20000000000002,36,-7,0
17929,2011-03,1,238.79999999999998,24,-6,0
17929,2011-08,1,272.0,32,-1,0
17929,2011-11,1,136.0,16,2,0
17930,2011-04,1,390.6,172,-5,0
17930,2011-06,1,303.53999999999996,349,-3,0
17930,2011-09,1,296.46,285,0,0
17930,2011-10,1,323.04,536,1,0
17930,2011-11,1,426.84000000000003,252,2,0
17931,2011-03,1,297.2,164,-6,0
17931,2011-07,1,111.16000000000001,85,-2,0
17932,2011-05,1,589.01,391,-4,0
17932,2011-06,1,345.5,202,-3,0
17932,2011-11,1,397.06,196,2,0
17934,2011-10,2,704.25,478,1,C
17935,2011-07,2,145.79,82,-2,C
17936,2011-12,1,380.13,257,3,0
17937,2010-12,2,2153.88,804,-9,C
17937,2011-02,1,540.0,192,-7,0
17937,2011-03,1,633.6,252,-6,0
17937,2011-08,1,287.04,168,-1,0
17937,2011-11,1,326.4,84,2,0
17937,2011-12,1,360.3,254,3,0
17939,2011-07,1,99.14,40,-2,0
17940,2011-02,1,1045.44,4752,-7,0
17940,2011-03,1,181.44,864,-6,0
17940,2011-04,2,2040.6599999999999,865,-5,C
17940,2011-05,1,108.0,432,-4,0
17940,2011-06,2,215.5,862,-3,C
17940,2011-08,2,237.0,948,-1,C
17940,2011-10,1,192.0,600,1,0
17941,2011-08,1,304.56,252,-1,0
17942,2011-12,1,77.50000000000001,38,3,0
17946,2011-03,1,17.549999999999997,9,-6,0
17946,2011-04,1,132.03,66,-5,0
17947,2011-11,1,176.68,168,2,0
17948,2011-07,1,358.56000000000006,144,-2,0
17949,2010-12,1,1314.0,120,-9,0
17949,2011-01,1,432.0,600,-8,0
17949,2011-02,2,432.0,600,-7,C
17949,2011-03,2,1988.1,630,-6,C
17949,2011-04,1,1642.5,150,-5,0
17949,2011-05,6,3250.2,756,-4,C
17949,2011-06,8,21263.18,8897,-3,C
17949,2011-07,4,11590.58,2865,-2,C
17949,2011-08,4,3413.04,4284,-1,C
17949,2011-09,7,7371.6,4460,0,C
17949,2011-10,3,2218.56,2436,1,C
17949,2011-11,1,720.0,1000,2,0
17949,2011-12,5,2874.7200000000003,3748,3,C
17950,2010-12,2,263.17,186,-9,C
17950,2011-09,1,219.03,180,0,0
17951,2010-12,2,409.50000000000006,220,-9,C
17951,2011-10,1,599.0400000000001,396,1,0
17954,2010-12,2,128.68,62,-9,C
17954,2011-01,1,254.54,177,-8,0
17954,2011-02,1,325.54,758,-7,0
17954,2011-03,2,242.69,207,-6,C
17954,2011-04,1,228.15,150,-5,0
17954,2011-06,2,467.9,299,-3,C
17954,2011-08,1,237.71,178,-1,0
17954,2011-10,1,149.55,119,1,0
17954,2011-12,1,279.37,271,3,0
17955,2011-05,4,557.3,273,-4,C
17956,2011-04,1,12.75,1,-5,0
17957,2011-10,1,111.68,287,1,0
17958,2011-08,1,508.4599999999999,84,-1,0
17960,2011-06,1,73.78,41,-3,0
17961,2010-12,3,569.75,131,-9,C
17961,2011-01,2,13.1,6,-8,C
17961,2011-02,2,27.58,17,-7,C
17961,2011-03,5,64.82,46,-6,C
17961,2011-04,3,56.69,62,-5,C
17961,2011-05,5,142.45,41,-4,C
17961,2011-06,5,94.06,39,-3,C
17961,2011-07,4,184.04,111,-2,C
17961,2011-08,2,27.13,16,-1,C
17961,2011-09,5,90.27,72,0,C
17961,2011-11,3,26.55,19,2,C
17962,2011-07,1,102.41,127,-2,0
17964,2010-12,1,261.76,195,-9,0
17964,2011-11,1,201.45,99,2,0
17965,2010-12,2,150.55,57,-9,C
17965,2011-01,2,589.5500000000001,244,-8,C
17965,2011-03,1,313.58,298,-6,0
17965,2011-04,1,270.1,87,-5,0
17965,2011-06,1,140.06,94,-3,0
17965,2011-07,3,423.89,349,-2,C
17965,2011-09,2,363.68,237,0,C
17965,2011-10,1,44.71,64,1,0
17965,2011-11,1,303.07,102,2,0
17966,2011-03,1,147.0,350,-6,0
17966,2011-06,1,136.5,325,-3,0
17966,2011-07,2,310.93,496,-2,C
17966,2011-11,1,504.0,1400,2,0
17967,2010-12,1,112.27,73,-9,0
17968,2010-12,1,265.1,151,-9,0
17969,2010-12,1,125.2,131,-9,0
17969,2011-06,1,103.0,21,-3,0
17970,2011-05,1,562.79,513,-4,0
17972,2011-04,1,135.19,36,-5,0
17973,2011-10,1,337.04,176,1,0
17974,2011-05,1,164.07,85,-4,0
17974,2011-10,1,135.55,114,1,0
17974,2011-11,1,404.37,301,2,0
17975,2010-12,2,621.49,190,-9,C
17975,2011-01,1,431.88000000000005,135,-8,0
17975,2011-02,1,325.41,86,-7,0
17975,2011-03,1,488.06000000000006,186,-6,0
17975,2011-04,1,765.85,253,-5,0
17975,2011-05,1,147.48,44,-4,0
17975,2011-07,3,625.47,269,-2,C
17975,2011-08,1,544.8100000000001,201,-1,0
17975,2011-10,1,285.19,97,1,0
17975,2011-11,1,247.62,104,2,0
17976,2010-12,1,321.79,93,-9,0
17977,2011-11,1,288.14,342,2,0
17978,2010-12,1,300.91999999999996,499,-9,0
17979,2011-03,2,231.67,79,-6,C
17979,2011-06,1,262.87,193,-3,0
17979,2011-11,1,237.87,111,2,0
17980,2010-12,1,295.2,235,-9,0
17980,2011-05,1,267.55,221,-4,0
17980,2011-06,1,248.7,226,-3,0
17984,2011-07,1,152.68,98,-2,0
17985,2011-11,1,631.35,171,2,0
17986,2011-10,1,20.8,10,1,0
17987,2011-06,1,198.57,261,-3,0
17988,2011-01,1,64.99000000000001,14,-8,0
17988,2011-07,1,13.370000000000001,4,-2,0
17988,2011-08,3,67.64,9,-1,C
17988,2011-11,2,55.12,16,2,C
17990,2010-12,2,316.0,124,-9,C
17990,2011-04,1,314.84000000000003,290,-5,0
17991,2011-04,2,93.35,25,-5,C
17994,2011-02,1,305.3,188,-7,0
17994,2011-03,1,21.9,12,-6,0
17994,2011-06,1,226.98,168,-3,0
17994,2011-08,1,120.71000000000001,127,-1,0
17995,2011-03,1,76.1,133,-6,0
17997,2011-06,1,322.53,261,-3,0
17997,2011-07,3,945.98,1215,-2,C
17997,2011-09,4,693.95,797,0,C
17999,2010-12,1,190.34,94,-9,0
17999,2011-11,1,190.05,125,2,0
18001,2011-09,1,250.13,284,0,0
18001,2011-11,1,165.0,78,2,0
18004,2010-12,1,157.92,75,-9,0
18005,2011-10,1,132.07,47,1,0
18005,2011-12,1,94.4,39,3,0
18006,2011-11,1,444.68,220,2,0
18008,2011-01,1,130.81,355,-8,0
18008,2011-03,2,760.1,320,-6,C
18008,2011-04,2,777.5,622,-5,C
18008,2011-05,2,397.0,220,-4,C
18008,2011-09,2,50.78,64,0,C
18009,2011-04,1,247.39,125,-5,0
18010,2011-03,1,174.8,60,-6,0
18011,2010-12,1,102.78999999999999,71,-9,0
18013,2011-07,2,187.29,285,-2,C
18014,2011-11,1,162.22,66,2,0
18015,2011-12,1,120.03,157,3,0
18016,2010-12,1,156.65,65,-9,0
18016,2011-01,1,162.2,53,-8,0
18016,2011-06,1,164.01,87,-3,0
18016,2011-09,1,624.55,481,0,0
18016,2011-11,1,370.25,341,2,0
18017,2011-02,1,165.0,100,-7,0
18017,2011-06,1,179.0,100,-3,0
18017,2011-09,1,179.0,100,0,0
18018,2011-05,1,37.45,3,-4,0
18018,2011-08,1,84.69,52,-1,0
18019,2011-10,1,38.45,7,1,0
18022,2011-11,1,612.72,703,2,0
18024,2011-07,2,389.78,184,-2,C
18027,2011-09,1,115.31,78,0,0
18030,2011-10,1,121.1,46,1,0
18030,2011-12,1,109.55,21,3,0
18032,2011-01,1,73.5,42,-8,0
18033,2011-10,1,93.82000000000001,252,1,0
18034,2011-11,2,418.68,559,2,C
18035,2011-10,2,478.53,400,1,C
18035,2011-11,1,235.35999999999999,184,2,0
18036,2011-04,1,109.95,82,-5,0
18036,2011-08,1,143.74,71,-1,0
18036,2011-11,1,149.43,79,2,0
18037,2010-12,1,31.3,6,-9,0
18037,2011-01,1,8.25,3,-8,0
18037,2011-03,1,3.9,2,-6,0
18037,2011-04,2,17.369999999999997,7,-5,C
18037,2011-07,1,9.2,2,-2,0
18040,2011-04,1,239.0,96,-5,0
18040,2011-11,1,118.2,52,2,0
18041,2010-12,3,614.89,468,-9,C
18041,2011-01,2,522.93,557,-8,C
18041,2011-02,2,370.36,309,-7,C
18041,2011-03,3,575.37,701,-6,C
18041,2011-04,1,83.89,99,-5,0
18041,2011-05,2,384.16999999999996,270,-4,C
18041,2011-06,1,105.0,140,-3,0
18041,2011-07,1,109.01,50,-2,0
18041,2011-08,1,232.49,122,-1,0
18041,2011-09,2,490.92,307,0,C
18041,2011-11,3,608.34,735,2,C
18042,2011-10,1,165.04999999999998,33,1,0
18043,2010-12,1,287.91,157,-9,0
18043,2011-05,1,133.68,72,-4,0
18043,2011-11,1,107.7,36,2,0
18044,2010-12,1,74.25,53,-9,0
18044,2011-03,2,361.37,240,-6,C
18044,2011-04,1,124.15,27,-5,0
18044,2011-05,2,323.44,189,-4,C
18044,2011-06,1,222.32,142,-3,0
18044,2011-09,1,431.97,157,0,0
18044,2011-11,1,340.2,128,2,0
18044,2011-12,1,210.9,97,3,0
18045,2011-10,1,178.34,138,1,0
18048,2011-05,2,172.29000000000002,127,-4,C
18050,2010-12,1,74.4,40,-9,0
18053,2011-09,1,300.02,302,0,0
18055,2010-12,3,1751.1200000000001,546,-9,C
18055,2011-02,2,642.9100000000001,231,-7,C
18055,2011-05,1,968.5,336,-4,0
18055,2011-08,1,310.33,113,-1,0
18055,2011-09,1,1233.01,487,0,0
18055,2011-10,1,991.7,370,1,0
18055,2011-12,1,863.77,369,3,0
18056,2011-02,1,363.65,211,-7,0
18058,2011-11,1,170.16,88,2,0
18059,2011-10,2,219.86,206,1,C
18059,2011-11,1,86.6,52,2,0
18061,2010-12,1,405.16,248,-9,0
18061,2011-01,1,304.02,334,-8,0
18061,2011-02,1,108.15,17,-7,0
18061,2011-04,1,213.8,66,-5,0
18061,2011-05,1,159.49,41,-4,0
18061,2011-06,1,147.75,25,-3,0
18061,2011-07,1,213.70000000000002,42,-2,0
18061,2011-08,1,241.44,128,-1,0
18061,2011-10,1,233.5,38,1,0
18061,2011-11,1,92.4,16,2,0
18062,2011-01,1,169.8,184,-8,0
18062,2011-05,1,316.12,172,-4,0
18062,2011-06,1,234.6,40,-3,0
18064,2011-04,1,408.0,160,-5,0
18064,2011-07,1,406.0,224,-2,0
18065,2010-12,2,345.02,184,-9,C
18065,2011-02,1,405.03000000000003,139,-7,0
18065,2011-05,3,397.68,138,-4,C
18065,2011-06,2,264.42,130,-3,C
18065,2011-09,3,537.04,272,0,C
18065,2011-12,3,443.64,164,3,C
18066,2011-09,1,318.0,108,0,0
18067,2011-10,1,396.33,189,1,0
18068,2011-02,1,101.69999999999999,6,-7,0
18069,2011-01,1,287.11,158,-8,0
18069,2011-04,1,386.9,289,-5,0
18069,2011-06,1,304.31,179,-3,0
18069,2011-09,1,782.85,468,0,0
18069,2011-11,1,248.07,202,2,0
18071,2010-12,1,258.95,157,-9,0
18071,2011-03,1,194.05,103,-6,0
18072,2011-06,1,247.44,288,-3,0
18073,2011-05,2,241.08,196,-4,C
18073,2011-06,5,1140.2,882,-3,C
18073,2011-07,3,869.7600000000001,773,-2,C
18073,2011-08,2,1608.7800000000002,1251,-1,C
18074,2010-12,1,489.6,190,-9,0
18075,2010-12,1,198.95000000000002,117,-9,0
18075,2011-01,1,333.08000000000004,188,-8,0
18075,2011-02,1,78.62,36,-7,0
18075,2011-03,2,518.53,261,-6,C
18075,2011-05,1,141.54000000000002,50,-4,0
18075,2011-06,1,282.23,147,-3,0
18075,2011-08,1,404.8,216,-1,0
18075,2011-10,1,300.02000000000004,279,1,0
18075,2011-11,1,353.98,170,2,0
18077,2010-12,2,396.33,306,-9,C
18077,2011-01,1,315.13,243,-8,0
18077,2011-04,1,167.92,126,-5,0
18077,2011-06,1,226.39,167,-3,0
18077,2011-08,2,516.5699999999999,430,-1,C
18077,2011-10,2,370.87,207,1,C
18077,2011-11,1,335.86,166,2,0
18077,2011-12,1,255.34,194,3,0
18078,2011-03,1,197.94,100,-6,0
18078,2011-05,1,138.19,45,-4,0
18079,2011-04,1,1612.83,3843,-5,0
18079,2011-08,1,593.35,1232,-1,0
18079,2011-10,2,1406.97,2272,1,C
18080,2011-04,1,841.4999999999999,330,-5,0
18080,2011-11,1,390.0,312,2,0
18081,2011-07,1,113.25000000000001,31,-2,0
18081,2011-08,1,94.80000000000001,24,-1,0
18081,2011-11,1,135.4,140,2,0
18082,2011-11,1,680.84,608,2,0
18084,2011-11,1,90.47999999999999,312,2,0
18085,2010-12,1,303.9,78,-9,0
18085,2011-01,1,386.05,187,-8,0
18086,2011-03,1,101.34,106,-6,0
18087,2011-02,1,3202.9199999999996,3906,-7,0
18087,2011-09,1,852.8,1,0,0
18088,2011-10,1,166.03,107,1,0
18092,2010-12,3,2852.64,896,-9,C
18092,2011-01,1,259.20000000000005,384,-8,0
18092,2011-04,1,884.4,832,-5,0
18092,2011-06,2,673.8,296,-3,C
18092,2011-08,1,1181.44,872,-1,0
18092,2011-09,1,1304.04,346,0,0
18092,2011-11,1,1350.9,474,2,0
18092,2011-12,1,561.84,152,3,0
18093,2011-02,2,1117.52,724,-7,C
18093,2011-08,1,899.36,488,-1,0
18093,2011-09,1,89.64,180,0,0
18094,2011-02,1,504.72,264,-7,0
18094,2011-04,1,639.48,440,-5,0
18094,2011-05,1,633.0,1200,-4,0
18094,2011-07,2,625.1,290,-2,C
18094,2011-09,2,615.0,324,0,C
18095,2011-01,2,580.0500000000001,419,-8,C
18096,2011-10,2,573.92,578,1,C
18096,2011-11,1,275.14,210,2,0
18097,2010-12,1,182.52,256,-9,0
18097,2011-01,1,474.66,270,-8,0
18097,2011-05,1,799.38,560,-4,0
18097,2011-08,2,529.64,320,-1,C
18097,2011-12,1,676.2,256,3,0
18099,2011-08,1,168.31,149,-1,0
18101,2011-07,1,110.23,25,-2,0
18101,2011-11,1,112.17,62,2,0
18102,2010-12,4,27834.61,6695,-9,C
18102,2011-02,2,10535.48,2428,-7,C
18102,2011-03,2,6909.32,1536,-6,C
18102,2011-04,1,1196.96,328,-5,0
18102,2011-05,6,18165.74,4108,-4,C
18102,2011-06,5,41959.44,8926,-3,C
18102,2011-07,5,22949.76,5484,-2,C
18102,2011-08,1,985.92,288,-1,0
18102,2011-09,14,49622.18,11561,0,C
18102,2011-10,11,52681.27,11886,1,C
18102,2011-11,6,15331.08,8186,2,C
18102,2011-12,3,11485.54,2698,3,C
18104,2011-11,1,754.64,362,2,0
18105,2011-11,1,113.48000000000002,46,2,0
18106,2011-01,1,421.9,126,-8,0
18108,2011-03,1,271.0,84,-6,0
18109,2010-12,2,552.75,99,-9,C
18109,2011-01,3,482.67,186,-8,C
18109,2011-02,1,178.15,35,-7,0
18109,2011-03,1,266.98,60,-6,0
18109,2011-04,2,372.85,105,-5,C
18109,2011-05,2,618.28,374,-4,C
18109,2011-06,2,757.91,982,-3,C
18109,2011-07,2,544.8199999999999,507,-2,C
18109,2011-08,2,658.6099999999999,975,-1,C
18109,2011-09,2,705.22,167,0,C
18109,2011-10,2,712.23,160,1,C
18109,2011-11,2,785.94,219,2,C
18109,2011-12,3,1368.51,361,3,C
18110,2011-11,1,198.8,72,2,0
18112,2011-06,1,196.64,110,-3,0
18112,2011-11,1,156.05,145,2,0
18113,2010-12,1,76.32000000000001,72,-9,0
18114,2011-02,1,220.1,55,-7,0
18116,2010-12,3,661.37,295,-9,C
18116,2011-02,1,161.95,57,-7,0
18116,2011-04,3,416.23,315,-5,C
18116,2011-10,1,163.56,170,1,0
18117,2011-11,1,315.65,605,2,0
18118,2010-12,2,604.76,270,-9,C
18118,2011-01,1,289.55,241,-8,0
18118,2011-02,2,373.84,126,-7,C
18118,2011-03,4,1022.69,529,-6,C
18118,2011-04,2,321.88,148,-5,C
18118,2011-05,3,699.01,338,-4,C
18118,2011-06,3,615.65,344,-3,C
18118,2011-07,1,136.68,63,-2,0
18118,2011-09,2,352.52,182,0,C
18118,2011-10,3,552.77,279,1,C
18118,2011-11,3,655.73,345,2,C
18119,2010-12,1,180.7,124,-9,0
18120,2011-05,1,111.15,31,-4,0
18121,2011-07,2,653.3,438,-2,C
18122,2011-07,1,119.19,69,-2,0
18122,2011-09,1,201.94,104,0,0
18122,2011-10,1,442.88,202,1,0
18122,2011-11,2,604.69,503,2,C
18122,2011-12,1,424.36,347,3,0
18123,2011-11,2,574.4399999999999,582,2,C
18125,2011-01,1,545.22,388,-8,0
18125,2011-02,1,175.75,113,-7,0
18125,2011-05,1,212.93,190,-4,0
18125,2011-11,1,197.85,109,2,0
18126,2011-10,1,200.92000000000002,135,1,0
18127,2011-07,1,139.6,28,-2,0
18127,2011-11,2,207.48,159,2,C
18129,2011-04,1,112.55000000000001,48,-5,0
18130,2011-10,1,313.86,258,1,0
18130,2011-11,2,745.53,566,2,C
18133,2011-05,1,931.4999999999999,1350,-4,0
18135,2011-06,1,109.82000000000001,88,-3,0
18135,2011-09,1,123.65,57,0,0
18135,2011-11,3,448.44000000000005,204,2,C
18136,2011-01,1,288.99,177,-8,0
18136,2011-05,1,311.86,118,-4,0
18136,2011-10,1,183.48000000000002,84,1,0
18138,2011-02,1,152.65,38,-7,0
18139,2011-11,6,8438.34,5557,2,C
18142,2011-05,1,282.48,292,-4,0
18142,2011-07,1,737.04,984,-2,0
18143,2011-07,1,480.18,308,-2,0
18143,2011-08,1,519.98,262,-1,0
18144,2010-12,2,502.65,319,-9,C
18144,2011-01,1,157.4,52,-8,0
18144,2011-03,1,363.4,180,-6,0
18144,2011-04,2,293.5,54,-5,C
18144,2011-05,1,288.7,178,-4,0
18144,2011-07,1,202.1,93,-2,0
18144,2011-08,1,357.8,188,-1,0
18144,2011-09,1,176.20000000000002,47,0,0
18144,2011-11,1,315.0,72,2,0
18144,2011-12,1,232.0,160,3,0
18145,2011-01,1,609.01,567,-8,0
18145,2011-05,1,414.77,296,-4,0
18145,2011-09,1,1079.47,972,0,0
18145,2011-11,1,758.3,790,2,0
18146,2011-05,1,76.65,27,-4,0
18146,2011-07,1,83.7,126,-2,0
18147,2011-08,1,98.88,80,-1,0
18147,2011-10,1,80.46,123,1,0
18149,2011-03,1,227.77999999999997,102,-6,0
18149,2011-05,1,321.9,178,-4,0
18149,2011-10,1,62.400000000000006,30,1,0
18150,2011-05,1,227.57999999999998,140,-4,0
18150,2011-07,1,185.70000000000002,96,-2,0
18150,2011-11,1,153.3,96,2,0
18151,2011-02,1,312.55,111,-7,0
18151,2011-07,1,340.8,244,-2,0
18154,2011-10,1,220.48999999999998,153,1,0
18154,2011-12,1,178.7,102,3,0
18155,2011-02,1,113.93,91,-7,0
18155,2011-06,1,152.63,105,-3,0
18155,2011-09,1,105.06,70,0,0
18156,2010-12,1,186.88,68,-9,0
18156,2011-11,1,488.76,215,2,0
18158,2011-09,1,343.8,254,0,0
18158,2011-11,1,109.6,100,2,0
18159,2011-02,1,530.15,139,-7,0
18160,2011-05,1,318.55,147,-4,0
18160,2011-10,1,319.51,147,1,0
18161,2011-01,1,301.53,208,-8,0
18161,2011-04,1,244.79,109,-5,0
18161,2011-07,1,224.94,70,-2,0
18161,2011-10,1,385.43,177,1,0
18161,2011-11,1,462.0,248,2,0
18164,2011-11,1,399.65000000000003,184,2,0
18165,2011-06,1,302.46000000000004,254,-3,0
18167,2011-08,1,498.48,122,-1,0
18167,2011-11,2,886.3800000000001,260,2,C
18168,2010-12,2,449.94,204,-9,C
18168,2011-02,1,184.45,93,-7,0
18168,2011-03,1,218.83,127,-6,0
18168,2011-05,1,191.67,85,-4,0
18168,2011-06,1,115.15,83,-3,0
18169,2011-10,1,202.65,61,1,0
18170,2011-05,1,304.21,119,-4,0
18170,2011-08,1,351.3,130,-1,0
18170,2011-11,1,324.8,160,2,0
18171,2011-01,1,240.45000000000002,81,-8,0
18171,2011-04,1,224.14000000000001,86,-5,0
18171,2011-06,1,219.83,53,-3,0
18171,2011-09,1,309.89,111,0,0
18171,2011-10,1,237.0,150,1,0
18172,2011-02,2,1978.3799999999999,740,-7,C
18172,2011-03,1,269.62,184,-6,0
18172,2011-04,1,159.2,66,-5,0
18172,2011-05,3,1312.96,422,-4,C
18172,2011-07,2,589.72,292,-2,C
18172,2011-08,1,1019.44,476,-1,0
18172,2011-09,4,1044.1200000000001,414,0,C
18172,2011-11,6,1188.24,590,2,C
18173,2011-03,1,853.48,664,-6,0
18173,2011-04,1,423.36,156,-5,0
18173,2011-05,1,452.0,208,-4,0
18173,2011-09,1,378.0,192,0,0
18174,2011-12,1,104.0,50,3,0
18176,2010-12,1,476.35,283,-9,0
18177,2011-03,1,169.05,79,-6,0
18177,2011-04,2,232.75,125,-5,C
18177,2011-05,1,311.3,158,-4,0
18177,2011-07,1,324.17,181,-2,0
18177,2011-11,1,303.6,166,2,0
18178,2010-12,1,300.65000000000003,105,-9,0
18178,2011-02,1,333.3,182,-7,0
18178,2011-05,1,465.99,409,-4,0
18178,2011-08,1,490.87,287,-1,0
18179,2011-01,2,622.9,379,-8,C
18179,2011-03,1,270.26,250,-6,0
18179,2011-04,1,210.0,100,-5,0
18179,2011-10,1,469.43,227,1,0
18179,2011-11,1,220.57999999999998,404,2,0
18180,2011-07,2,601.85,553,-2,C
18180,2011-09,2,604.51,363,0,C
18180,2011-10,1,326.66,538,1,0
18180,2011-12,1,310.73,267,3,0
18181,2011-11,1,366.85,133,2,0
18183,2011-03,1,312.8,120,-6,0
18183,2011-04,1,319.27000000000004,251,-5,0
18184,2011-11,1,49.8,60,2,0
18185,2011-04,1,304.25,183,-5,0
18188,2011-02,1,426.6,164,-7,0
18188,2011-09,1,1181.68,736,0,0
18188,2011-11,1,392.76,268,2,0
18189,2011-03,1,633.1,352,-6,0
18189,2011-09,1,457.14,214,0,0
18190,2011-01,1,171.46,102,-8,0
18190,2011-05,1,113.0,38,-4,0
18191,2011-03,1,207.79999999999998,140,-6,0
18192,2011-09,1,957.97,339,0,0
18193,2011-06,1,243.76,124,-3,0
18194,2011-09,1,973.8399999999999,632,0,0
18196,2011-02,1,450.78,241,-7,0
18196,2011-09,1,235.85,190,0,0
18198,2011-01,1,300.54,222,-8,0
18198,2011-02,2,606.7800000000001,482,-7,C
18198,2011-03,2,601.49,519,-6,C
18198,2011-04,2,633.84,544,-5,C
18198,2011-05,3,1032.46,846,-4,C
18198,2011-06,2,637.2,516,-3,C
18198,2011-07,1,300.8,106,-2,0
18198,2011-08,1,314.28000000000003,256,-1,0
18198,2011-09,1,376.64,176,0,0
18198,2011-11,1,303.08,216,2,0
18198,2011-12,1,318.45,191,3,0
18200,2011-08,1,150.35,104,-1,0
18202,2011-02,1,485.73,197,-7,0
18202,2011-05,2,911.26,384,-4,C
18203,2011-07,1,160.42000000000002,43,-2,0
18204,2011-05,1,540.98,387,-4,0
18204,2011-08,1,817.89,520,-1,0
18204,2011-09,1,616.48,283,0,0
18205,2011-09,1,225.76,76,0,0
18205,2011-11,1,291.6,116,2,0
18209,2011-11,1,139.10000000000002,58,2,0
18210,2011-03,1,142.4,62,-6,0
18210,2011-10,1,1258.37,623,1,0
18210,2011-11,3,1042.71,661,2,C
18210,2011-12,1,177.9,52,3,0
18211,2011-03,1,137.9,56,-6,0
18211,2011-07,1,130.79999999999998,96,-2,0
18211,2011-09,1,151.5,82,0,0
18211,2011-10,1,130.67000000000002,101,1,0
18211,2011-11,1,49.2,24,2,0
18212,2011-01,1,216.07,92,-8,0
18213,2011-04,1,232.48000000000002,232,-5,0
18215,2011-09,1,299.34000000000003,118,0,0
18216,2011-11,1,481.75,200,2,0
18217,2011-09,1,317.90000000000003,268,0,0
18217,2011-11,1,303.85,223,2,0
18218,2011-03,1,289.21999999999997,310,-6,0
18218,2011-05,1,352.7,226,-4,0
18219,2010-12,2,390.06,142,-9,C
18219,2011-02,1,94.31,45,-7,0
18219,2011-04,1,200.32000000000002,122,-5,0
18219,2011-05,1,227.62,86,-4,0
18219,2011-06,2,268.96999999999997,126,-3,C
18219,2011-07,1,185.85,75,-2,0
18219,2011-10,1,460.27,150,1,0
18219,2011-12,1,242.37,139,3,0
18220,2011-04,1,305.28000000000003,288,-5,0
18221,2011-05,1,234.47,123,-4,0
18221,2011-06,1,302.54,178,-3,0
18221,2011-08,1,169.85,145,-1,0
18221,2011-10,1,171.8,148,1,0
18221,2011-11,1,162.95,197,2,0
18222,2011-09,1,443.0,335,0,0
18223,2010-12,1,501.69,195,-9,0
18223,2011-01,2,655.3,366,-8,C
18223,2011-02,1,502.85,211,-7,0
18223,2011-03,2,505.99,229,-6,C
18223,2011-05,1,591.65,255,-4,0
18223,2011-06,2,375.86,112,-3,C
18223,2011-07,1,471.27000000000004,173,-2,0
18223,2011-09,1,431.73,233,0,0
18223,2011-10,2,1869.48,888,1,C
18223,2011-12,1,578.72,286,3,0
18224,2011-03,1,158.95000000000002,69,-6,0
18225,2010-12,1,30.0,16,-9,0
18225,2011-02,1,438.82,269,-7,0
18225,2011-03,2,612.04,374,-6,C
18225,2011-05,1,587.21,283,-4,0
18225,2011-07,1,488.4,301,-2,0
18225,2011-08,1,574.31,339,-1,0
18225,2011-09,1,1188.18,639,0,0
18225,2011-10,1,533.1800000000001,250,1,0
18225,2011-11,2,722.54,611,2,C
18225,2011-12,1,330.28000000000003,160,3,0
18226,2011-01,1,417.3,366,-8,0
18226,2011-03,1,428.05,235,-6,0
18226,2011-04,2,1049.97,708,-5,C
18226,2011-05,1,317.59999999999997,174,-4,0
18226,2011-06,1,387.42,360,-3,0
18226,2011-07,2,983.89,613,-2,C
18226,2011-08,1,666.8,490,-1,0
18226,2011-09,1,484.52,226,0,0
18226,2011-10,1,492.5,294,1,0
18227,2011-05,1,93.75,21,-4,0
18228,2011-09,1,420.39,141,0,0
18228,2011-10,1,359.51,97,1,0
18229,2010-12,2,653.2,112,-9,C
18229,2011-01,1,359.9,98,-8,0
18229,2011-02,1,359.8,60,-7,0
18229,2011-03,1,361.4,52,-6,0
18229,2011-04,1,348.4,92,-5,0
18229,2011-05,2,776.0,136,-4,C
18229,2011-06,2,761.54,430,-3,C
18229,2011-07,2,748.42,318,-2,C
18229,2011-08,1,495.4,220,-1,0
18229,2011-09,3,988.8,518,0,C
18229,2011-10,1,323.74,90,1,0
18229,2011-11,3,1100.3,362,2,C
18230,2011-02,1,464.82,212,-7,0
18230,2011-04,1,386.22,210,-5,0
18230,2011-05,1,403.26,240,-4,0
18230,2011-06,1,388.98,144,-3,0
18230,2011-09,1,503.08000000000004,224,0,0
18230,2011-11,2,663.84,286,2,C
18231,2011-02,1,291.0,180,-7,0
18231,2011-03,1,233.75,99,-6,0
18231,2011-04,2,887.5,375,-5,C
18231,2011-05,1,659.52,165,-4,0
18232,2011-05,2,370.98,170,-4,C
18232,2011-07,1,129.64000000000001,107,-2,0
18232,2011-09,1,92.35000000000001,25,0,0
18233,2011-01,1,440.0,4,-8,0
18235,2011-05,1,430.46000000000004,332,-4,0
18235,2011-08,1,319.34,374,-1,0
18235,2011-09,1,1046.68,872,0,0
18236,2011-04,1,123.2,52,-5,0
18236,2011-06,1,181.3,66,-3,0
18236,2011-07,1,171.45000000000002,82,-2,0
18236,2011-08,1,165.24,110,-1,0
18236,2011-09,1,132.55,29,0,0
18236,2011-11,1,108.5,64,2,0
18237,2011-07,1,323.38,166,-2,0
18237,2011-08,1,243.20999999999998,195,-1,0
18237,2011-09,1,158.95999999999998,104,0,0
18237,2011-10,1,135.79999999999998,72,1,0
18237,2011-12,1,125.75,85,3,0
18239,2010-12,1,438.1,208,-9,0
18239,2011-01,2,480.42,268,-8,C
18239,2011-03,1,176.38,122,-6,0
18239,2011-05,1,466.71,197,-4,0
18240,2011-10,1,422.58,126,1,0
18241,2011-05,1,365.83,241,-4,0
18241,2011-06,2,122.0,32,-3,C
18241,2011-07,1,165.0,108,-2,0
18241,2011-08,6,552.95,237,-1,C
18241,2011-09,3,438.14000000000004,226,0,C
18241,2011-10,3,311.63,137,1,C
18241,2011-11,1,117.54,70,2,0
18242,2011-05,2,694.08,408,-4,C
18242,2011-09,2,1538.41,609,0,C
18245,2010-12,1,365.73,297,-9,0
18245,2011-01,1,439.18,320,-8,0
18245,2011-05,2,501.38,406,-4,C
18245,2011-07,2,366.52,305,-2,C
18245,2011-12,1,894.25,460,3,0
18246,2011-04,1,232.9,70,-5,0
18246,2011-11,1,363.2,96,2,0
18248,2011-06,1,496.46000000000004,242,-3,0
18248,2011-08,1,307.56,269,-1,0
18249,2011-11,1,95.34,128,2,0
18250,2011-02,1,349.27,199,-7,0
18251,2011-09,1,4314.72,7824,0,0
18252,2011-06,1,69.89999999999999,18,-3,0
18252,2011-10,1,448.37,216,1,0
18255,2011-09,1,103.3,74,0,0
18257,2011-02,2,363.8,124,-7,C
18257,2011-05,1,357.4,192,-4,0
18257,2011-06,1,214.4,92,-3,0
18257,2011-08,1,627.27,313,-1,0
18257,2011-10,3,774.76,320,1,C
18259,2010-12,1,376.30000000000007,116,-9,0
18259,2011-09,1,891.9000000000001,262,0,0
18259,2011-11,1,1070.4,336,2,0
18260,2010-12,1,230.70000000000002,58,-9,0
18260,2011-01,1,557.07,429,-8,0
18260,2011-03,1,533.9,353,-6,0
18260,2011-04,1,451.58,314,-5,0
18260,2011-05,1,427.97,144,-4,0
18260,2011-06,1,427.13,177,-3,0
18261,2011-09,1,224.8,102,0,0
18261,2011-10,1,99.44,44,1,0
18262,2011-07,1,149.48,182,-2,0
18263,2011-04,1,307.59999999999997,328,-5,0
18263,2011-07,1,503.8,720,-2,0
18263,2011-11,1,401.76,420,2,0
18265,2011-07,1,488.55,224,-2,0
18265,2011-09,1,312.96,87,0,0
18268,2011-07,1,25.5,2,-2,0
18269,2010-12,1,168.6,76,-9,0
18270,2011-03,1,111.95,41,-6,0
18270,2011-11,1,171.20000000000002,60,2,0
18272,2011-04,2,980.54,788,-5,C
18272,2011-07,1,753.66,392,-2,0
18272,2011-08,1,372.25,285,-1,0
18272,2011-10,1,604.25,331,1,0
18272,2011-12,1,367.88,254,3,0
18273,2011-03,1,51.0,20,-6,0
18273,2011-09,1,102.0,40,0,0
18273,2011-12,1,51.0,20,3,0
18274,2011-11,1,175.92,88,2,0
18276,2011-10,1,335.86,186,1,0
18277,2011-10,1,110.38,68,1,0
18278,2011-09,1,173.9,66,0,0
18280,2011-03,1,180.60000000000002,45,-6,0
18281,2011-06,1,80.82,54,-3,0
18282,2011-08,1,100.21000000000001,75,-1,0
18282,2011-12,1,77.84,28,3,0
18283,2011-01,2,213.75,127,-8,C
18283,2011-02,1,100.94999999999999,58,-7,0
18283,2011-04,1,115.6,86,-5,0
18283,2011-05,1,85.22,55,-4,0
18283,2011-06,2,296.52,198,-3,C
18283,2011-07,2,139.89000000000001,100,-2,C
18283,2011-09,1,134.9,95,0,0
18283,2011-10,1,112.99,61,1,0
18283,2011-11,4,637.71,435,2,C
18283,2011-12,1,208.0,142,3,0
18287,2011-05,1,765.28,488,-4,0
18287,2011-10,2,1072.0,1098,1,C
