CustomerID,Recency,Frequency,Monetary,AOV,AvgItemsPerOrder,TenureDays,Country,CountryGroup,Churn,Churn_Probability,Churn_Prob_Pct,Risk_Tier,Recommended_Action,Action_Channel
14439,229,1,2661.24,2661.24,526.0,229,Greece,Other,1,0.8194236781663983,81.9,High Risk,"Personalized win-back offer, high-priority outreach, targeted voucher.",Direct Outreach / SMS / VIP Account Manager
14932,275,1,363.53,363.53,80.0,275,Channel Islands,Other,1,0.8098594424803197,81.0,High Risk,"Personalized win-back offer, high-priority outreach, targeted voucher.",Direct Outreach / SMS / VIP Account Manager
12725,280,1,427.8,427.8,164.0,280,Italy,Other,1,0.8089081124096329,80.9,High Risk,"Personalized win-back offer, high-priority outreach, targeted voucher.",Direct Outreach / SMS / VIP Account Manager
12435,177,1,3978.9900000000002,3978.9900000000002,879.0,177,Denmark,Other,0,0.8063917884014751,80.6,High Risk,"Personalized win-back offer, high-priority outreach, targeted voucher.",Direct Outreach / SMS / VIP Account Manager
12797,275,1,254.03,254.03,118.0,275,Portugal,Other,1,0.8046165289112195,80.5,High Risk,"Personalized win-back offer, high-priority outreach, targeted voucher.",Direct Outreach / SMS / VIP Account Manager
12785,273,1,311.95,311.95,131.0,273,Portugal,Other,1,0.8043273962978008,80.4,High Risk,"Personalized win-back offer, high-priority outreach, targeted voucher.",Direct Outreach / SMS / VIP Account Manager
12764,226,1,1693.88,1693.88,386.0,226,Lebanon,Other,1,0.8012240361693542,80.1,High Risk,"Personalized win-back offer, high-priority outreach, targeted voucher.",Direct Outreach / SMS / VIP Account Manager
12515,262,1,383.7,383.7,131.0,262,Italy,Other,1,0.8005809516973065,80.1,High Risk,"Personalized win-back offer, high-priority outreach, targeted voucher.",Direct Outreach / SMS / VIP Account Manager
12402,232,1,225.6,225.6,94.0,232,Belgium,Other,1,0.7824620311612072,78.2,High Risk,"Personalized win-back offer, high-priority outreach, targeted voucher.",Direct Outreach / SMS / VIP Account Manager
12578,239,1,1608.66,1608.66,748.0,239,Italy,Other,0,0.7821136277910193,78.2,High Risk,"Personalized win-back offer, high-priority outreach, targeted voucher.",Direct Outreach / SMS / VIP Account Manager
15221,275,1,403.25,403.25,43.0,275,United Kingdom,United Kingdom,1,0.777269096998995,77.7,High Risk,"Personalized win-back offer, high-priority outreach, targeted voucher.",Direct Outreach / SMS / VIP Account Manager
12591,226,1,452.84999999999997,452.84999999999997,228.0,226,Italy,Other,1,0.7765906663652102,77.7,High Risk,"Personalized win-back offer, high-priority outreach, targeted voucher.",Direct Outreach / SMS / VIP Account Manager
13455,275,1,692.94,692.94,190.0,275,United Kingdom,United Kingdom,0,0.775675478469156,77.6,High Risk,"Personalized win-back offer, high-priority outreach, targeted voucher.",Direct Outreach / SMS / VIP Account Manager
15165,282,1,487.75,487.75,160.0,282,United Kingdom,United Kingdom,1,0.7756505796230916,77.6,High Risk,"Personalized win-back offer, high-priority outreach, targeted voucher.",Direct Outreach / SMS / VIP Account Manager
16926,280,1,230.25,230.25,35.0,280,United Kingdom,United Kingdom,1,0.7755457802758402,77.6,High Risk,"Personalized win-back offer, high-priority outreach, targeted voucher.",Direct Outreach / SMS / VIP Account Manager
17732,282,1,303.97,303.97,93.0,282,United Kingdom,United Kingdom,1,0.7748482143505433,77.5,High Risk,"Personalized win-back offer, high-priority outreach, targeted voucher.",Direct Outreach / SMS / VIP Account Manager
16858,278,1,375.69000000000005,375.69000000000005,91.0,278,United Kingdom,United Kingdom,1,0.7748397125823949,77.5,High Risk,"Personalized win-back offer, high-priority outreach, targeted voucher.",Direct Outreach / SMS / VIP Account Manager
17976,281,1,321.79,321.79,93.0,281,United Kingdom,United Kingdom,1,0.7748081769406708,77.5,High Risk,"Personalized win-back offer, high-priority outreach, targeted voucher.",Direct Outreach / SMS / VIP Account Manager
13809,214,1,155.05,155.05,29.0,214,Cyprus,Other,1,0.7747428280870514,77.5,High Risk,"Personalized win-back offer, high-priority outreach, targeted voucher.",Direct Outreach / SMS / VIP Account Manager
14236,281,1,189.3,189.3,38.0,281,United Kingdom,United Kingdom,0,0.7746931778323957,77.5,High Risk,"Personalized win-back offer, high-priority outreach, targeted voucher.",Direct Outreach / SMS / VIP Account Manager
16752,282,1,207.5,207.5,54.0,282,United Kingdom,United Kingdom,1,0.7746918990534675,77.5,High Risk,"Personalized win-back offer, high-priority outreach, targeted voucher.",Direct Outreach / SMS / VIP Account Manager
13747,283,1,79.6,79.6,8.0,283,United Kingdom,United Kingdom,1,0.7746573921241336,77.5,High Risk,"Personalized win-back offer, high-priority outreach, targeted voucher.",Direct Outreach / SMS / VIP Account Manager
17925,282,1,244.08,244.08,72.0,282,United Kingdom,United Kingdom,1,0.7745284612613026,77.5,High Risk,"Personalized win-back offer, high-priority outreach, targeted voucher.",Direct Outreach / SMS / VIP Account Manager
14237,282,1,161.0,161.0,38.0,282,United Kingdom,United Kingdom,1,0.7744223846238231,77.4,High Risk,"Personalized win-back offer, high-priority outreach, targeted voucher.",Direct Outreach / SMS / VIP Account Manager
18074,283,1,489.6,489.6,190.0,283,United Kingdom,United Kingdom,1,0.7741949184123796,77.4,High Risk,"Personalized win-back offer, high-priority outreach, targeted voucher.",Direct Outreach / SMS / VIP Account Manager
16812,270,1,479.35,479.35,81.0,270,United Kingdom,United Kingdom,1,0.7740586218740282,77.4,High Risk,"Personalized win-back offer, high-priority outreach, targeted voucher.",Direct Outreach / SMS / VIP Account Manager
14290,271,1,777.5600000000001,777.5600000000001,220.0,271,United Kingdom,United Kingdom,0,0.7738311607063766,77.4,High Risk,"Personalized win-back offer, high-priority outreach, targeted voucher.",Direct Outreach / SMS / VIP Account Manager
15922,282,1,369.5,369.5,138.0,282,United Kingdom,United Kingdom,1,0.7736695922274383,77.4,High Risk,"Personalized win-back offer, high-priority outreach, targeted voucher.",Direct Outreach / SMS / VIP Account Manager
15111,282,1,288.5,288.5,106.0,282,United Kingdom,United Kingdom,0,0.7734859532010424,77.3,High Risk,"Personalized win-back offer, high-priority outreach, targeted voucher.",Direct Outreach / SMS / VIP Account Manager
13065,282,1,205.86,205.86,74.0,282,United Kingdom,United Kingdom,1,0.7732533667080119,77.3,High Risk,"Personalized win-back offer, high-priority outreach, targeted voucher.",Direct Outreach / SMS / VIP Account Manager
17235,281,1,341.9,341.9,126.0,281,United Kingdom,United Kingdom,0,0.7731125607920174,77.3,High Risk,"Personalized win-back offer, high-priority outreach, targeted voucher.",Direct Outreach / SMS / VIP Account Manager
16781,281,1,311.25,311.25,113.0,281,United Kingdom,United Kingdom,1,0.7731050787742229,77.3,High Risk,"Personalized win-back offer, high-priority outreach, targeted voucher.",Direct Outreach / SMS / VIP Account Manager
15070,282,1,106.2,106.2,36.0,282,United Kingdom,United Kingdom,1,0.7729314880788007,77.3,High Risk,"Personalized win-back offer, high-priority outreach, targeted voucher.",Direct Outreach / SMS / VIP Account Manager
12401,212,1,84.3,84.3,11.0,212,Belgium,Other,1,0.7727503470283209,77.3,High Risk,"Personalized win-back offer, high-priority outreach, targeted voucher.",Direct Outreach / SMS / VIP Account Manager
12373,220,1,364.6,364.6,197.0,220,Austria,Other,1,0.772712432579124,77.3,High Risk,"Personalized win-back offer, high-priority outreach, targeted voucher.",Direct Outreach / SMS / VIP Account Manager
16510,281,1,248.1,248.1,92.0,281,United Kingdom,United Kingdom,1,0.7726863233156346,77.3,High Risk,"Personalized win-back offer, high-priority outreach, targeted voucher.",Direct Outreach / SMS / VIP Account Manager
15012,283,1,188.56,188.56,84.0,283,United Kingdom,United Kingdom,0,0.7726119866571014,77.3,High Risk,"Personalized win-back offer, high-priority outreach, targeted voucher.",Direct Outreach / SMS / VIP Account Manager
15525,282,1,274.93,274.93,113.0,282,United Kingdom,United Kingdom,0,0.7725936667724566,77.3,High Risk,"Personalized win-back offer, high-priority outreach, targeted voucher.",Direct Outreach / SMS / VIP Account Manager
14589,281,1,39.75,39.75,5.0,281,United Kingdom,United Kingdom,1,0.7725397568963714,77.3,High Risk,"Personalized win-back offer, high-priority outreach, targeted voucher.",Direct Outreach / SMS / VIP Account Manager
13011,281,1,50.550000000000004,50.550000000000004,13.0,281,United Kingdom,United Kingdom,1,0.7723036443221105,77.2,High Risk,"Personalized win-back offer, high-priority outreach, targeted voucher.",Direct Outreach / SMS / VIP Account Manager
15350,282,1,115.65,115.65,51.0,282,United Kingdom,United Kingdom,1,0.7721665792746782,77.2,High Risk,"Personalized win-back offer, high-priority outreach, targeted voucher.",Direct Outreach / SMS / VIP Account Manager
16274,282,1,351.75,351.75,153.0,282,United Kingdom,United Kingdom,1,0.772094415122355,77.2,High Risk,"Personalized win-back offer, high-priority outreach, targeted voucher.",Direct Outreach / SMS / VIP Account Manager
15823,281,1,15.0,15.0,1.0,281,United Kingdom,United Kingdom,1,0.7720798407810346,77.2,High Risk,"Personalized win-back offer, high-priority outreach, targeted voucher.",Direct Outreach / SMS / VIP Account Manager
16583,283,1,233.45,233.45,111.0,283,United Kingdom,United Kingdom,1,0.7720669961015467,77.2,High Risk,"Personalized win-back offer, high-priority outreach, targeted voucher.",Direct Outreach / SMS / VIP Account Manager
15363,282,1,326.0,326.0,144.0,282,United Kingdom,United Kingdom,1,0.7719537572467327,77.2,High Risk,"Personalized win-back offer, high-priority outreach, targeted voucher.",Direct Outreach / SMS / VIP Account Manager
14576,281,1,35.400000000000006,35.400000000000006,12.0,281,United Kingdom,United Kingdom,1,0.7719207078873218,77.2,High Risk,"Personalized win-back offer, high-priority outreach, targeted voucher.",Direct Outreach / SMS / VIP Account Manager
13270,275,1,590.0,590.0,200.0,275,United Kingdom,United Kingdom,1,0.7719195006807826,77.2,High Risk,"Personalized win-back offer, high-priority outreach, targeted voucher.",Direct Outreach / SMS / VIP Account Manager
13255,283,1,225.7,225.7,110.0,283,United Kingdom,United Kingdom,0,0.7719051808605006,77.2,High Risk,"Personalized win-back offer, high-priority outreach, targeted voucher.",Direct Outreach / SMS / VIP Account Manager
17525,269,1,422.70000000000005,422.70000000000005,82.0,269,United Kingdom,United Kingdom,1,0.7717281275605997,77.2,High Risk,"Personalized win-back offer, high-priority outreach, targeted voucher.",Direct Outreach / SMS / VIP Account Manager
14396,280,1,110.35000000000001,110.35000000000001,39.0,280,United Kingdom,United Kingdom,0,0.771700601097687,77.2,High Risk,"Personalized win-back offer, high-priority outreach, targeted voucher.",Direct Outreach / SMS / VIP Account Manager
13579,278,1,164.70000000000002,164.70000000000002,46.0,278,United Kingdom,United Kingdom,0,0.7716898133041199,77.2,High Risk,"Personalized win-back offer, high-priority outreach, targeted voucher.",Direct Outreach / SMS / VIP Account Manager
18259,275,1,376.30000000000007,376.30000000000007,116.0,275,United Kingdom,United Kingdom,0,0.7714023957363273,77.1,High Risk,"Personalized win-back offer, high-priority outreach, targeted voucher.",Direct Outreach / SMS / VIP Account Manager
18156,279,1,186.88,186.88,68.0,279,United Kingdom,United Kingdom,0,0.7713875895650996,77.1,High Risk,"Personalized win-back offer, high-priority outreach, targeted voucher.",Direct Outreach / SMS / VIP Account Manager
12855,282,1,38.1,38.1,30.0,282,United Kingdom,United Kingdom,1,0.7713154176187752,77.1,High Risk,"Personalized win-back offer, high-priority outreach, targeted voucher.",Direct Outreach / SMS / VIP Account Manager
12350,219,1,334.4,334.4,197.0,219,Norway,Other,1,0.7712361221745319,77.1,High Risk,"Personalized win-back offer, high-priority outreach, targeted voucher.",Direct Outreach / SMS / VIP Account Manager
15211,274,1,383.07,383.07,117.0,274,United Kingdom,United Kingdom,0,0.7709605759628261,77.1,High Risk,"Personalized win-back offer, high-priority outreach, targeted voucher.",Direct Outreach / SMS / VIP Account Manager
15973,276,1,307.82000000000005,307.82000000000005,106.0,276,United Kingdom,United Kingdom,1,0.7706248667351623,77.1,High Risk,"Personalized win-back offer, high-priority outreach, targeted voucher.",Direct Outreach / SMS / VIP Account Manager
14487,277,1,125.10000000000001,125.10000000000001,37.0,277,United Kingdom,United Kingdom,0,0.770558768959452,77.1,High Risk,"Personalized win-back offer, high-priority outreach, targeted voucher.",Direct Outreach / SMS / VIP Account Manager
16916,281,1,196.43,196.43,102.0,281,United Kingdom,United Kingdom,0,0.77043918902234,77.0,High Risk,"Personalized win-back offer, high-priority outreach, targeted voucher.",Direct Outreach / SMS / VIP Account Manager
18011,282,1,102.78999999999999,102.78999999999999,71.0,282,United Kingdom,United Kingdom,1,0.7703797146446886,77.0,High Risk,"Personalized win-back offer, high-priority outreach, targeted voucher.",Direct Outreach / SMS / VIP Account Manager
17643,282,1,101.55,101.55,71.0,282,United Kingdom,United Kingdom,1,0.7703424512329298,77.0,High Risk,"Personalized win-back offer, high-priority outreach, targeted voucher.",Direct Outreach / SMS / VIP Account Manager
16658,277,1,123.24,123.24,40.0,277,United Kingdom,United Kingdom,1,0.7702921136411414,77.0,High Risk,"Personalized win-back offer, high-priority outreach, targeted voucher.",Direct Outreach / SMS / VIP Account Manager
13370,281,1,754.87,754.87,343.0,281,United Kingdom,United Kingdom,1,0.7702856608850851,77.0,High Risk,"Personalized win-back offer, high-priority outreach, targeted voucher.",Direct Outreach / SMS / VIP Account Manager
17860,278,1,226.45000000000002,226.45000000000002,93.0,278,United Kingdom,United Kingdom,1,0.7702454284357231,77.0,High Risk,"Personalized win-back offer, high-priority outreach, targeted voucher.",Direct Outreach / SMS / VIP Account Manager
17968,283,1,265.1,265.1,151.0,283,United Kingdom,United Kingdom,1,0.7702117170804162,77.0,High Risk,"Personalized win-back offer, high-priority outreach, targeted voucher.",Direct Outreach / SMS / VIP Account Manager
16679,275,1,129.75,129.75,29.0,275,United Kingdom,United Kingdom,1,0.7701084210610083,77.0,High Risk,"Personalized win-back offer, high-priority outreach, targeted voucher.",Direct Outreach / SMS / VIP Account Manager
17967,281,1,112.27,112.27,73.0,281,United Kingdom,United Kingdom,1,0.7699476897674167,77.0,High Risk,"Personalized win-back offer, high-priority outreach, targeted voucher.",Direct Outreach / SMS / VIP Account Manager
15545,280,1,135.32999999999998,135.32999999999998,75.0,280,United Kingdom,United Kingdom,0,0.7699239889013663,77.0,High Risk,"Personalized win-back offer, high-priority outreach, targeted voucher.",Direct Outreach / SMS / VIP Account Manager
15351,279,1,274.67,274.67,129.0,279,United Kingdom,United Kingdom,0,0.7697402822022635,77.0,High Risk,"Personalized win-back offer, high-priority outreach, targeted voucher.",Direct Outreach / SMS / VIP Account Manager
14594,282,1,255.0,255.0,146.0,282,United Kingdom,United Kingdom,0,0.7696827799725445,77.0,High Risk,"Personalized win-back offer, high-priority outreach, targeted voucher.",Direct Outreach / SMS / VIP Account Manager
13569,277,1,109.82000000000001,109.82000000000001,43.0,277,United Kingdom,United Kingdom,0,0.7696773089831913,77.0,High Risk,"Personalized win-back offer, high-priority outreach, targeted voucher.",Direct Outreach / SMS / VIP Account Manager
13807,276,1,112.6,112.6,36.0,276,United Kingdom,United Kingdom,1,0.7696766384600474,77.0,High Risk,"Personalized win-back offer, high-priority outreach, targeted voucher.",Direct Outreach / SMS / VIP Account Manager
15945,274,1,181.0,181.0,52.0,274,United Kingdom,United Kingdom,1,0.7694550502872279,76.9,High Risk,"Personalized win-back offer, high-priority outreach, targeted voucher.",Direct Outreach / SMS / VIP Account Manager
13030,277,1,402.36,402.36,174.0,277,United Kingdom,United Kingdom,0,0.7692618542603642,76.9,High Risk,"Personalized win-back offer, high-priority outreach, targeted voucher.",Direct Outreach / SMS / VIP Account Manager
16519,274,1,103.7,103.7,24.0,274,United Kingdom,United Kingdom,0,0.7690985070796069,76.9,High Risk,"Personalized win-back offer, high-priority outreach, targeted voucher.",Direct Outreach / SMS / VIP Account Manager
16565,273,1,173.7,173.7,46.0,273,United Kingdom,United Kingdom,1,0.7690799477232968,76.9,High Risk,"Personalized win-back offer, high-priority outreach, targeted voucher.",Direct Outreach / SMS / VIP Account Manager
16411,278,1,128.55,128.55,69.0,278,United Kingdom,United Kingdom,0,0.7689870716239371,76.9,High Risk,"Personalized win-back offer, high-priority outreach, targeted voucher.",Direct Outreach / SMS / VIP Account Manager
15899,278,1,56.25,56.25,39.0,278,United Kingdom,United Kingdom,1,0.7689222244102805,76.9,High Risk,"Personalized win-back offer, high-priority outreach, targeted voucher.",Direct Outreach / SMS / VIP Account Manager
15180,276,1,87.5,87.5,36.0,276,United Kingdom,United Kingdom,1,0.7689199099068048,76.9,High Risk,"Personalized win-back offer, high-priority outreach, targeted voucher.",Direct Outreach / SMS / VIP Account Manager
14821,276,1,48.800000000000004,48.800000000000004,20.0,276,United Kingdom,United Kingdom,1,0.7688810931658254,76.9,High Risk,"Personalized win-back offer, high-priority outreach, targeted voucher.",Direct Outreach / SMS / VIP Account Manager
16893,276,1,145.93,145.93,62.0,276,United Kingdom,United Kingdom,1,0.7688484342289764,76.9,High Risk,"Personalized win-back offer, high-priority outreach, targeted voucher.",Direct Outreach / SMS / VIP Account Manager
16125,276,1,289.35,289.35,124.0,276,United Kingdom,United Kingdom,1,0.7688013533901,76.9,High Risk,"Personalized win-back offer, high-priority outreach, targeted voucher.",Direct Outreach / SMS / VIP Account Manager
14608,271,1,204.0,204.0,48.0,271,United Kingdom,United Kingdom,0,0.7686960240818405,76.9,High Risk,"Personalized win-back offer, high-priority outreach, targeted voucher.",Direct Outreach / SMS / VIP Account Manager
14987,275,1,163.2,163.2,64.0,275,United Kingdom,United Kingdom,0,0.7686497970061271,76.9,High Risk,"Personalized win-back offer, high-priority outreach, targeted voucher.",Direct Outreach / SMS / VIP Account Manager
12838,283,1,390.79,390.79,228.0,283,United Kingdom,United Kingdom,0,0.7685731625660537,76.9,High Risk,"Personalized win-back offer, high-priority outreach, targeted voucher.",Direct Outreach / SMS / VIP Account Manager
16596,275,1,120.65,120.65,47.0,275,United Kingdom,United Kingdom,0,0.768565277195519,76.9,High Risk,"Personalized win-back offer, high-priority outreach, targeted voucher.",Direct Outreach / SMS / VIP Account Manager
14729,283,1,313.49,313.49,197.0,283,United Kingdom,United Kingdom,1,0.7684277881515788,76.8,High Risk,"Personalized win-back offer, high-priority outreach, targeted voucher.",Direct Outreach / SMS / VIP Account Manager
15965,276,1,156.19,156.19,74.0,276,United Kingdom,United Kingdom,0,0.7683106049888802,76.8,High Risk,"Personalized win-back offer, high-priority outreach, targeted voucher.",Direct Outreach / SMS / VIP Account Manager
15723,274,1,190.7,190.7,73.0,274,United Kingdom,United Kingdom,1,0.7682654422292458,76.8,High Risk,"Personalized win-back offer, high-priority outreach, targeted voucher.",Direct Outreach / SMS / VIP Account Manager
18269,275,1,168.6,168.6,76.0,275,United Kingdom,United Kingdom,1,0.7679645639141867,76.8,High Risk,"Personalized win-back offer, high-priority outreach, targeted voucher.",Direct Outreach / SMS / VIP Account Manager
17908,283,1,232.03,232.03,169.0,283,United Kingdom,United Kingdom,1,0.7679442268534165,76.8,High Risk,"Personalized win-back offer, high-priority outreach, targeted voucher.",Direct Outreach / SMS / VIP Account Manager
14113,264,1,433.5,433.5,102.0,264,United Kingdom,United Kingdom,0,0.7677593350854811,76.8,High Risk,"Personalized win-back offer, high-priority outreach, targeted voucher.",Direct Outreach / SMS / VIP Account Manager
16140,280,1,124.14,124.14,104.0,280,United Kingdom,United Kingdom,0,0.7675380842267092,76.8,High Risk,"Personalized win-back offer, high-priority outreach, targeted voucher.",Direct Outreach / SMS / VIP Account Manager
15923,282,1,127.08,127.08,122.0,282,United Kingdom,United Kingdom,1,0.7675135639855548,76.8,High Risk,"Personalized win-back offer, high-priority outreach, targeted voucher.",Direct Outreach / SMS / VIP Account Manager
17999,275,1,190.34,190.34,94.0,275,United Kingdom,United Kingdom,0,0.7673479689817474,76.7,High Risk,"Personalized win-back offer, high-priority outreach, targeted voucher.",Direct Outreach / SMS / VIP Account Manager
13874,267,1,540.45,540.45,180.0,267,United Kingdom,United Kingdom,1,0.7672157896687254,76.7,High Risk,"Personalized win-back offer, high-priority outreach, targeted voucher.",Direct Outreach / SMS / VIP Account Manager
18113,278,1,76.32000000000001,76.32000000000001,72.0,278,United Kingdom,United Kingdom,1,0.7671943919311124,76.7,High Risk,"Personalized win-back offer, high-priority outreach, targeted voucher.",Direct Outreach / SMS / VIP Account Manager
15028,278,1,185.97,185.97,119.0,278,United Kingdom,United Kingdom,0,0.7671866935754448,76.7,High Risk,"Personalized win-back offer, high-priority outreach, targeted voucher.",Direct Outreach / SMS / VIP Account Manager
12963,275,1,365.8,365.8,172.0,275,United Kingdom,United Kingdom,0,0.7671376372140305,76.7,High Risk,"Personalized win-back offer, high-priority outreach, targeted voucher.",Direct Outreach / SMS / VIP Account Manager
14448,273,1,102.35000000000001,102.35000000000001,44.0,273,United Kingdom,United Kingdom,0,0.767062386392674,76.7,High Risk,"Personalized win-back offer, high-priority outreach, targeted voucher.",Direct Outreach / SMS / VIP Account Manager
13369,275,1,308.28000000000003,308.28000000000003,149.0,275,United Kingdom,United Kingdom,1,0.7670242071940468,76.7,High Risk,"Personalized win-back offer, high-priority outreach, targeted voucher.",Direct Outreach / SMS / VIP Account Manager
17251,272,1,269.83,269.83,108.0,272,United Kingdom,United Kingdom,1,0.7670214978190298,76.7,High Risk,"Personalized win-back offer, high-priority outreach, targeted voucher.",Direct Outreach / SMS / VIP Account Manager
14355,275,1,174.4,174.4,92.0,275,United Kingdom,United Kingdom,1,0.7670062210250878,76.7,High Risk,"Personalized win-back offer, high-priority outreach, targeted voucher.",Direct Outreach / SMS / VIP Account Manager
17430,274,1,112.6,112.6,60.0,274,United Kingdom,United Kingdom,0,0.7668196886804284,76.7,High Risk,"Personalized win-back offer, high-priority outreach, targeted voucher.",Direct Outreach / SMS / VIP Account Manager
17496,268,1,271.05,271.05,79.0,268,United Kingdom,United Kingdom,1,0.7667891729805274,76.7,High Risk,"Personalized win-back offer, high-priority outreach, targeted voucher.",Direct Outreach / SMS / VIP Account Manager
13034,278,1,165.86,165.86,116.0,278,United Kingdom,United Kingdom,0,0.7667891459927504,76.7,High Risk,"Personalized win-back offer, high-priority outreach, targeted voucher.",Direct Outreach / SMS / VIP Account Manager
15171,240,1,1289.5,1289.5,290.0,240,United Kingdom,United Kingdom,1,0.7664325695498966,76.6,High Risk,"Personalized win-back offer, high-priority outreach, targeted voucher.",Direct Outreach / SMS / VIP Account Manager
16863,276,1,164.25,164.25,105.0,276,United Kingdom,United Kingdom,0,0.766356611821149,76.6,High Risk,"Personalized win-back offer, high-priority outreach, targeted voucher.",Direct Outreach / SMS / VIP Account Manager
13787,273,1,106.4,106.4,56.0,273,United Kingdom,United Kingdom,0,0.7663328183098598,76.6,High Risk,"Personalized win-back offer, high-priority outreach, targeted voucher.",Direct Outreach / SMS / VIP Account Manager
17812,277,1,193.29999999999998,193.29999999999998,127.0,277,United Kingdom,United Kingdom,0,0.7662585540460572,76.6,High Risk,"Personalized win-back offer, high-priority outreach, targeted voucher.",Direct Outreach / SMS / VIP Account Manager
15822,268,1,440.2,440.2,160.0,268,United Kingdom,United Kingdom,0,0.7661732125908117,76.6,High Risk,"Personalized win-back offer, high-priority outreach, targeted voucher.",Direct Outreach / SMS / VIP Account Manager
13786,276,1,230.39999999999998,230.39999999999998,136.0,276,United Kingdom,United Kingdom,1,0.7661637268422709,76.6,High Risk,"Personalized win-back offer, high-priority outreach, targeted voucher.",Direct Outreach / SMS / VIP Account Manager
18119,277,1,180.7,180.7,124.0,277,United Kingdom,United Kingdom,1,0.7660885908904734,76.6,High Risk,"Personalized win-back offer, high-priority outreach, targeted voucher.",Direct Outreach / SMS / VIP Account Manager
14865,281,1,37.2,37.2,96.0,281,United Kingdom,United Kingdom,0,0.7660477430985791,76.6,High Risk,"Personalized win-back offer, high-priority outreach, targeted voucher.",Direct Outreach / SMS / VIP Account Manager
16885,266,1,177.95,177.95,35.0,266,United Kingdom,United Kingdom,0,0.7659206880162771,76.6,High Risk,"Personalized win-back offer, high-priority outreach, targeted voucher.",Direct Outreach / SMS / VIP Account Manager
14437,275,1,63.0,63.0,60.0,275,United Kingdom,United Kingdom,1,0.7658941519219226,76.6,High Risk,"Personalized win-back offer, high-priority outreach, targeted voucher.",Direct Outreach / SMS / VIP Account Manager
17760,282,1,172.54,172.54,165.0,282,United Kingdom,United Kingdom,0,0.7658395282224258,76.6,High Risk,"Personalized win-back offer, high-priority outreach, targeted voucher.",Direct Outreach / SMS / VIP Account Manager
17964,281,1,261.76,261.76,195.0,281,United Kingdom,United Kingdom,0,0.7658364141463179,76.6,High Risk,"Personalized win-back offer, high-priority outreach, targeted voucher.",Direct Outreach / SMS / VIP Account Manager
16665,271,1,135.39999999999998,135.39999999999998,59.0,271,United Kingdom,United Kingdom,1,0.7658348981706453,76.6,High Risk,"Personalized win-back offer, high-priority outreach, targeted voucher.",Direct Outreach / SMS / VIP Account Manager
15503,272,1,141.04,141.04,70.0,272,United Kingdom,United Kingdom,1,0.7658071374720341,76.6,High Risk,"Personalized win-back offer, high-priority outreach, targeted voucher.",Direct Outreach / SMS / VIP Account Manager
13173,276,1,165.94,165.94,114.0,276,United Kingdom,United Kingdom,0,0.765767377997858,76.6,High Risk,"Personalized win-back offer, high-priority outreach, targeted voucher.",Direct Outreach / SMS / VIP Account Manager
15880,278,1,329.03000000000003,329.03000000000003,202.0,278,United Kingdom,United Kingdom,1,0.7656349503425571,76.6,High Risk,"Personalized win-back offer, high-priority outreach, targeted voucher.",Direct Outreach / SMS / VIP Account Manager
13329,276,1,304.2,304.2,175.0,276,United Kingdom,United Kingdom,0,0.7656338643402484,76.6,High Risk,"Personalized win-back offer, high-priority outreach, targeted voucher.",Direct Outreach / SMS / VIP Account Manager
14673,277,1,373.49,373.49,213.0,277,United Kingdom,United Kingdom,0,0.7656217498855655,76.6,High Risk,"Personalized win-back offer, high-priority outreach, targeted voucher.",Direct Outreach / SMS / VIP Account Manager
13948,270,1,102.0,102.0,40.0,270,United Kingdom,United Kingdom,1,0.7655867818947558,76.6,High Risk,"Personalized win-back offer, high-priority outreach, targeted voucher.",Direct Outreach / SMS / VIP Account Manager
16367,272,1,167.09,167.09,87.0,272,United Kingdom,United Kingdom,0,0.7653894227142526,76.5,High Risk,"Personalized win-back offer, high-priority outreach, targeted voucher.",Direct Outreach / SMS / VIP Account Manager
18004,271,1,157.92,157.92,75.0,271,United Kingdom,United Kingdom,1,0.7653808700059707,76.5,High Risk,"Personalized win-back offer, high-priority outreach, targeted voucher.",Direct Outreach / SMS / VIP Account Manager
14082,274,1,182.25,182.25,110.0,274,United Kingdom,United Kingdom,1,0.7653808552792436,76.5,High Risk,"Personalized win-back offer, high-priority outreach, targeted voucher.",Direct Outreach / SMS / VIP Account Manager
17371,270,1,92.14,92.14,39.0,270,United Kingdom,United Kingdom,0,0.7653574013827398,76.5,High Risk,"Personalized win-back offer, high-priority outreach, targeted voucher.",Direct Outreach / SMS / VIP Account Manager
15454,271,1,179.1,179.1,86.0,271,United Kingdom,United Kingdom,1,0.765242286197743,76.5,High Risk,"Personalized win-back offer, high-priority outreach, targeted voucher.",Direct Outreach / SMS / VIP Account Manager
15347,275,1,201.60000000000002,201.60000000000002,130.0,275,United Kingdom,United Kingdom,1,0.7651292032174164,76.5,High Risk,"Personalized win-back offer, high-priority outreach, targeted voucher.",Direct Outreach / SMS / VIP Account Manager
13295,269,1,201.20000000000002,201.20000000000002,82.0,269,United Kingdom,United Kingdom,1,0.765032011476364,76.5,High Risk,"Personalized win-back offer, high-priority outreach, targeted voucher.",Direct Outreach / SMS / VIP Account Manager
15101,268,1,102.28,102.28,34.0,268,United Kingdom,United Kingdom,0,0.764853366647084,76.5,High Risk,"Personalized win-back offer, high-priority outreach, targeted voucher.",Direct Outreach / SMS / VIP Account Manager
14413,271,1,121.05,121.05,67.0,271,United Kingdom,United Kingdom,1,0.7648263660062299,76.5,High Risk,"Personalized win-back offer, high-priority outreach, targeted voucher.",Direct Outreach / SMS / VIP Account Manager
14373,267,1,76.55,76.55,17.0,267,United Kingdom,United Kingdom,1,0.7646960340085972,76.5,High Risk,"Personalized win-back offer, high-priority outreach, targeted voucher.",Direct Outreach / SMS / VIP Account Manager
17855,282,1,208.97,208.97,197.0,282,United Kingdom,United Kingdom,1,0.7646677806392393,76.5,High Risk,"Personalized win-back offer, high-priority outreach, targeted voucher.",Direct Outreach / SMS / VIP Account Manager
12866,192,1,559.12,559.12,171.0,192,Belgium,Other,1,0.7642057662273136,76.4,High Risk,"Personalized win-back offer, high-priority outreach, targeted voucher.",Direct Outreach / SMS / VIP Account Manager
15919,278,1,214.07999999999998,214.07999999999998,175.0,278,United Kingdom,United Kingdom,0,0.7640518988432399,76.4,High Risk,"Personalized win-back offer, high-priority outreach, targeted voucher.",Direct Outreach / SMS / VIP Account Manager
12551,267,1,168.0,168.0,100.0,267,Spain,Spain,1,0.7638582814381863,76.4,High Risk,"Personalized win-back offer, high-priority outreach, targeted voucher.",Direct Outreach / SMS / VIP Account Manager
17343,264,1,193.64,193.64,56.0,264,United Kingdom,United Kingdom,1,0.7637281793862022,76.4,High Risk,"Personalized win-back offer, high-priority outreach, targeted voucher.",Direct Outreach / SMS / VIP Account Manager
13496,269,1,501.01,501.01,229.0,269,United Kingdom,United Kingdom,0,0.7636878767252642,76.4,High Risk,"Personalized win-back offer, high-priority outreach, targeted voucher.",Direct Outreach / SMS / VIP Account Manager
18050,268,1,74.4,74.4,40.0,268,United Kingdom,United Kingdom,1,0.7635705154579223,76.4,High Risk,"Personalized win-back offer, high-priority outreach, targeted voucher.",Direct Outreach / SMS / VIP Account Manager
17524,270,1,145.0,145.0,90.0,270,United Kingdom,United Kingdom,1,0.7633257956088888,76.3,High Risk,"Personalized win-back offer, high-priority outreach, targeted voucher.",Direct Outreach / SMS / VIP Account Manager
16795,274,1,414.88,414.88,239.0,274,United Kingdom,United Kingdom,1,0.7632688757159022,76.3,High Risk,"Personalized win-back offer, high-priority outreach, targeted voucher.",Direct Outreach / SMS / VIP Account Manager
13501,197,1,1340.32,1340.32,560.0,197,Switzerland,Other,1,0.7632072092917218,76.3,High Risk,"Personalized win-back offer, high-priority outreach, targeted voucher.",Direct Outreach / SMS / VIP Account Manager
16727,273,1,256.32,256.32,167.0,273,United Kingdom,United Kingdom,1,0.7629812213470333,76.3,High Risk,"Personalized win-back offer, high-priority outreach, targeted voucher.",Direct Outreach / SMS / VIP Account Manager
17551,268,1,290.34,290.34,142.0,268,United Kingdom,United Kingdom,1,0.7628775233656309,76.3,High Risk,"Personalized win-back offer, high-priority outreach, targeted voucher.",Direct Outreach / SMS / VIP Account Manager
13033,266,1,190.55,190.55,83.0,266,United Kingdom,United Kingdom,1,0.7628723744876741,76.3,High Risk,"Personalized win-back offer, high-priority outreach, targeted voucher.",Direct Outreach / SMS / VIP Account Manager
16202,270,1,365.27,365.27,191.0,270,United Kingdom,United Kingdom,1,0.7628373068367781,76.3,High Risk,"Personalized win-back offer, high-priority outreach, targeted voucher.",Direct Outreach / SMS / VIP Account Manager
17303,270,1,250.04,250.04,144.0,270,United Kingdom,United Kingdom,1,0.7626735777696136,76.3,High Risk,"Personalized win-back offer, high-priority outreach, targeted voucher.",Direct Outreach / SMS / VIP Account Manager
16065,274,1,367.14,367.14,228.0,274,United Kingdom,United Kingdom,1,0.7625923936631939,76.3,High Risk,"Personalized win-back offer, high-priority outreach, targeted voucher.",Direct Outreach / SMS / VIP Account Manager
15366,267,1,105.54,105.54,61.0,267,United Kingdom,United Kingdom,0,0.762429745734629,76.2,High Risk,"Personalized win-back offer, high-priority outreach, targeted voucher.",Direct Outreach / SMS / VIP Account Manager
17181,283,1,155.52,155.52,216.0,283,United Kingdom,United Kingdom,0,0.7622532725199377,76.2,High Risk,"Personalized win-back offer, high-priority outreach, targeted voucher.",Direct Outreach / SMS / VIP Account Manager
17913,265,1,218.05,218.05,100.0,265,United Kingdom,United Kingdom,0,0.7619053977802104,76.2,High Risk,"Personalized win-back offer, high-priority outreach, targeted voucher.",Direct Outreach / SMS / VIP Account Manager
15160,266,1,158.16,158.16,84.0,266,United Kingdom,United Kingdom,1,0.7618035352361733,76.2,High Risk,"Personalized win-back offer, high-priority outreach, targeted voucher.",Direct Outreach / SMS / VIP Account Manager
13108,282,1,350.06,350.06,298.0,282,United Kingdom,United Kingdom,1,0.7617487177473833,76.2,High Risk,"Personalized win-back offer, high-priority outreach, targeted voucher.",Direct Outreach / SMS / VIP Account Manager
16560,267,1,332.18,332.18,169.0,267,United Kingdom,United Kingdom,0,0.761631763165023,76.2,High Risk,"Personalized win-back offer, high-priority outreach, targeted voucher.",Direct Outreach / SMS / VIP Account Manager
12565,198,1,145.92,145.92,80.0,198,Saudi Arabia,Other,1,0.7615822009539692,76.2,High Risk,"Personalized win-back offer, high-priority outreach, targeted voucher.",Direct Outreach / SMS / VIP Account Manager
16134,268,1,283.53000000000003,283.53000000000003,158.0,268,United Kingdom,United Kingdom,0,0.7615158796437401,76.2,High Risk,"Personalized win-back offer, high-priority outreach, targeted voucher.",Direct Outreach / SMS / VIP Account Manager
15562,261,1,134.55,134.55,39.0,261,United Kingdom,United Kingdom,1,0.7613643883642441,76.1,High Risk,"Personalized win-back offer, high-priority outreach, targeted voucher.",Direct Outreach / SMS / VIP Account Manager
12361,196,1,189.9,189.9,91.0,196,Belgium,Other,1,0.760962170064262,76.1,High Risk,"Personalized win-back offer, high-priority outreach, targeted voucher.",Direct Outreach / SMS / VIP Account Manager
17829,208,1,889.24,889.24,496.0,208,United Arab Emirates,Other,1,0.7604163091902392,76.0,High Risk,"Personalized win-back offer, high-priority outreach, targeted voucher.",Direct Outreach / SMS / VIP Account Manager
12944,264,1,286.95,286.95,145.0,264,United Kingdom,United Kingdom,0,0.7601909725453513,76.0,High Risk,"Personalized win-back offer, high-priority outreach, targeted voucher.",Direct Outreach / SMS / VIP Account Manager
15460,263,1,214.26,214.26,107.0,263,United Kingdom,United Kingdom,1,0.7600979773881099,76.0,High Risk,"Personalized win-back offer, high-priority outreach, targeted voucher.",Direct Outreach / SMS / VIP Account Manager
14142,282,1,311.81,311.81,313.0,282,United Kingdom,United Kingdom,1,0.7594807510085303,75.9,High Risk,"Personalized win-back offer, high-priority outreach, targeted voucher.",Direct Outreach / SMS / VIP Account Manager
12817,190,1,166.04,166.04,53.0,190,Austria,Other,1,0.7594129333443989,75.9,High Risk,"Personalized win-back offer, high-priority outreach, targeted voucher.",Direct Outreach / SMS / VIP Account Manager
16718,278,1,606.0500000000001,606.0500000000001,407.0,278,United Kingdom,United Kingdom,1,0.75941089182119,75.9,High Risk,"Personalized win-back offer, high-priority outreach, targeted voucher.",Direct Outreach / SMS / VIP Account Manager
17456,274,1,249.86,249.86,222.0,274,United Kingdom,United Kingdom,1,0.7594023927577032,75.9,High Risk,"Personalized win-back offer, high-priority outreach, targeted voucher.",Direct Outreach / SMS / VIP Account Manager
17880,274,1,458.92,458.92,314.0,274,United Kingdom,United Kingdom,1,0.7592139238171858,75.9,High Risk,"Personalized win-back offer, high-priority outreach, targeted voucher.",Direct Outreach / SMS / VIP Account Manager
15680,275,1,478.89,478.89,331.0,275,United Kingdom,United Kingdom,0,0.7591949336304613,75.9,High Risk,"Personalized win-back offer, high-priority outreach, targeted voucher.",Direct Outreach / SMS / VIP Account Manager
15464,247,1,1044.65,1044.65,348.0,247,United Kingdom,United Kingdom,1,0.7588600634204201,75.9,High Risk,"Personalized win-back offer, high-priority outreach, targeted voucher.",Direct Outreach / SMS / VIP Account Manager
13922,261,1,172.25,172.25,93.0,261,United Kingdom,United Kingdom,1,0.7586199708312439,75.9,High Risk,"Personalized win-back offer, high-priority outreach, targeted voucher.",Direct Outreach / SMS / VIP Account Manager
18233,235,1,440.0,440.0,4.0,235,United Kingdom,United Kingdom,1,0.7579169587947787,75.8,High Risk,"Personalized win-back offer, high-priority outreach, targeted voucher.",Direct Outreach / SMS / VIP Account Manager
18176,267,1,476.35,476.35,283.0,267,United Kingdom,United Kingdom,1,0.757836280063445,75.8,High Risk,"Personalized win-back offer, high-priority outreach, targeted voucher.",Direct Outreach / SMS / VIP Account Manager
15279,264,1,290.51,290.51,189.0,264,United Kingdom,United Kingdom,1,0.7571015013227537,75.7,High Risk,"Personalized win-back offer, high-priority outreach, targeted voucher.",Direct Outreach / SMS / VIP Account Manager
14150,269,1,306.18,306.18,262.0,269,United Kingdom,United Kingdom,0,0.7552480838805187,75.5,High Risk,"Personalized win-back offer, high-priority outreach, targeted voucher.",Direct Outreach / SMS / VIP Account Manager
14935,206,1,1784.71,1784.71,935.0,206,Channel Islands,Other,1,0.7551339255696011,75.5,High Risk,"Personalized win-back offer, high-priority outreach, targeted voucher.",Direct Outreach / SMS / VIP Account Manager
15510,240,1,250.0,250.0,2.0,240,United Kingdom,United Kingdom,1,0.7551174901434834,75.5,High Risk,"Personalized win-back offer, high-priority outreach, targeted voucher.",Direct Outreach / SMS / VIP Account Manager
12458,194,1,441.92,441.92,270.0,194,Switzerland,Other,0,0.7545737593154058,75.5,High Risk,"Personalized win-back offer, high-priority outreach, targeted voucher.",Direct Outreach / SMS / VIP Account Manager
15361,271,1,418.92,418.92,336.0,271,United Kingdom,United Kingdom,1,0.7545579317604477,75.5,High Risk,"Personalized win-back offer, high-priority outreach, targeted voucher.",Direct Outreach / SMS / VIP Account Manager
14411,220,1,1063.0,1063.0,196.0,220,United Kingdom,United Kingdom,1,0.7543608287344524,75.4,High Risk,"Personalized win-back offer, high-priority outreach, targeted voucher.",Direct Outreach / SMS / VIP Account Manager
17674,278,1,300.66,300.66,349.0,278,United Kingdom,United Kingdom,0,0.7541026510999183,75.4,High Risk,"Personalized win-back offer, high-priority outreach, targeted voucher.",Direct Outreach / SMS / VIP Account Manager
15204,266,1,316.58,316.58,258.0,266,United Kingdom,United Kingdom,1,0.7540604847082397,75.4,High Risk,"Personalized win-back offer, high-priority outreach, targeted voucher.",Direct Outreach / SMS / VIP Account Manager
15266,247,1,119.3,119.3,18.0,247,United Kingdom,United Kingdom,1,0.7540505077117167,75.4,High Risk,"Personalized win-back offer, high-priority outreach, targeted voucher.",Direct Outreach / SMS / VIP Account Manager
14185,240,1,197.65,197.65,6.0,240,United Kingdom,United Kingdom,1,0.7531740902969262,75.3,High Risk,"Personalized win-back offer, high-priority outreach, targeted voucher.",Direct Outreach / SMS / VIP Account Manager
17018,235,1,405.0,405.0,60.0,235,United Kingdom,United Kingdom,0,0.7527071443576062,75.3,High Risk,"Personalized win-back offer, high-priority outreach, targeted voucher.",Direct Outreach / SMS / VIP Account Manager
17752,268,1,80.64,80.64,192.0,268,United Kingdom,United Kingdom,1,0.7526949431431318,75.3,High Risk,"Personalized win-back offer, high-priority outreach, targeted voucher.",Direct Outreach / SMS / VIP Account Manager
16500,240,1,165.0,165.0,1.0,240,United Kingdom,United Kingdom,0,0.7525116441399327,75.3,High Risk,"Personalized win-back offer, high-priority outreach, targeted voucher.",Direct Outreach / SMS / VIP Account Manager
12781,194,1,549.26,549.26,346.0,194,Czech Republic,Other,0,0.7523530531876745,75.2,High Risk,"Personalized win-back offer, high-priority outreach, targeted voucher.",Direct Outreach / SMS / VIP Account Manager
14934,192,1,828.84,828.84,459.0,192,Channel Islands,Other,0,0.7516244316028664,75.2,High Risk,"Personalized win-back offer, high-priority outreach, targeted voucher.",Direct Outreach / SMS / VIP Account Manager
14618,247,1,211.8,211.8,92.0,247,United Kingdom,United Kingdom,0,0.7515043576767566,75.2,High Risk,"Personalized win-back offer, high-priority outreach, targeted voucher.",Direct Outreach / SMS / VIP Account Manager
13187,246,1,236.02,236.02,95.0,246,United Kingdom,United Kingdom,1,0.7514419842031733,75.1,High Risk,"Personalized win-back offer, high-priority outreach, targeted voucher.",Direct Outreach / SMS / VIP Account Manager
13304,260,1,300.42,300.42,238.0,260,United Kingdom,United Kingdom,1,0.7513913665068532,75.1,High Risk,"Personalized win-back offer, high-priority outreach, targeted voucher.",Direct Outreach / SMS / VIP Account Manager
18106,239,1,421.9,421.9,126.0,239,United Kingdom,United Kingdom,1,0.7507812610749188,75.1,High Risk,"Personalized win-back offer, high-priority outreach, targeted voucher.",Direct Outreach / SMS / VIP Account Manager
13144,242,1,110.95,110.95,21.0,242,United Kingdom,United Kingdom,1,0.7505298352350852,75.1,High Risk,"Personalized win-back offer, high-priority outreach, targeted voucher.",Direct Outreach / SMS / VIP Account Manager
16282,249,1,168.3,168.3,114.0,249,United Kingdom,United Kingdom,1,0.7497044300562002,75.0,High Risk,"Personalized win-back offer, high-priority outreach, targeted voucher.",Direct Outreach / SMS / VIP Account Manager
15388,179,1,140.54,140.54,88.0,179,Canada,Other,1,0.7493984347799101,74.9,High Risk,"Personalized win-back offer, high-priority outreach, targeted voucher.",Direct Outreach / SMS / VIP Account Manager
12514,176,1,1017.68,1017.68,440.0,176,Italy,Other,1,0.7492873512488646,74.9,High Risk,"Personalized win-back offer, high-priority outreach, targeted voucher.",Direct Outreach / SMS / VIP Account Manager
17128,244,1,157.09,157.09,76.0,244,United Kingdom,United Kingdom,1,0.7491236404768034,74.9,High Risk,"Personalized win-back offer, high-priority outreach, targeted voucher.",Direct Outreach / SMS / VIP Account Manager
17508,190,1,387.31,387.31,289.0,190,Greece,Other,1,0.7490037968829663,74.9,High Risk,"Personalized win-back offer, high-priority outreach, targeted voucher.",Direct Outreach / SMS / VIP Account Manager
14270,241,1,492.65000000000003,492.65000000000003,197.0,241,United Kingdom,United Kingdom,1,0.7489672903001806,74.9,High Risk,"Personalized win-back offer, high-priority outreach, targeted voucher.",Direct Outreach / SMS / VIP Account Manager
16315,240,1,226.37,226.37,75.0,240,United Kingdom,United Kingdom,1,0.74896189640701,74.9,High Risk,"Personalized win-back offer, high-priority outreach, targeted voucher.",Direct Outreach / SMS / VIP Account Manager
12434,169,1,286.25,286.25,77.0,169,Australia,Other,0,0.74875100530791,74.9,High Risk,"Personalized win-back offer, high-priority outreach, targeted voucher.",Direct Outreach / SMS / VIP Account Manager
14761,244,1,97.5,97.5,58.0,244,United Kingdom,United Kingdom,0,0.7485645601704648,74.9,High Risk,"Personalized win-back offer, high-priority outreach, targeted voucher.",Direct Outreach / SMS / VIP Account Manager
18032,243,1,73.5,73.5,42.0,243,United Kingdom,United Kingdom,1,0.7483804537631715,74.8,High Risk,"Personalized win-back offer, high-priority outreach, targeted voucher.",Direct Outreach / SMS / VIP Account Manager
14889,245,1,135.9,135.9,90.0,245,United Kingdom,United Kingdom,1,0.7480124031844934,74.8,High Risk,"Personalized win-back offer, high-priority outreach, targeted voucher.",Direct Outreach / SMS / VIP Account Manager
17569,241,1,344.14,344.14,159.0,241,United Kingdom,United Kingdom,1,0.7470573044807338,74.7,High Risk,"Personalized win-back offer, high-priority outreach, targeted voucher.",Direct Outreach / SMS / VIP Account Manager
12427,281,1,303.5,303.5,79.0,281,Germany,Germany,0,0.7469741092188957,74.7,High Risk,"Personalized win-back offer, high-priority outreach, targeted voucher.",Direct Outreach / SMS / VIP Account Manager
13284,240,1,201.19,201.19,91.0,240,United Kingdom,United Kingdom,1,0.7469574219950147,74.7,High Risk,"Personalized win-back offer, high-priority outreach, targeted voucher.",Direct Outreach / SMS / VIP Account Manager
13565,243,1,110.17999999999999,110.17999999999999,78.0,243,United Kingdom,United Kingdom,0,0.7468579270638599,74.7,High Risk,"Personalized win-back offer, high-priority outreach, targeted voucher.",Direct Outreach / SMS / VIP Account Manager
16351,242,1,153.9,153.9,90.0,242,United Kingdom,United Kingdom,1,0.7467451367306406,74.7,High Risk,"Personalized win-back offer, high-priority outreach, targeted voucher.",Direct Outreach / SMS / VIP Account Manager
16350,243,1,376.7,376.7,196.0,243,United Kingdom,United Kingdom,0,0.7465556426059254,74.7,High Risk,"Personalized win-back offer, high-priority outreach, targeted voucher.",Direct Outreach / SMS / VIP Account Manager
15395,235,1,107.45,107.45,17.0,235,United Kingdom,United Kingdom,1,0.7464255205603487,74.6,High Risk,"Personalized win-back offer, high-priority outreach, targeted voucher.",Direct Outreach / SMS / VIP Account Manager
17862,233,1,330.9,330.9,100.0,233,United Kingdom,United Kingdom,1,0.7461367761540736,74.6,High Risk,"Personalized win-back offer, high-priority outreach, targeted voucher.",Direct Outreach / SMS / VIP Account Manager
15447,240,1,155.17,155.17,85.0,240,United Kingdom,United Kingdom,1,0.745928924198696,74.6,High Risk,"Personalized win-back offer, high-priority outreach, targeted voucher.",Direct Outreach / SMS / VIP Account Manager
15392,269,1,338.98,338.98,402.0,269,United Kingdom,United Kingdom,0,0.7458806533066955,74.6,High Risk,"Personalized win-back offer, high-priority outreach, targeted voucher.",Direct Outreach / SMS / VIP Account Manager
16270,262,1,1141.24,1141.24,688.0,262,United Kingdom,United Kingdom,1,0.7458577198943237,74.6,High Risk,"Personalized win-back offer, high-priority outreach, targeted voucher.",Direct Outreach / SMS / VIP Account Manager
15346,242,1,252.42000000000002,252.42000000000002,144.0,242,United Kingdom,United Kingdom,1,0.7458525383796717,74.6,High Risk,"Personalized win-back offer, high-priority outreach, targeted voucher.",Direct Outreach / SMS / VIP Account Manager
17291,217,1,550.8000000000001,550.8000000000001,72.0,217,United Kingdom,United Kingdom,1,0.7454488733006988,74.5,High Risk,"Personalized win-back offer, high-priority outreach, targeted voucher.",Direct Outreach / SMS / VIP Account Manager
17555,244,1,195.45,195.45,156.0,244,United Kingdom,United Kingdom,0,0.7443462187878951,74.4,High Risk,"Personalized win-back offer, high-priority outreach, targeted voucher.",Direct Outreach / SMS / VIP Account Manager
18212,235,1,216.07,216.07,92.0,235,United Kingdom,United Kingdom,1,0.7442730905159687,74.4,High Risk,"Personalized win-back offer, high-priority outreach, targeted voucher.",Direct Outreach / SMS / VIP Account Manager
14068,229,1,265.85,265.85,73.0,229,United Kingdom,United Kingdom,1,0.7435994818076155,74.4,High Risk,"Personalized win-back offer, high-priority outreach, targeted voucher.",Direct Outreach / SMS / VIP Account Manager
15262,233,1,178.95000000000002,178.95000000000002,73.0,233,United Kingdom,United Kingdom,1,0.7432684579335544,74.3,High Risk,"Personalized win-back offer, high-priority outreach, targeted voucher.",Direct Outreach / SMS / VIP Account Manager
16124,226,1,249.0,249.0,48.0,226,United Kingdom,United Kingdom,1,0.7430840731757673,74.3,High Risk,"Personalized win-back offer, high-priority outreach, targeted voucher.",Direct Outreach / SMS / VIP Account Manager
14368,229,1,155.0,155.0,36.0,229,United Kingdom,United Kingdom,1,0.7428106965517257,74.3,High Risk,"Personalized win-back offer, high-priority outreach, targeted voucher.",Direct Outreach / SMS / VIP Account Manager
13385,239,1,534.57,534.57,281.0,239,United Kingdom,United Kingdom,1,0.7427580105729179,74.3,High Risk,"Personalized win-back offer, high-priority outreach, targeted voucher.",Direct Outreach / SMS / VIP Account Manager
15316,236,1,165.0,165.0,100.0,236,United Kingdom,United Kingdom,1,0.7426334710224258,74.3,High Risk,"Personalized win-back offer, high-priority outreach, targeted voucher.",Direct Outreach / SMS / VIP Account Manager
14784,233,1,114.68,114.68,56.0,233,United Kingdom,United Kingdom,0,0.742472915461541,74.2,High Risk,"Personalized win-back offer, high-priority outreach, targeted voucher.",Direct Outreach / SMS / VIP Account Manager
12769,148,1,1143.6,1143.6,356.0,148,Brazil,Other,1,0.7423822768507042,74.2,High Risk,"Personalized win-back offer, high-priority outreach, targeted voucher.",Direct Outreach / SMS / VIP Account Manager
15789,267,1,351.3,351.3,438.0,267,United Kingdom,United Kingdom,1,0.7423160264045028,74.2,High Risk,"Personalized win-back offer, high-priority outreach, targeted voucher.",Direct Outreach / SMS / VIP Account Manager
16387,232,1,94.36,94.36,44.0,232,United Kingdom,United Kingdom,1,0.7421014745959528,74.2,High Risk,"Personalized win-back offer, high-priority outreach, targeted voucher.",Direct Outreach / SMS / VIP Account Manager
13551,228,1,91.80000000000001,91.80000000000001,12.0,228,United Kingdom,United Kingdom,1,0.7419578934206189,74.2,High Risk,"Personalized win-back offer, high-priority outreach, targeted voucher.",Direct Outreach / SMS / VIP Account Manager
13396,228,1,387.27000000000004,387.27000000000004,139.0,228,United Kingdom,United Kingdom,0,0.7419089786740642,74.2,High Risk,"Personalized win-back offer, high-priority outreach, targeted voucher.",Direct Outreach / SMS / VIP Account Manager
17540,225,1,268.8,268.8,64.0,225,United Kingdom,United Kingdom,0,0.741889317951778,74.2,High Risk,"Personalized win-back offer, high-priority outreach, targeted voucher.",Direct Outreach / SMS / VIP Account Manager
13703,227,1,99.5,99.5,10.0,227,United Kingdom,United Kingdom,1,0.7417368653260056,74.2,High Risk,"Personalized win-back offer, high-priority outreach, targeted voucher.",Direct Outreach / SMS / VIP Account Manager
13473,242,1,241.26,241.26,198.0,242,United Kingdom,United Kingdom,0,0.7414018321191918,74.1,High Risk,"Personalized win-back offer, high-priority outreach, targeted voucher.",Direct Outreach / SMS / VIP Account Manager
15167,230,1,158.8,158.8,65.0,230,United Kingdom,United Kingdom,1,0.7413527575377058,74.1,High Risk,"Personalized win-back offer, high-priority outreach, targeted voucher.",Direct Outreach / SMS / VIP Account Manager
14248,227,1,302.58,302.58,102.0,227,United Kingdom,United Kingdom,1,0.7413445270086133,74.1,High Risk,"Personalized win-back offer, high-priority outreach, targeted voucher.",Direct Outreach / SMS / VIP Account Manager
16850,243,1,332.41,332.41,249.0,243,United Kingdom,United Kingdom,1,0.7411106808889951,74.1,High Risk,"Personalized win-back offer, high-priority outreach, targeted voucher.",Direct Outreach / SMS / VIP Account Manager
13859,235,1,201.16,201.16,129.0,235,United Kingdom,United Kingdom,1,0.7409798985590402,74.1,High Risk,"Personalized win-back offer, high-priority outreach, targeted voucher.",Direct Outreach / SMS / VIP Account Manager
12791,283,1,192.60000000000002,192.60000000000002,97.0,283,Netherlands,Netherlands,1,0.7406852558382842,74.1,High Risk,"Personalized win-back offer, high-priority outreach, targeted voucher.",Direct Outreach / SMS / VIP Account Manager
15052,228,1,207.73000000000002,207.73000000000002,79.0,228,United Kingdom,United Kingdom,1,0.7406306466293783,74.1,High Risk,"Personalized win-back offer, high-priority outreach, targeted voucher.",Direct Outreach / SMS / VIP Account Manager
14090,234,1,76.32000000000001,76.32000000000001,72.0,234,United Kingdom,United Kingdom,1,0.74063012721544,74.1,High Risk,"Personalized win-back offer, high-priority outreach, targeted voucher.",Direct Outreach / SMS / VIP Account Manager
15967,228,1,161.9,161.9,60.0,228,United Kingdom,United Kingdom,0,0.740584932289872,74.1,High Risk,"Personalized win-back offer, high-priority outreach, targeted voucher.",Direct Outreach / SMS / VIP Account Manager
14238,235,1,146.85,146.85,111.0,235,United Kingdom,United Kingdom,1,0.7405813132878173,74.1,High Risk,"Personalized win-back offer, high-priority outreach, targeted voucher.",Direct Outreach / SMS / VIP Account Manager
17978,274,1,300.91999999999996,300.91999999999996,499.0,274,United Kingdom,United Kingdom,1,0.7403999798984419,74.0,High Risk,"Personalized win-back offer, high-priority outreach, targeted voucher.",Direct Outreach / SMS / VIP Account Manager
17329,224,1,243.36,243.36,67.0,224,United Kingdom,United Kingdom,0,0.740206432822732,74.0,High Risk,"Personalized win-back offer, high-priority outreach, targeted voucher.",Direct Outreach / SMS / VIP Account Manager
17094,231,1,302.0,302.0,152.0,231,United Kingdom,United Kingdom,1,0.7400128136906428,74.0,High Risk,"Personalized win-back offer, high-priority outreach, targeted voucher.",Direct Outreach / SMS / VIP Account Manager
12792,166,1,400.53999999999996,400.53999999999996,217.0,166,Portugal,Other,1,0.7400051846401569,74.0,High Risk,"Personalized win-back offer, high-priority outreach, targeted voucher.",Direct Outreach / SMS / VIP Account Manager
14653,247,1,344.81,344.81,305.0,247,United Kingdom,United Kingdom,0,0.7397438396498383,74.0,High Risk,"Personalized win-back offer, high-priority outreach, targeted voucher.",Direct Outreach / SMS / VIP Account Manager
16222,227,1,773.5500000000001,773.5500000000001,325.0,227,United Kingdom,United Kingdom,1,0.7396965569153561,74.0,High Risk,"Personalized win-back offer, high-priority outreach, targeted voucher.",Direct Outreach / SMS / VIP Account Manager
12820,236,1,170.46,170.46,146.0,236,United Kingdom,United Kingdom,0,0.7393044477939973,73.9,High Risk,"Personalized win-back offer, high-priority outreach, targeted voucher.",Direct Outreach / SMS / VIP Account Manager
13898,235,1,155.93,155.93,133.0,235,United Kingdom,United Kingdom,1,0.739196325870275,73.9,High Risk,"Personalized win-back offer, high-priority outreach, targeted voucher.",Direct Outreach / SMS / VIP Account Manager
15607,246,1,104.76,104.76,202.0,246,United Kingdom,United Kingdom,1,0.7391426781127602,73.9,High Risk,"Personalized win-back offer, high-priority outreach, targeted voucher.",Direct Outreach / SMS / VIP Account Manager
17714,230,1,153.0,153.0,92.0,230,United Kingdom,United Kingdom,1,0.739100980792095,73.9,High Risk,"Personalized win-back offer, high-priority outreach, targeted voucher.",Direct Outreach / SMS / VIP Account Manager
13615,228,1,417.69,417.69,189.0,228,United Kingdom,United Kingdom,1,0.7390854405825701,73.9,High Risk,"Personalized win-back offer, high-priority outreach, targeted voucher.",Direct Outreach / SMS / VIP Account Manager
13893,207,1,821.1,821.1,190.0,207,United Kingdom,United Kingdom,1,0.7390357301299072,73.9,High Risk,"Personalized win-back offer, high-priority outreach, targeted voucher.",Direct Outreach / SMS / VIP Account Manager
14544,271,1,1101.77,1101.77,836.0,271,United Kingdom,United Kingdom,0,0.7389379683790599,73.9,High Risk,"Personalized win-back offer, high-priority outreach, targeted voucher.",Direct Outreach / SMS / VIP Account Manager
15579,223,1,195.35,195.35,55.0,223,United Kingdom,United Kingdom,0,0.7389264691998242,73.9,High Risk,"Personalized win-back offer, high-priority outreach, targeted voucher.",Direct Outreach / SMS / VIP Account Manager
13151,205,1,1257.8700000000001,1257.8700000000001,363.0,205,United Kingdom,United Kingdom,1,0.7388354706151125,73.9,High Risk,"Personalized win-back offer, high-priority outreach, targeted voucher.",Direct Outreach / SMS / VIP Account Manager
14782,229,1,200.10000000000002,200.10000000000002,114.0,229,United Kingdom,United Kingdom,1,0.7383299698454872,73.8,High Risk,"Personalized win-back offer, high-priority outreach, targeted voucher.",Direct Outreach / SMS / VIP Account Manager
13049,227,1,153.78,153.78,78.0,227,United Kingdom,United Kingdom,0,0.7383142087634179,73.8,High Risk,"Personalized win-back offer, high-priority outreach, targeted voucher.",Direct Outreach / SMS / VIP Account Manager
13068,229,1,165.0,165.0,100.0,229,United Kingdom,United Kingdom,0,0.7382524203259178,73.8,High Risk,"Personalized win-back offer, high-priority outreach, targeted voucher.",Direct Outreach / SMS / VIP Account Manager
14805,223,1,109.25,109.25,29.0,223,United Kingdom,United Kingdom,0,0.7380964486135929,73.8,High Risk,"Personalized win-back offer, high-priority outreach, targeted voucher.",Direct Outreach / SMS / VIP Account Manager
17786,226,1,103.35,103.35,52.0,226,United Kingdom,United Kingdom,0,0.7380251855305116,73.8,High Risk,"Personalized win-back offer, high-priority outreach, targeted voucher.",Direct Outreach / SMS / VIP Account Manager
17418,233,1,167.39000000000001,167.39000000000001,139.0,233,United Kingdom,United Kingdom,0,0.7378542812649358,73.8,High Risk,"Personalized win-back offer, high-priority outreach, targeted voucher.",Direct Outreach / SMS / VIP Account Manager
17771,232,1,115.8,115.8,110.0,232,United Kingdom,United Kingdom,0,0.7377574069190485,73.8,High Risk,"Personalized win-back offer, high-priority outreach, targeted voucher.",Direct Outreach / SMS / VIP Account Manager
13002,227,1,120.94999999999999,120.94999999999999,73.0,227,United Kingdom,United Kingdom,1,0.7376198562101821,73.8,High Risk,"Personalized win-back offer, high-priority outreach, targeted voucher.",Direct Outreach / SMS / VIP Account Manager
14467,222,1,131.7,131.7,37.0,222,United Kingdom,United Kingdom,0,0.7375895116480874,73.8,High Risk,"Personalized win-back offer, high-priority outreach, targeted voucher.",Direct Outreach / SMS / VIP Account Manager
13161,222,1,112.75,112.75,29.0,222,United Kingdom,United Kingdom,1,0.7375815225931727,73.8,High Risk,"Personalized win-back offer, high-priority outreach, targeted voucher.",Direct Outreach / SMS / VIP Account Manager
15820,229,1,206.98,206.98,128.0,229,United Kingdom,United Kingdom,1,0.7374804713200093,73.7,High Risk,"Personalized win-back offer, high-priority outreach, targeted voucher.",Direct Outreach / SMS / VIP Account Manager
12686,281,1,89.14,89.14,107.0,281,France,France,1,0.7372985380830109,73.7,High Risk,"Personalized win-back offer, high-priority outreach, targeted voucher.",Direct Outreach / SMS / VIP Account Manager
16757,228,1,106.83000000000001,106.83000000000001,81.0,228,United Kingdom,United Kingdom,1,0.7371706445967613,73.7,High Risk,"Personalized win-back offer, high-priority outreach, targeted voucher.",Direct Outreach / SMS / VIP Account Manager
17239,222,1,382.5,382.5,150.0,222,United Kingdom,United Kingdom,1,0.7371474908033168,73.7,High Risk,"Personalized win-back offer, high-priority outreach, targeted voucher.",Direct Outreach / SMS / VIP Account Manager
12738,281,1,155.35,155.35,148.0,281,Germany,Germany,1,0.736908866190965,73.7,High Risk,"Personalized win-back offer, high-priority outreach, targeted voucher.",Direct Outreach / SMS / VIP Account Manager
12929,221,1,117.85,117.85,37.0,221,United Kingdom,United Kingdom,1,0.7365023751852913,73.7,High Risk,"Personalized win-back offer, high-priority outreach, targeted voucher.",Direct Outreach / SMS / VIP Account Manager
13008,232,1,229.46999999999997,229.46999999999997,175.0,232,United Kingdom,United Kingdom,1,0.7364959109581959,73.6,High Risk,"Personalized win-back offer, high-priority outreach, targeted voucher.",Direct Outreach / SMS / VIP Account Manager
14130,228,1,480.91,480.91,257.0,228,United Kingdom,United Kingdom,1,0.7359354016918697,73.6,High Risk,"Personalized win-back offer, high-priority outreach, targeted voucher.",Direct Outreach / SMS / VIP Account Manager
17082,227,1,636.94,636.94,316.0,227,United Kingdom,United Kingdom,0,0.7358989164519862,73.6,High Risk,"Personalized win-back offer, high-priority outreach, targeted voucher.",Direct Outreach / SMS / VIP Account Manager
12441,276,1,173.55,173.55,121.0,276,France,France,1,0.7358422655677291,73.6,High Risk,"Personalized win-back offer, high-priority outreach, targeted voucher.",Direct Outreach / SMS / VIP Account Manager
12447,152,1,476.49,476.49,190.0,152,Belgium,Other,1,0.7357568473850304,73.6,High Risk,"Personalized win-back offer, high-priority outreach, targeted voucher.",Direct Outreach / SMS / VIP Account Manager
15174,232,1,135.75,135.75,145.0,232,United Kingdom,United Kingdom,1,0.7357181879698809,73.6,High Risk,"Personalized win-back offer, high-priority outreach, targeted voucher.",Direct Outreach / SMS / VIP Account Manager
15940,220,1,35.8,35.8,4.0,220,United Kingdom,United Kingdom,1,0.7357086195352186,73.6,High Risk,"Personalized win-back offer, high-priority outreach, targeted voucher.",Direct Outreach / SMS / VIP Account Manager
14595,222,1,163.8,163.8,76.0,222,United Kingdom,United Kingdom,0,0.7356418487972038,73.6,High Risk,"Personalized win-back offer, high-priority outreach, targeted voucher.",Direct Outreach / SMS / VIP Account Manager
17376,220,1,105.85,105.85,35.0,220,United Kingdom,United Kingdom,0,0.7356280282920836,73.6,High Risk,"Personalized win-back offer, high-priority outreach, targeted voucher.",Direct Outreach / SMS / VIP Account Manager
15339,227,1,257.9,257.9,159.0,227,United Kingdom,United Kingdom,0,0.735505364162093,73.6,High Risk,"Personalized win-back offer, high-priority outreach, targeted voucher.",Direct Outreach / SMS / VIP Account Manager
18159,210,1,530.15,530.15,139.0,210,United Kingdom,United Kingdom,1,0.735277682197863,73.5,High Risk,"Personalized win-back offer, high-priority outreach, targeted voucher.",Direct Outreach / SMS / VIP Account Manager
14431,212,1,470.36,470.36,130.0,212,United Kingdom,United Kingdom,1,0.7352643638735662,73.5,High Risk,"Personalized win-back offer, high-priority outreach, targeted voucher.",Direct Outreach / SMS / VIP Account Manager
12462,212,1,762.11,762.11,287.0,212,Spain,Spain,0,0.7352605883601626,73.5,High Risk,"Personalized win-back offer, high-priority outreach, targeted voucher.",Direct Outreach / SMS / VIP Account Manager
13581,218,1,118.0,118.0,30.0,218,United Kingdom,United Kingdom,1,0.7351487226610822,73.5,High Risk,"Personalized win-back offer, high-priority outreach, targeted voucher.",Direct Outreach / SMS / VIP Account Manager
14600,215,1,393.33000000000004,393.33000000000004,125.0,215,United Kingdom,United Kingdom,1,0.7350055312852521,73.5,High Risk,"Personalized win-back offer, high-priority outreach, targeted voucher.",Direct Outreach / SMS / VIP Account Manager
15448,222,1,494.64,494.64,232.0,222,United Kingdom,United Kingdom,1,0.7345188764291197,73.5,High Risk,"Personalized win-back offer, high-priority outreach, targeted voucher.",Direct Outreach / SMS / VIP Account Manager
15226,220,1,154.41,154.41,71.0,220,United Kingdom,United Kingdom,1,0.7344495371840853,73.4,High Risk,"Personalized win-back offer, high-priority outreach, targeted voucher.",Direct Outreach / SMS / VIP Account Manager
13584,216,1,142.4,142.4,37.0,216,United Kingdom,United Kingdom,1,0.7341449947101513,73.4,High Risk,"Personalized win-back offer, high-priority outreach, targeted voucher.",Direct Outreach / SMS / VIP Account Manager
14549,220,1,289.24,289.24,136.0,220,United Kingdom,United Kingdom,1,0.733880476606701,73.4,High Risk,"Personalized win-back offer, high-priority outreach, targeted voucher.",Direct Outreach / SMS / VIP Account Manager
13165,260,1,354.64,354.64,496.0,260,United Kingdom,United Kingdom,0,0.7335625457912563,73.4,High Risk,"Personalized win-back offer, high-priority outreach, targeted voucher.",Direct Outreach / SMS / VIP Account Manager
13494,221,1,316.26000000000005,316.26000000000005,162.0,221,United Kingdom,United Kingdom,1,0.73339559784615,73.3,High Risk,"Personalized win-back offer, high-priority outreach, targeted voucher.",Direct Outreach / SMS / VIP Account Manager
16509,206,1,363.7,363.7,64.0,206,United Kingdom,United Kingdom,1,0.7330313220433476,73.3,High Risk,"Personalized win-back offer, high-priority outreach, targeted voucher.",Direct Outreach / SMS / VIP Account Manager
17619,221,1,214.37,214.37,124.0,221,United Kingdom,United Kingdom,1,0.7329625350450507,73.3,High Risk,"Personalized win-back offer, high-priority outreach, targeted voucher.",Direct Outreach / SMS / VIP Account Manager
12639,148,1,486.1,486.1,201.0,148,Sweden,Other,1,0.7326807836076006,73.3,High Risk,"Personalized win-back offer, high-priority outreach, targeted voucher.",Direct Outreach / SMS / VIP Account Manager
12956,215,1,108.07,108.07,34.0,215,United Kingdom,United Kingdom,1,0.7326009163372278,73.3,High Risk,"Personalized win-back offer, high-priority outreach, targeted voucher.",Direct Outreach / SMS / VIP Account Manager
17118,227,1,157.02,157.02,154.0,227,United Kingdom,United Kingdom,1,0.7325475232658478,73.3,High Risk,"Personalized win-back offer, high-priority outreach, targeted voucher.",Direct Outreach / SMS / VIP Account Manager
16403,221,1,177.5,177.5,114.0,221,United Kingdom,United Kingdom,1,0.7325138958467582,73.3,High Risk,"Personalized win-back offer, high-priority outreach, targeted voucher.",Direct Outreach / SMS / VIP Account Manager
12410,218,2,693.3299999999999,346.66499999999996,105.5,218,Switzerland,Other,1,0.7323816263404083,73.2,High Risk,"Personalized win-back offer, high-priority outreach, targeted voucher.",Direct Outreach / SMS / VIP Account Manager
17881,213,1,133.35000000000002,133.35000000000002,32.0,213,United Kingdom,United Kingdom,1,0.7323217915130552,73.2,High Risk,"Personalized win-back offer, high-priority outreach, targeted voucher.",Direct Outreach / SMS / VIP Account Manager
15843,213,1,118.95000000000002,118.95000000000002,27.0,213,United Kingdom,United Kingdom,1,0.7322316033806282,73.2,High Risk,"Personalized win-back offer, high-priority outreach, targeted voucher.",Direct Outreach / SMS / VIP Account Manager
15626,239,1,281.88,281.88,312.0,239,United Kingdom,United Kingdom,0,0.7320629077973341,73.2,High Risk,"Personalized win-back offer, high-priority outreach, targeted voucher.",Direct Outreach / SMS / VIP Account Manager
15970,213,1,314.1,314.1,116.0,213,United Kingdom,United Kingdom,1,0.7317995447381925,73.2,High Risk,"Personalized win-back offer, high-priority outreach, targeted voucher.",Direct Outreach / SMS / VIP Account Manager
15497,229,1,970.6,970.6,528.0,229,United Kingdom,United Kingdom,0,0.7317936462584835,73.2,High Risk,"Personalized win-back offer, high-priority outreach, targeted voucher.",Direct Outreach / SMS / VIP Account Manager
14457,220,1,113.64,113.64,88.0,220,United Kingdom,United Kingdom,1,0.7317732352870868,73.2,High Risk,"Personalized win-back offer, high-priority outreach, targeted voucher.",Direct Outreach / SMS / VIP Account Manager
12842,218,1,310.73,310.73,157.0,218,United Kingdom,United Kingdom,0,0.731686540796685,73.2,High Risk,"Personalized win-back offer, high-priority outreach, targeted voucher.",Direct Outreach / SMS / VIP Account Manager
13894,219,1,160.85,160.85,105.0,219,United Kingdom,United Kingdom,0,0.7313825024218916,73.1,High Risk,"Personalized win-back offer, high-priority outreach, targeted voucher.",Direct Outreach / SMS / VIP Account Manager
14497,218,1,475.37,475.37,235.0,218,United Kingdom,United Kingdom,1,0.7310940603557055,73.1,High Risk,"Personalized win-back offer, high-priority outreach, targeted voucher.",Direct Outreach / SMS / VIP Account Manager
12733,143,1,383.95,383.95,137.0,143,USA,Other,1,0.7310691125667517,73.1,High Risk,"Personalized win-back offer, high-priority outreach, targeted voucher.",Direct Outreach / SMS / VIP Account Manager
17517,218,1,153.94,153.94,102.0,218,United Kingdom,United Kingdom,1,0.7307457367589831,73.1,High Risk,"Personalized win-back offer, high-priority outreach, targeted voucher.",Direct Outreach / SMS / VIP Account Manager
14540,218,1,195.9,195.9,122.0,218,United Kingdom,United Kingdom,0,0.7305850222212255,73.1,High Risk,"Personalized win-back offer, high-priority outreach, targeted voucher.",Direct Outreach / SMS / VIP Account Manager
12577,268,1,195.89,195.89,134.0,268,France,France,0,0.730477713242991,73.0,High Risk,"Personalized win-back offer, high-priority outreach, targeted voucher.",Direct Outreach / SMS / VIP Account Manager
18250,219,1,349.27,349.27,199.0,219,United Kingdom,United Kingdom,1,0.7303337058722129,73.0,High Risk,"Personalized win-back offer, high-priority outreach, targeted voucher.",Direct Outreach / SMS / VIP Account Manager
12386,247,2,401.9,200.95,177.0,276,Australia,Other,1,0.7302928254151719,73.0,High Risk,"Personalized win-back offer, high-priority outreach, targeted voucher.",Direct Outreach / SMS / VIP Account Manager
14813,279,2,152.88,76.44,33.0,279,United Kingdom,United Kingdom,1,0.7299362659057615,73.0,High Risk,"Personalized win-back offer, high-priority outreach, targeted voucher.",Direct Outreach / SMS / VIP Account Manager
13817,261,1,128.7,128.7,63.0,261,Germany,Germany,0,0.7298908395750767,73.0,High Risk,"Personalized win-back offer, high-priority outreach, targeted voucher.",Direct Outreach / SMS / VIP Account Manager
15326,243,1,311.71,311.71,386.0,243,United Kingdom,United Kingdom,1,0.7298404605842089,73.0,High Risk,"Personalized win-back offer, high-priority outreach, targeted voucher.",Direct Outreach / SMS / VIP Account Manager
12988,201,1,505.82,505.82,126.0,201,United Kingdom,United Kingdom,1,0.72973695080185,73.0,High Risk,"Personalized win-back offer, high-priority outreach, targeted voucher.",Direct Outreach / SMS / VIP Account Manager
14438,215,1,131.9,131.9,82.0,215,United Kingdom,United Kingdom,1,0.7296485391705819,73.0,High Risk,"Personalized win-back offer, high-priority outreach, targeted voucher.",Direct Outreach / SMS / VIP Account Manager
16048,282,2,256.44,128.22,72.0,282,United Kingdom,United Kingdom,1,0.7295323088038966,73.0,High Risk,"Personalized win-back offer, high-priority outreach, targeted voucher.",Direct Outreach / SMS / VIP Account Manager
13233,245,1,304.24,304.24,404.0,245,United Kingdom,United Kingdom,0,0.7294645256100319,72.9,High Risk,"Personalized win-back offer, high-priority outreach, targeted voucher.",Direct Outreach / SMS / VIP Account Manager
15090,217,1,381.32,381.32,208.0,217,United Kingdom,United Kingdom,1,0.7294181448523454,72.9,High Risk,"Personalized win-back offer, high-priority outreach, targeted voucher.",Direct Outreach / SMS / VIP Account Manager
13932,204,1,307.4,307.4,72.0,204,United Kingdom,United Kingdom,1,0.729246368370573,72.9,High Risk,"Personalized win-back offer, high-priority outreach, targeted voucher.",Direct Outreach / SMS / VIP Account Manager
17552,281,2,298.52,149.26,72.0,281,United Kingdom,United Kingdom,0,0.7291841370856575,72.9,High Risk,"Personalized win-back offer, high-priority outreach, targeted voucher.",Direct Outreach / SMS / VIP Account Manager
17025,282,2,160.97,80.485,69.5,282,United Kingdom,United Kingdom,0,0.7290597414444826,72.9,High Risk,"Personalized win-back offer, high-priority outreach, targeted voucher.",Direct Outreach / SMS / VIP Account Manager
16072,197,1,584.3199999999999,584.3199999999999,140.0,197,United Kingdom,United Kingdom,1,0.7286997812472293,72.9,High Risk,"Personalized win-back offer, high-priority outreach, targeted voucher.",Direct Outreach / SMS / VIP Account Manager
13328,225,1,1308.48,1308.48,680.0,225,United Kingdom,United Kingdom,1,0.7286400557804756,72.9,High Risk,"Personalized win-back offer, high-priority outreach, targeted voucher.",Direct Outreach / SMS / VIP Account Manager
12793,244,2,545.48,272.74,147.5,280,Portugal,Other,1,0.7285224931547083,72.9,High Risk,"Personalized win-back offer, high-priority outreach, targeted voucher.",Direct Outreach / SMS / VIP Account Manager
17356,221,1,178.22,178.22,166.0,221,United Kingdom,United Kingdom,1,0.7284714893433263,72.8,High Risk,"Personalized win-back offer, high-priority outreach, targeted voucher.",Direct Outreach / SMS / VIP Account Manager
14555,211,1,186.34,186.34,90.0,211,United Kingdom,United Kingdom,0,0.7282741273123935,72.8,High Risk,"Personalized win-back offer, high-priority outreach, targeted voucher.",Direct Outreach / SMS / VIP Account Manager
17859,214,1,141.92000000000002,141.92000000000002,102.0,214,United Kingdom,United Kingdom,1,0.7277706765124796,72.8,High Risk,"Personalized win-back offer, high-priority outreach, targeted voucher.",Direct Outreach / SMS / VIP Account Manager
17843,212,1,205.48,205.48,113.0,212,United Kingdom,United Kingdom,1,0.7277537152458795,72.8,High Risk,"Personalized win-back offer, high-priority outreach, targeted voucher.",Direct Outreach / SMS / VIP Account Manager
13171,208,1,140.35,140.35,53.0,208,United Kingdom,United Kingdom,0,0.7277028577077638,72.8,High Risk,"Personalized win-back offer, high-priority outreach, targeted voucher.",Direct Outreach / SMS / VIP Account Manager
14644,207,1,187.50000000000003,187.50000000000003,66.0,207,United Kingdom,United Kingdom,0,0.727621398459135,72.8,High Risk,"Personalized win-back offer, high-priority outreach, targeted voucher.",Direct Outreach / SMS / VIP Account Manager
12734,262,1,110.39999999999999,110.39999999999999,88.0,262,France,France,1,0.7273577688360365,72.7,High Risk,"Personalized win-back offer, high-priority outreach, targeted voucher.",Direct Outreach / SMS / VIP Account Manager
13800,219,1,558.32,558.32,331.0,219,United Kingdom,United Kingdom,1,0.7269880368314285,72.7,High Risk,"Personalized win-back offer, high-priority outreach, targeted voucher.",Direct Outreach / SMS / VIP Account Manager
17431,222,1,403.3,403.3,292.0,222,United Kingdom,United Kingdom,1,0.726775220950267,72.7,High Risk,"Personalized win-back offer, high-priority outreach, targeted voucher.",Direct Outreach / SMS / VIP Account Manager
18138,204,1,152.65,152.65,38.0,204,United Kingdom,United Kingdom,1,0.7267152244387306,72.7,High Risk,"Personalized win-back offer, high-priority outreach, targeted voucher.",Direct Outreach / SMS / VIP Account Manager
15406,210,1,252.29,252.29,130.0,210,United Kingdom,United Kingdom,0,0.7266995277159323,72.7,High Risk,"Personalized win-back offer, high-priority outreach, targeted voucher.",Direct Outreach / SMS / VIP Account Manager
14386,206,1,142.4,142.4,54.0,206,United Kingdom,United Kingdom,1,0.7264006118447581,72.6,High Risk,"Personalized win-back offer, high-priority outreach, targeted voucher.",Direct Outreach / SMS / VIP Account Manager
16738,207,1,3.75,3.75,3.0,207,United Kingdom,United Kingdom,1,0.7263931218400224,72.6,High Risk,"Personalized win-back offer, high-priority outreach, targeted voucher.",Direct Outreach / SMS / VIP Account Manager
16073,206,1,122.39999999999999,122.39999999999999,48.0,206,United Kingdom,United Kingdom,1,0.7261990226380685,72.6,High Risk,"Personalized win-back offer, high-priority outreach, targeted voucher.",Direct Outreach / SMS / VIP Account Manager
13706,212,1,330.79,330.79,189.0,212,United Kingdom,United Kingdom,1,0.7259863242092893,72.6,High Risk,"Personalized win-back offer, high-priority outreach, targeted voucher.",Direct Outreach / SMS / VIP Account Manager
12818,171,1,1542.08,1542.08,929.0,171,Austria,Other,1,0.7257907464431059,72.6,High Risk,"Personalized win-back offer, high-priority outreach, targeted voucher.",Direct Outreach / SMS / VIP Account Manager
14760,206,1,89.2,89.2,40.0,206,United Kingdom,United Kingdom,1,0.7257092311703051,72.6,High Risk,"Personalized win-back offer, high-priority outreach, targeted voucher.",Direct Outreach / SMS / VIP Account Manager
14371,204,1,100.5,100.5,34.0,204,United Kingdom,United Kingdom,1,0.7252690408024085,72.5,High Risk,"Personalized win-back offer, high-priority outreach, targeted voucher.",Direct Outreach / SMS / VIP Account Manager
17311,226,1,556.46,556.46,410.0,226,United Kingdom,United Kingdom,0,0.7252179316318144,72.5,High Risk,"Personalized win-back offer, high-priority outreach, targeted voucher.",Direct Outreach / SMS / VIP Account Manager
15222,228,1,585.0,585.0,440.0,228,United Kingdom,United Kingdom,1,0.7251072401626313,72.5,High Risk,"Personalized win-back offer, high-priority outreach, targeted voucher.",Direct Outreach / SMS / VIP Account Manager
17255,208,1,108.26,108.26,73.0,208,United Kingdom,United Kingdom,0,0.725040406048075,72.5,High Risk,"Personalized win-back offer, high-priority outreach, targeted voucher.",Direct Outreach / SMS / VIP Account Manager
16084,208,1,436.18,436.18,216.0,208,United Kingdom,United Kingdom,1,0.7248213143255017,72.5,High Risk,"Personalized win-back offer, high-priority outreach, targeted voucher.",Direct Outreach / SMS / VIP Account Manager
16765,203,1,34.0,34.0,4.0,203,United Kingdom,United Kingdom,1,0.724743428134042,72.5,High Risk,"Personalized win-back offer, high-priority outreach, targeted voucher.",Direct Outreach / SMS / VIP Account Manager
15670,206,1,173.05,173.05,91.0,206,United Kingdom,United Kingdom,1,0.7245103512369271,72.5,High Risk,"Personalized win-back offer, high-priority outreach, targeted voucher.",Direct Outreach / SMS / VIP Account Manager
18114,199,1,220.1,220.1,55.0,199,United Kingdom,United Kingdom,1,0.7244098177413171,72.4,High Risk,"Personalized win-back offer, high-priority outreach, targeted voucher.",Direct Outreach / SMS / VIP Account Manager
15257,192,1,317.15,317.15,46.0,192,United Kingdom,United Kingdom,1,0.7238634473610197,72.4,High Risk,"Personalized win-back offer, high-priority outreach, targeted voucher.",Direct Outreach / SMS / VIP Account Manager
18068,198,1,101.69999999999999,101.69999999999999,6.0,198,United Kingdom,United Kingdom,1,0.7236294553135714,72.4,High Risk,"Personalized win-back offer, high-priority outreach, targeted voucher.",Direct Outreach / SMS / VIP Account Manager
16425,211,1,302.7,302.7,199.0,211,United Kingdom,United Kingdom,1,0.7235925928749761,72.4,High Risk,"Personalized win-back offer, high-priority outreach, targeted voucher.",Direct Outreach / SMS / VIP Account Manager
14850,221,1,325.75,325.75,293.0,221,United Kingdom,United Kingdom,1,0.7234210387408582,72.3,High Risk,"Personalized win-back offer, high-priority outreach, targeted voucher.",Direct Outreach / SMS / VIP Account Manager
12852,204,1,311.55,311.55,149.0,204,United Kingdom,United Kingdom,1,0.7233061738124806,72.3,High Risk,"Personalized win-back offer, high-priority outreach, targeted voucher.",Direct Outreach / SMS / VIP Account Manager
16030,219,1,331.24,331.24,283.0,219,United Kingdom,United Kingdom,1,0.7230991190610501,72.3,High Risk,"Personalized win-back offer, high-priority outreach, targeted voucher.",Direct Outreach / SMS / VIP Account Manager
16349,200,1,53.5,53.5,9.0,200,United Kingdom,United Kingdom,1,0.7230558571494419,72.3,High Risk,"Personalized win-back offer, high-priority outreach, targeted voucher.",Direct Outreach / SMS / VIP Account Manager
15397,199,1,94.0,94.0,20.0,199,United Kingdom,United Kingdom,1,0.7229063974081384,72.3,High Risk,"Personalized win-back offer, high-priority outreach, targeted voucher.",Direct Outreach / SMS / VIP Account Manager
18188,199,1,426.6,426.6,164.0,199,United Kingdom,United Kingdom,0,0.7227659671077437,72.3,High Risk,"Personalized win-back offer, high-priority outreach, targeted voucher.",Direct Outreach / SMS / VIP Account Manager
17950,274,2,263.17,131.585,93.0,274,United Kingdom,United Kingdom,0,0.7227402863227192,72.3,High Risk,"Personalized win-back offer, high-priority outreach, targeted voucher.",Direct Outreach / SMS / VIP Account Manager
12945,197,1,462.95,462.95,165.0,197,United Kingdom,United Kingdom,1,0.7226185514660451,72.3,High Risk,"Personalized win-back offer, high-priority outreach, targeted voucher.",Direct Outreach / SMS / VIP Account Manager
17672,218,1,1177.8400000000001,1177.8400000000001,643.0,218,United Kingdom,United Kingdom,0,0.7226095188436271,72.3,High Risk,"Personalized win-back offer, high-priority outreach, targeted voucher.",Direct Outreach / SMS / VIP Account Manager
12489,245,1,334.93,334.93,105.0,245,France,France,1,0.7225777709227429,72.3,High Risk,"Personalized win-back offer, high-priority outreach, targeted voucher.",Direct Outreach / SMS / VIP Account Manager
16573,199,1,292.63,292.63,111.0,199,United Kingdom,United Kingdom,0,0.7224242308104998,72.2,High Risk,"Personalized win-back offer, high-priority outreach, targeted voucher.",Direct Outreach / SMS / VIP Account Manager
15753,214,1,79.2,79.2,144.0,214,United Kingdom,United Kingdom,1,0.7223209083186731,72.2,High Risk,"Personalized win-back offer, high-priority outreach, targeted voucher.",Direct Outreach / SMS / VIP Account Manager
13344,187,1,1656.15,1656.15,599.0,187,United Kingdom,United Kingdom,0,0.7221632602023965,72.2,High Risk,"Personalized win-back offer, high-priority outreach, targeted voucher.",Direct Outreach / SMS / VIP Account Manager
14897,206,1,175.5,175.5,122.0,206,United Kingdom,United Kingdom,0,0.7221292836634766,72.2,High Risk,"Personalized win-back offer, high-priority outreach, targeted voucher.",Direct Outreach / SMS / VIP Account Manager
14048,214,1,409.93,409.93,288.0,214,United Kingdom,United Kingdom,1,0.7221165567981718,72.2,High Risk,"Personalized win-back offer, high-priority outreach, targeted voucher.",Direct Outreach / SMS / VIP Account Manager
16148,205,1,76.32000000000001,76.32000000000001,72.0,205,United Kingdom,United Kingdom,1,0.7220804680406777,72.2,High Risk,"Personalized win-back offer, high-priority outreach, targeted voucher.",Direct Outreach / SMS / VIP Account Manager
13345,197,1,389.5,389.5,141.0,197,United Kingdom,United Kingdom,1,0.7220281272579908,72.2,High Risk,"Personalized win-back offer, high-priority outreach, targeted voucher.",Direct Outreach / SMS / VIP Account Manager
12365,200,2,641.38,320.69,87.0,200,Cyprus,Other,1,0.7218439678933741,72.2,High Risk,"Personalized win-back offer, high-priority outreach, targeted voucher.",Direct Outreach / SMS / VIP Account Manager
14147,195,1,182.8,182.8,40.0,195,United Kingdom,United Kingdom,0,0.7217257599396131,72.2,High Risk,"Personalized win-back offer, high-priority outreach, targeted voucher.",Direct Outreach / SMS / VIP Account Manager
16212,192,1,498.15000000000003,498.15000000000003,151.0,192,United Kingdom,United Kingdom,0,0.7216669869456787,72.2,High Risk,"Personalized win-back offer, high-priority outreach, targeted voucher.",Direct Outreach / SMS / VIP Account Manager
17537,212,1,620.75,620.75,369.0,212,United Kingdom,United Kingdom,0,0.721539079685151,72.2,High Risk,"Personalized win-back offer, high-priority outreach, targeted voucher.",Direct Outreach / SMS / VIP Account Manager
15303,199,1,574.02,574.02,248.0,199,United Kingdom,United Kingdom,1,0.7210948853454414,72.1,High Risk,"Personalized win-back offer, high-priority outreach, targeted voucher.",Direct Outreach / SMS / VIP Account Manager
17462,193,1,463.40999999999997,463.40999999999997,155.0,193,United Kingdom,United Kingdom,0,0.7208158035210731,72.1,High Risk,"Personalized win-back offer, high-priority outreach, targeted voucher.",Direct Outreach / SMS / VIP Account Manager
15121,198,1,295.15,295.15,125.0,198,United Kingdom,United Kingdom,0,0.7207387388528643,72.1,High Risk,"Personalized win-back offer, high-priority outreach, targeted voucher.",Direct Outreach / SMS / VIP Account Manager
12881,185,1,298.0,298.0,21.0,185,United Kingdom,United Kingdom,1,0.7206299800008481,72.1,High Risk,"Personalized win-back offer, high-priority outreach, targeted voucher.",Direct Outreach / SMS / VIP Account Manager
16441,200,1,211.0,211.0,110.0,200,United Kingdom,United Kingdom,0,0.7203716371819742,72.0,High Risk,"Personalized win-back offer, high-priority outreach, targeted voucher.",Direct Outreach / SMS / VIP Account Manager
17711,199,1,220.53000000000003,220.53000000000003,107.0,199,United Kingdom,United Kingdom,0,0.7202817786823906,72.0,High Risk,"Personalized win-back offer, high-priority outreach, targeted voucher.",Direct Outreach / SMS / VIP Account Manager
16499,269,2,365.45,182.725,63.5,274,United Kingdom,United Kingdom,1,0.7202540463485477,72.0,High Risk,"Personalized win-back offer, high-priority outreach, targeted voucher.",Direct Outreach / SMS / VIP Account Manager
15636,191,1,306.7,306.7,82.0,191,United Kingdom,United Kingdom,0,0.7199826283028902,72.0,High Risk,"Personalized win-back offer, high-priority outreach, targeted voucher.",Direct Outreach / SMS / VIP Account Manager
15944,186,1,325.1,325.1,50.0,186,United Kingdom,United Kingdom,1,0.7198926698466644,72.0,High Risk,"Personalized win-back offer, high-priority outreach, targeted voucher.",Direct Outreach / SMS / VIP Account Manager
13973,196,1,264.7,264.7,109.0,196,United Kingdom,United Kingdom,1,0.7196646453090949,72.0,High Risk,"Personalized win-back offer, high-priority outreach, targeted voucher.",Direct Outreach / SMS / VIP Account Manager
13792,196,1,74.60000000000001,74.60000000000001,28.0,196,United Kingdom,United Kingdom,0,0.719640948130629,72.0,High Risk,"Personalized win-back offer, high-priority outreach, targeted voucher.",Direct Outreach / SMS / VIP Account Manager
14520,200,1,165.0,165.0,100.0,200,United Kingdom,United Kingdom,0,0.7195970926253596,72.0,High Risk,"Personalized win-back offer, high-priority outreach, targeted voucher.",Direct Outreach / SMS / VIP Account Manager
17198,274,2,521.66,260.83,121.0,280,United Kingdom,United Kingdom,0,0.7195879881803278,72.0,High Risk,"Personalized win-back offer, high-priority outreach, targeted voucher.",Direct Outreach / SMS / VIP Account Manager
15990,196,1,401.37,401.37,171.0,196,United Kingdom,United Kingdom,0,0.719379784392887,71.9,High Risk,"Personalized win-back offer, high-priority outreach, targeted voucher.",Direct Outreach / SMS / VIP Account Manager
14754,205,1,228.26999999999998,228.26999999999998,173.0,205,United Kingdom,United Kingdom,0,0.7192001052763529,71.9,High Risk,"Personalized win-back offer, high-priority outreach, targeted voucher.",Direct Outreach / SMS / VIP Account Manager
17923,191,1,207.50000000000003,207.50000000000003,50.0,191,United Kingdom,United Kingdom,1,0.7191471925078545,71.9,High Risk,"Personalized win-back offer, high-priority outreach, targeted voucher.",Direct Outreach / SMS / VIP Account Manager
14470,197,1,297.64,297.64,138.0,197,United Kingdom,United Kingdom,0,0.7191262028281349,71.9,High Risk,"Personalized win-back offer, high-priority outreach, targeted voucher.",Direct Outreach / SMS / VIP Account Manager
15067,192,1,848.05,848.05,335.0,192,United Kingdom,United Kingdom,0,0.7189166896659294,71.9,High Risk,"Personalized win-back offer, high-priority outreach, targeted voucher.",Direct Outreach / SMS / VIP Account Manager
16339,193,1,94.05,94.05,21.0,193,United Kingdom,United Kingdom,1,0.718896826420904,71.9,High Risk,"Personalized win-back offer, high-priority outreach, targeted voucher.",Direct Outreach / SMS / VIP Account Manager
16078,193,1,79.2,79.2,16.0,193,United Kingdom,United Kingdom,1,0.7187884007337401,71.9,High Risk,"Personalized win-back offer, high-priority outreach, targeted voucher.",Direct Outreach / SMS / VIP Account Manager
16152,178,1,1829.04,1829.04,642.0,178,United Kingdom,United Kingdom,1,0.7187352530092649,71.9,High Risk,"Personalized win-back offer, high-priority outreach, targeted voucher.",Direct Outreach / SMS / VIP Account Manager
15321,201,1,1159.47,1159.47,545.0,201,United Kingdom,United Kingdom,0,0.7186728678690806,71.9,High Risk,"Personalized win-back offer, high-priority outreach, targeted voucher.",Direct Outreach / SMS / VIP Account Manager
16913,199,1,113.44,113.44,82.0,199,United Kingdom,United Kingdom,1,0.7186143694976775,71.9,High Risk,"Personalized win-back offer, high-priority outreach, targeted voucher.",Direct Outreach / SMS / VIP Account Manager
12873,191,1,374.0,374.0,128.0,191,United Kingdom,United Kingdom,1,0.7186015704227386,71.9,High Risk,"Personalized win-back offer, high-priority outreach, targeted voucher.",Direct Outreach / SMS / VIP Account Manager
12834,192,1,312.38,312.38,110.0,192,United Kingdom,United Kingdom,1,0.7185892624477,71.9,High Risk,"Personalized win-back offer, high-priority outreach, targeted voucher.",Direct Outreach / SMS / VIP Account Manager
17117,197,1,116.19999999999999,116.19999999999999,68.0,197,United Kingdom,United Kingdom,1,0.7185166512465907,71.9,High Risk,"Personalized win-back offer, high-priority outreach, targeted voucher.",Direct Outreach / SMS / VIP Account Manager
14912,156,1,482.78999999999996,482.78999999999996,445.0,156,Italy,Other,0,0.7184597750540318,71.8,High Risk,"Personalized win-back offer, high-priority outreach, targeted voucher.",Direct Outreach / SMS / VIP Account Manager
16208,198,1,497.59,497.59,243.0,198,United Kingdom,United Kingdom,0,0.7182191952045336,71.8,High Risk,"Personalized win-back offer, high-priority outreach, targeted voucher.",Direct Outreach / SMS / VIP Account Manager
14473,191,1,85.0,85.0,10.0,191,United Kingdom,United Kingdom,0,0.7181523427169662,71.8,High Risk,"Personalized win-back offer, high-priority outreach, targeted voucher.",Direct Outreach / SMS / VIP Account Manager
14379,204,1,110.98,110.98,128.0,204,United Kingdom,United Kingdom,0,0.7181273545901734,71.8,High Risk,"Personalized win-back offer, high-priority outreach, targeted voucher.",Direct Outreach / SMS / VIP Account Manager
16667,193,1,200.4,200.4,77.0,193,United Kingdom,United Kingdom,0,0.7180516061645204,71.8,High Risk,"Personalized win-back offer, high-priority outreach, targeted voucher.",Direct Outreach / SMS / VIP Account Manager
14036,194,1,626.65,626.65,268.0,194,United Kingdom,United Kingdom,1,0.7180100203572264,71.8,High Risk,"Personalized win-back offer, high-priority outreach, targeted voucher.",Direct Outreach / SMS / VIP Account Manager
13751,197,1,296.25,296.25,152.0,197,United Kingdom,United Kingdom,1,0.7179537646002663,71.8,High Risk,"Personalized win-back offer, high-priority outreach, targeted voucher.",Direct Outreach / SMS / VIP Account Manager
13684,195,1,65.13,65.13,38.0,195,United Kingdom,United Kingdom,1,0.717854452505816,71.8,High Risk,"Personalized win-back offer, high-priority outreach, targeted voucher.",Direct Outreach / SMS / VIP Account Manager
16598,195,1,145.04999999999998,145.04999999999998,73.0,195,United Kingdom,United Kingdom,1,0.7177882785799975,71.8,High Risk,"Personalized win-back offer, high-priority outreach, targeted voucher.",Direct Outreach / SMS / VIP Account Manager
15224,267,2,322.08,161.04,76.0,272,United Kingdom,United Kingdom,1,0.7176237679895182,71.8,High Risk,"Personalized win-back offer, high-priority outreach, targeted voucher.",Direct Outreach / SMS / VIP Account Manager
15951,195,1,375.16999999999996,375.16999999999996,174.0,195,United Kingdom,United Kingdom,0,0.7175798376590276,71.8,High Risk,"Personalized win-back offer, high-priority outreach, targeted voucher.",Direct Outreach / SMS / VIP Account Manager
15543,197,1,127.86,127.86,86.0,197,United Kingdom,United Kingdom,1,0.7174699716277608,71.7,High Risk,"Personalized win-back offer, high-priority outreach, targeted voucher.",Direct Outreach / SMS / VIP Account Manager
13600,221,1,219.52,219.52,324.0,221,United Kingdom,United Kingdom,1,0.7173056222584251,71.7,High Risk,"Personalized win-back offer, high-priority outreach, targeted voucher.",Direct Outreach / SMS / VIP Account Manager
15733,192,1,162.3,162.3,62.0,192,United Kingdom,United Kingdom,1,0.7172876594385188,71.7,High Risk,"Personalized win-back offer, high-priority outreach, targeted voucher.",Direct Outreach / SMS / VIP Account Manager
17789,190,1,225.9,225.9,74.0,190,United Kingdom,United Kingdom,1,0.7171911154761379,71.7,High Risk,"Personalized win-back offer, high-priority outreach, targeted voucher.",Direct Outreach / SMS / VIP Account Manager
16216,176,1,914.9300000000001,914.9300000000001,254.0,176,United Kingdom,United Kingdom,1,0.7171817918434032,71.7,High Risk,"Personalized win-back offer, high-priority outreach, targeted voucher.",Direct Outreach / SMS / VIP Account Manager
12672,239,1,225.89999999999998,225.89999999999998,78.0,239,France,France,1,0.7170648949819909,71.7,High Risk,"Personalized win-back offer, high-priority outreach, targeted voucher.",Direct Outreach / SMS / VIP Account Manager
17034,197,1,141.79999999999998,141.79999999999998,98.0,197,United Kingdom,United Kingdom,0,0.7169834896570892,71.7,High Risk,"Personalized win-back offer, high-priority outreach, targeted voucher.",Direct Outreach / SMS / VIP Account Manager
15236,208,1,321.05,321.05,269.0,208,United Kingdom,United Kingdom,1,0.7166478883576278,71.7,High Risk,"Personalized win-back offer, high-priority outreach, targeted voucher.",Direct Outreach / SMS / VIP Account Manager
12651,244,1,114.0,114.0,78.0,244,France,France,1,0.7165115761267273,71.7,High Risk,"Personalized win-back offer, high-priority outreach, targeted voucher.",Direct Outreach / SMS / VIP Account Manager
12394,126,1,381.08,381.08,182.0,126,Belgium,Other,0,0.7163298937383301,71.6,High Risk,"Personalized win-back offer, high-priority outreach, targeted voucher.",Direct Outreach / SMS / VIP Account Manager
17348,207,1,160.15,160.15,199.0,207,United Kingdom,United Kingdom,0,0.7160823680057109,71.6,High Risk,"Personalized win-back offer, high-priority outreach, targeted voucher.",Direct Outreach / SMS / VIP Account Manager
18280,187,1,180.60000000000002,180.60000000000002,45.0,187,United Kingdom,United Kingdom,1,0.7159836512666401,71.6,High Risk,"Personalized win-back offer, high-priority outreach, targeted voucher.",Direct Outreach / SMS / VIP Account Manager
18056,197,1,363.65,363.65,211.0,197,United Kingdom,United Kingdom,1,0.7155201400974697,71.6,High Risk,"Personalized win-back offer, high-priority outreach, targeted voucher.",Direct Outreach / SMS / VIP Account Manager
17691,267,2,290.40000000000003,145.20000000000002,67.0,278,United Kingdom,United Kingdom,1,0.7153338637352803,71.5,High Risk,"Personalized win-back offer, high-priority outreach, targeted voucher.",Direct Outreach / SMS / VIP Account Manager
13292,193,1,249.57,249.57,133.0,193,United Kingdom,United Kingdom,0,0.7152306301494316,71.5,High Risk,"Personalized win-back offer, high-priority outreach, targeted voucher.",Direct Outreach / SMS / VIP Account Manager
16414,189,1,50.8,50.8,16.0,189,United Kingdom,United Kingdom,0,0.7151661513277467,71.5,High Risk,"Personalized win-back offer, high-priority outreach, targeted voucher.",Direct Outreach / SMS / VIP Account Manager
17138,185,1,380.5,380.5,126.0,185,United Kingdom,United Kingdom,1,0.7150206170376103,71.5,High Risk,"Personalized win-back offer, high-priority outreach, targeted voucher.",Direct Outreach / SMS / VIP Account Manager
14727,183,1,268.58,268.58,62.0,183,United Kingdom,United Kingdom,1,0.7149996518474603,71.5,High Risk,"Personalized win-back offer, high-priority outreach, targeted voucher.",Direct Outreach / SMS / VIP Account Manager
15554,187,1,217.2,217.2,74.0,187,United Kingdom,United Kingdom,1,0.7149042104220272,71.5,High Risk,"Personalized win-back offer, high-priority outreach, targeted voucher.",Direct Outreach / SMS / VIP Account Manager
17165,193,1,158.68,158.68,100.0,193,United Kingdom,United Kingdom,1,0.7147555742163547,71.5,High Risk,"Personalized win-back offer, high-priority outreach, targeted voucher.",Direct Outreach / SMS / VIP Account Manager
17226,218,1,393.49,393.49,406.0,218,United Kingdom,United Kingdom,1,0.714704980226573,71.5,High Risk,"Personalized win-back offer, high-priority outreach, targeted voucher.",Direct Outreach / SMS / VIP Account Manager
14995,189,1,119.31,119.31,51.0,189,United Kingdom,United Kingdom,0,0.7147045514519145,71.5,High Risk,"Personalized win-back offer, high-priority outreach, targeted voucher.",Direct Outreach / SMS / VIP Account Manager
14247,187,1,136.76999999999998,136.76999999999998,47.0,187,United Kingdom,United Kingdom,1,0.7143050756679641,71.4,High Risk,"Personalized win-back offer, high-priority outreach, targeted voucher.",Direct Outreach / SMS / VIP Account Manager
16518,193,1,190.7,190.7,124.0,193,United Kingdom,United Kingdom,0,0.7139201380672158,71.4,High Risk,"Personalized win-back offer, high-priority outreach, targeted voucher.",Direct Outreach / SMS / VIP Account Manager
13166,192,1,417.2,417.2,216.0,192,United Kingdom,United Kingdom,1,0.7136493898814672,71.4,High Risk,"Personalized win-back offer, high-priority outreach, targeted voucher.",Direct Outreach / SMS / VIP Account Manager
13904,204,1,201.12,201.12,223.0,204,United Kingdom,United Kingdom,0,0.7135661470057684,71.4,High Risk,"Personalized win-back offer, high-priority outreach, targeted voucher.",Direct Outreach / SMS / VIP Account Manager
16136,187,1,159.3,159.3,66.0,187,United Kingdom,United Kingdom,0,0.7135453079370007,71.4,High Risk,"Personalized win-back offer, high-priority outreach, targeted voucher.",Direct Outreach / SMS / VIP Account Manager
17171,198,1,224.91,224.91,185.0,198,United Kingdom,United Kingdom,1,0.7134836067592942,71.3,High Risk,"Personalized win-back offer, high-priority outreach, targeted voucher.",Direct Outreach / SMS / VIP Account Manager
17654,186,1,117.55,117.55,41.0,186,United Kingdom,United Kingdom,1,0.7134598341516749,71.3,High Risk,"Personalized win-back offer, high-priority outreach, targeted voucher.",Direct Outreach / SMS / VIP Account Manager
17325,189,1,96.8,96.8,60.0,189,United Kingdom,United Kingdom,1,0.713193522018197,71.3,High Risk,"Personalized win-back offer, high-priority outreach, targeted voucher.",Direct Outreach / SMS / VIP Account Manager
14297,184,1,232.6,232.6,78.0,184,United Kingdom,United Kingdom,0,0.7131189725827453,71.3,High Risk,"Personalized win-back offer, high-priority outreach, targeted voucher.",Direct Outreach / SMS / VIP Account Manager
14483,191,1,137.1,137.1,97.0,191,United Kingdom,United Kingdom,1,0.7129197019700018,71.3,High Risk,"Personalized win-back offer, high-priority outreach, targeted voucher.",Direct Outreach / SMS / VIP Account Manager
13382,190,1,222.99,222.99,131.0,190,United Kingdom,United Kingdom,1,0.7124749770443879,71.2,High Risk,"Personalized win-back offer, high-priority outreach, targeted voucher.",Direct Outreach / SMS / VIP Account Manager
12355,123,1,459.4,459.4,240.0,123,Bahrain,Other,1,0.7123498988471964,71.2,High Risk,"Personalized win-back offer, high-priority outreach, targeted voucher.",Direct Outreach / SMS / VIP Account Manager
14157,194,1,269.18,269.18,186.0,194,United Kingdom,United Kingdom,0,0.7122752898263901,71.2,High Risk,"Personalized win-back offer, high-priority outreach, targeted voucher.",Direct Outreach / SMS / VIP Account Manager
15709,193,1,133.25,133.25,121.0,193,United Kingdom,United Kingdom,1,0.7121671339356265,71.2,High Risk,"Personalized win-back offer, high-priority outreach, targeted voucher.",Direct Outreach / SMS / VIP Account Manager
15393,190,1,124.10000000000001,124.10000000000001,94.0,190,United Kingdom,United Kingdom,0,0.7120443202314989,71.2,High Risk,"Personalized win-back offer, high-priority outreach, targeted voucher.",Direct Outreach / SMS / VIP Account Manager
12665,234,1,63.0,63.0,37.0,234,Germany,Germany,1,0.7120390759638515,71.2,High Risk,"Personalized win-back offer, high-priority outreach, targeted voucher.",Direct Outreach / SMS / VIP Account Manager
14165,185,1,120.44,120.44,53.0,185,United Kingdom,United Kingdom,1,0.7119174851235044,71.2,High Risk,"Personalized win-back offer, high-priority outreach, targeted voucher.",Direct Outreach / SMS / VIP Account Manager
13899,184,1,298.5,298.5,122.0,184,United Kingdom,United Kingdom,0,0.7118318102382712,71.2,High Risk,"Personalized win-back offer, high-priority outreach, targeted voucher.",Direct Outreach / SMS / VIP Account Manager
17639,185,1,108.5,108.5,49.0,185,United Kingdom,United Kingdom,1,0.7118273655620183,71.2,High Risk,"Personalized win-back offer, high-priority outreach, targeted voucher.",Direct Outreach / SMS / VIP Account Manager
14012,187,1,328.8,328.8,160.0,187,United Kingdom,United Kingdom,1,0.7117953740882506,71.2,High Risk,"Personalized win-back offer, high-priority outreach, targeted voucher.",Direct Outreach / SMS / VIP Account Manager
12736,242,1,234.0,234.0,173.0,242,France,France,1,0.7116391315126551,71.2,High Risk,"Personalized win-back offer, high-priority outreach, targeted voucher.",Direct Outreach / SMS / VIP Account Manager
12967,267,2,1660.9,830.45,219.0,281,United Kingdom,United Kingdom,1,0.7115265914700162,71.2,High Risk,"Personalized win-back offer, high-priority outreach, targeted voucher.",Direct Outreach / SMS / VIP Account Manager
15415,222,1,559.61,559.61,551.0,222,United Kingdom,United Kingdom,1,0.7113590989684083,71.1,High Risk,"Personalized win-back offer, high-priority outreach, targeted voucher.",Direct Outreach / SMS / VIP Account Manager
12353,113,1,89.0,89.0,20.0,113,Bahrain,Other,1,0.7106878897455406,71.1,High Risk,"Personalized win-back offer, high-priority outreach, targeted voucher.",Direct Outreach / SMS / VIP Account Manager
16693,181,1,153.41,153.41,50.0,181,United Kingdom,United Kingdom,0,0.7106372532035601,71.1,High Risk,"Personalized win-back offer, high-priority outreach, targeted voucher.",Direct Outreach / SMS / VIP Account Manager
16517,186,1,162.7,162.7,96.0,186,United Kingdom,United Kingdom,1,0.7105526841348073,71.1,High Risk,"Personalized win-back offer, high-priority outreach, targeted voucher.",Direct Outreach / SMS / VIP Account Manager
17951,267,2,409.50000000000006,204.75000000000003,110.0,283,United Kingdom,United Kingdom,0,0.7103614305751017,71.0,High Risk,"Personalized win-back offer, high-priority outreach, targeted voucher.",Direct Outreach / SMS / VIP Account Manager
15319,193,1,204.5,204.5,175.0,193,United Kingdom,United Kingdom,1,0.7102473973386787,71.0,High Risk,"Personalized win-back offer, high-priority outreach, targeted voucher.",Direct Outreach / SMS / VIP Account Manager
16080,183,1,130.26,130.26,66.0,183,United Kingdom,United Kingdom,0,0.7098603907657143,71.0,High Risk,"Personalized win-back offer, high-priority outreach, targeted voucher.",Direct Outreach / SMS / VIP Account Manager
13421,199,1,825.04,825.04,495.0,199,United Kingdom,United Kingdom,0,0.7098026830796779,71.0,High Risk,"Personalized win-back offer, high-priority outreach, targeted voucher.",Direct Outreach / SMS / VIP Account Manager
15049,183,1,121.17000000000002,121.17000000000002,63.0,183,United Kingdom,United Kingdom,1,0.7097877929226277,71.0,High Risk,"Personalized win-back offer, high-priority outreach, targeted voucher.",Direct Outreach / SMS / VIP Account Manager
16625,184,1,333.08,333.08,164.0,184,United Kingdom,United Kingdom,1,0.7096094709052629,71.0,High Risk,"Personalized win-back offer, high-priority outreach, targeted voucher.",Direct Outreach / SMS / VIP Account Manager
14633,175,1,344.90000000000003,344.90000000000003,96.0,175,United Kingdom,United Kingdom,1,0.7095496618599255,71.0,High Risk,"Personalized win-back offer, high-priority outreach, targeted voucher.",Direct Outreach / SMS / VIP Account Manager
14962,180,1,126.7,126.7,44.0,180,United Kingdom,United Kingdom,1,0.7095234099612836,71.0,High Risk,"Personalized win-back offer, high-priority outreach, targeted voucher.",Direct Outreach / SMS / VIP Account Manager
16804,179,1,118.05,118.05,34.0,179,United Kingdom,United Kingdom,0,0.7093680388983898,70.9,High Risk,"Personalized win-back offer, high-priority outreach, targeted voucher.",Direct Outreach / SMS / VIP Account Manager
17535,189,1,164.4,164.4,136.0,189,United Kingdom,United Kingdom,1,0.7093520894631614,70.9,High Risk,"Personalized win-back offer, high-priority outreach, targeted voucher.",Direct Outreach / SMS / VIP Account Manager
13299,177,1,142.5,142.5,30.0,177,United Kingdom,United Kingdom,1,0.7092090745061258,70.9,High Risk,"Personalized win-back offer, high-priority outreach, targeted voucher.",Direct Outreach / SMS / VIP Account Manager
16159,191,1,348.2,348.2,236.0,191,United Kingdom,United Kingdom,1,0.7089422962596263,70.9,High Risk,"Personalized win-back offer, high-priority outreach, targeted voucher.",Direct Outreach / SMS / VIP Account Manager
12574,225,1,218.45,218.45,61.0,225,France,France,1,0.708857920886389,70.9,High Risk,"Personalized win-back offer, high-priority outreach, targeted voucher.",Direct Outreach / SMS / VIP Account Manager
16778,183,1,93.18,93.18,66.0,183,United Kingdom,United Kingdom,0,0.7085613767910511,70.9,High Risk,"Personalized win-back offer, high-priority outreach, targeted voucher.",Direct Outreach / SMS / VIP Account Manager
14636,178,1,300.19,300.19,117.0,178,United Kingdom,United Kingdom,0,0.7082770940786428,70.8,High Risk,"Personalized win-back offer, high-priority outreach, targeted voucher.",Direct Outreach / SMS / VIP Account Manager
13185,177,1,71.4,71.4,12.0,177,United Kingdom,United Kingdom,1,0.7081917506676538,70.8,High Risk,"Personalized win-back offer, high-priority outreach, targeted voucher.",Direct Outreach / SMS / VIP Account Manager
12673,236,1,220.9,220.9,171.0,236,Germany,Germany,0,0.7079432694963609,70.8,High Risk,"Personalized win-back offer, high-priority outreach, targeted voucher.",Direct Outreach / SMS / VIP Account Manager
14693,174,1,172.9,172.9,34.0,174,United Kingdom,United Kingdom,1,0.7079299026097086,70.8,High Risk,"Personalized win-back offer, high-priority outreach, targeted voucher.",Direct Outreach / SMS / VIP Account Manager
17995,191,1,76.1,76.1,133.0,191,United Kingdom,United Kingdom,1,0.7078458122048166,70.8,High Risk,"Personalized win-back offer, high-priority outreach, targeted voucher.",Direct Outreach / SMS / VIP Account Manager
16471,184,1,223.95000000000002,223.95000000000002,141.0,184,United Kingdom,United Kingdom,1,0.7076682583188569,70.8,High Risk,"Personalized win-back offer, high-priority outreach, targeted voucher.",Direct Outreach / SMS / VIP Account Manager
14066,176,1,152.55,152.55,45.0,176,United Kingdom,United Kingdom,1,0.7076583116226537,70.8,High Risk,"Personalized win-back offer, high-priority outreach, targeted voucher.",Direct Outreach / SMS / VIP Account Manager
16976,176,1,251.51999999999998,251.51999999999998,88.0,176,United Kingdom,United Kingdom,1,0.7076027752262175,70.8,High Risk,"Personalized win-back offer, high-priority outreach, targeted voucher.",Direct Outreach / SMS / VIP Account Manager
14155,175,1,118.75,118.75,25.0,175,United Kingdom,United Kingdom,1,0.7074402608655265,70.7,High Risk,"Personalized win-back offer, high-priority outreach, targeted voucher.",Direct Outreach / SMS / VIP Account Manager
16917,186,1,391.52,391.52,232.0,186,United Kingdom,United Kingdom,1,0.7074264043813314,70.7,High Risk,"Personalized win-back offer, high-priority outreach, targeted voucher.",Direct Outreach / SMS / VIP Account Manager
16769,169,1,361.54,361.54,80.0,169,United Kingdom,United Kingdom,1,0.7074105095235835,70.7,High Risk,"Personalized win-back offer, high-priority outreach, targeted voucher.",Direct Outreach / SMS / VIP Account Manager
13043,182,1,516.42,516.42,254.0,182,United Kingdom,United Kingdom,1,0.7073129005176797,70.7,High Risk,"Personalized win-back offer, high-priority outreach, targeted voucher.",Direct Outreach / SMS / VIP Account Manager
13226,182,1,108.21000000000001,108.21000000000001,80.0,182,United Kingdom,United Kingdom,1,0.7072660431586963,70.7,High Risk,"Personalized win-back offer, high-priority outreach, targeted voucher.",Direct Outreach / SMS / VIP Account Manager
15308,183,1,310.47,310.47,175.0,183,United Kingdom,United Kingdom,1,0.7072408981102413,70.7,High Risk,"Personalized win-back offer, high-priority outreach, targeted voucher.",Direct Outreach / SMS / VIP Account Manager
12652,240,1,919.98,919.98,505.0,240,France,France,1,0.707131972075255,70.7,High Risk,"Personalized win-back offer, high-priority outreach, targeted voucher.",Direct Outreach / SMS / VIP Account Manager
15703,174,1,211.5,211.5,66.0,174,United Kingdom,United Kingdom,1,0.7066558176222446,70.7,High Risk,"Personalized win-back offer, high-priority outreach, targeted voucher.",Direct Outreach / SMS / VIP Account Manager
13044,200,1,560.47,560.47,429.0,200,United Kingdom,United Kingdom,1,0.7066059052433171,70.7,High Risk,"Personalized win-back offer, high-priority outreach, targeted voucher.",Direct Outreach / SMS / VIP Account Manager
18270,176,1,111.95,111.95,41.0,176,United Kingdom,United Kingdom,0,0.7065590155999683,70.7,High Risk,"Personalized win-back offer, high-priority outreach, targeted voucher.",Direct Outreach / SMS / VIP Account Manager
13072,176,1,177.15,177.15,69.0,176,United Kingdom,United Kingdom,1,0.7065493453775838,70.7,High Risk,"Personalized win-back offer, high-priority outreach, targeted voucher.",Direct Outreach / SMS / VIP Account Manager
14840,177,1,62.85,62.85,31.0,177,United Kingdom,United Kingdom,1,0.7063284359647263,70.6,High Risk,"Personalized win-back offer, high-priority outreach, targeted voucher.",Direct Outreach / SMS / VIP Account Manager
13046,175,1,197.72,197.72,76.0,175,United Kingdom,United Kingdom,0,0.7060218297885033,70.6,High Risk,"Personalized win-back offer, high-priority outreach, targeted voucher.",Direct Outreach / SMS / VIP Account Manager
18210,176,1,142.4,142.4,62.0,176,United Kingdom,United Kingdom,0,0.7059015227049543,70.6,High Risk,"Personalized win-back offer, high-priority outreach, targeted voucher.",Direct Outreach / SMS / VIP Account Manager
13169,161,1,505.2,505.2,96.0,161,United Kingdom,United Kingdom,0,0.7057509691192818,70.6,High Risk,"Personalized win-back offer, high-priority outreach, targeted voucher.",Direct Outreach / SMS / VIP Account Manager
14350,183,1,282.93,282.93,183.0,183,United Kingdom,United Kingdom,1,0.705611646997579,70.6,High Risk,"Personalized win-back offer, high-priority outreach, targeted voucher.",Direct Outreach / SMS / VIP Account Manager
18086,183,1,101.34,101.34,106.0,183,United Kingdom,United Kingdom,1,0.7055574811545876,70.6,High Risk,"Personalized win-back offer, high-priority outreach, targeted voucher.",Direct Outreach / SMS / VIP Account Manager
13557,190,1,240.68,240.68,224.0,190,United Kingdom,United Kingdom,0,0.7054730540859864,70.5,High Risk,"Personalized win-back offer, high-priority outreach, targeted voucher.",Direct Outreach / SMS / VIP Account Manager
15442,158,1,594.0,594.0,120.0,158,United Kingdom,United Kingdom,1,0.7048741563920754,70.5,High Risk,"Personalized win-back offer, high-priority outreach, targeted voucher.",Direct Outreach / SMS / VIP Account Manager
17080,179,1,76.32000000000001,76.32000000000001,72.0,179,United Kingdom,United Kingdom,0,0.7047734743796241,70.5,High Risk,"Personalized win-back offer, high-priority outreach, targeted voucher.",Direct Outreach / SMS / VIP Account Manager
15408,173,1,267.18,267.18,106.0,173,United Kingdom,United Kingdom,1,0.7046437327693374,70.5,High Risk,"Personalized win-back offer, high-priority outreach, targeted voucher.",Direct Outreach / SMS / VIP Account Manager
13341,170,1,775.85,775.85,301.0,170,United Kingdom,United Kingdom,1,0.7044730763413005,70.4,High Risk,"Personalized win-back offer, high-priority outreach, targeted voucher.",Direct Outreach / SMS / VIP Account Manager
14870,171,1,327.25,327.25,119.0,171,United Kingdom,United Kingdom,1,0.7043370970041032,70.4,High Risk,"Personalized win-back offer, high-priority outreach, targeted voucher.",Direct Outreach / SMS / VIP Account Manager
13934,173,1,922.1,922.1,390.0,173,United Kingdom,United Kingdom,1,0.7043191112273857,70.4,High Risk,"Personalized win-back offer, high-priority outreach, targeted voucher.",Direct Outreach / SMS / VIP Account Manager
16135,172,1,517.55,517.55,209.0,172,United Kingdom,United Kingdom,1,0.7043023204212603,70.4,High Risk,"Personalized win-back offer, high-priority outreach, targeted voucher.",Direct Outreach / SMS / VIP Account Manager
13753,197,1,741.26,741.26,512.0,197,United Kingdom,United Kingdom,1,0.7041060916225829,70.4,High Risk,"Personalized win-back offer, high-priority outreach, targeted voucher.",Direct Outreach / SMS / VIP Account Manager
12902,174,1,138.68,138.68,66.0,174,United Kingdom,United Kingdom,1,0.7040850473175914,70.4,High Risk,"Personalized win-back offer, high-priority outreach, targeted voucher.",Direct Outreach / SMS / VIP Account Manager
14536,169,1,170.95,170.95,39.0,169,United Kingdom,United Kingdom,1,0.7040691788035522,70.4,High Risk,"Personalized win-back offer, high-priority outreach, targeted voucher.",Direct Outreach / SMS / VIP Account Manager
18224,173,1,158.95000000000002,158.95000000000002,69.0,173,United Kingdom,United Kingdom,1,0.7038756200666734,70.4,High Risk,"Personalized win-back offer, high-priority outreach, targeted voucher.",Direct Outreach / SMS / VIP Account Manager
16374,171,1,154.2,154.2,51.0,171,United Kingdom,United Kingdom,0,0.703840175431393,70.4,High Risk,"Personalized win-back offer, high-priority outreach, targeted voucher.",Direct Outreach / SMS / VIP Account Manager
13132,171,1,77.3,77.3,20.0,171,United Kingdom,United Kingdom,1,0.7036839843385592,70.4,High Risk,"Personalized win-back offer, high-priority outreach, targeted voucher.",Direct Outreach / SMS / VIP Account Manager
15234,186,1,197.0,197.0,196.0,186,United Kingdom,United Kingdom,1,0.7035319800878218,70.4,High Risk,"Personalized win-back offer, high-priority outreach, targeted voucher.",Direct Outreach / SMS / VIP Account Manager
15676,193,1,897.8,897.8,555.0,193,United Kingdom,United Kingdom,0,0.703373186447041,70.3,High Risk,"Personalized win-back offer, high-priority outreach, targeted voucher.",Direct Outreach / SMS / VIP Account Manager
17102,171,1,25.5,25.5,2.0,171,United Kingdom,United Kingdom,1,0.7033399644157151,70.3,High Risk,"Personalized win-back offer, high-priority outreach, targeted voucher.",Direct Outreach / SMS / VIP Account Manager
15445,173,1,113.5,113.5,58.0,173,United Kingdom,United Kingdom,1,0.7031766358436284,70.3,High Risk,"Personalized win-back offer, high-priority outreach, targeted voucher.",Direct Outreach / SMS / VIP Account Manager
15437,171,1,200.16,200.16,79.0,171,United Kingdom,United Kingdom,1,0.7031487055037035,70.3,High Risk,"Personalized win-back offer, high-priority outreach, targeted voucher.",Direct Outreach / SMS / VIP Account Manager
17733,171,1,216.95000000000002,216.95000000000002,87.0,171,United Kingdom,United Kingdom,0,0.7030807284791603,70.3,High Risk,"Personalized win-back offer, high-priority outreach, targeted voucher.",Direct Outreach / SMS / VIP Account Manager
17542,179,1,170.75,170.75,134.0,179,United Kingdom,United Kingdom,1,0.702983678120899,70.3,High Risk,"Personalized win-back offer, high-priority outreach, targeted voucher.",Direct Outreach / SMS / VIP Account Manager
17763,172,1,15.0,15.0,12.0,172,United Kingdom,United Kingdom,1,0.7028182134611712,70.3,High Risk,"Personalized win-back offer, high-priority outreach, targeted voucher.",Direct Outreach / SMS / VIP Account Manager
14041,175,1,141.41,141.41,94.0,175,United Kingdom,United Kingdom,1,0.7025405338341058,70.3,High Risk,"Personalized win-back offer, high-priority outreach, targeted voucher.",Direct Outreach / SMS / VIP Account Manager
15019,176,1,252.81,252.81,150.0,176,United Kingdom,United Kingdom,1,0.7025271071358701,70.3,High Risk,"Personalized win-back offer, high-priority outreach, targeted voucher.",Direct Outreach / SMS / VIP Account Manager
16096,173,1,320.62,320.62,155.0,173,United Kingdom,United Kingdom,1,0.7024775958368596,70.2,High Risk,"Personalized win-back offer, high-priority outreach, targeted voucher.",Direct Outreach / SMS / VIP Account Manager
17438,163,1,388.45000000000005,388.45000000000005,103.0,163,United Kingdom,United Kingdom,1,0.702396518512007,70.2,High Risk,"Personalized win-back offer, high-priority outreach, targeted voucher.",Direct Outreach / SMS / VIP Account Manager
16586,158,1,463.95,463.95,95.0,158,United Kingdom,United Kingdom,1,0.7023380131137845,70.2,High Risk,"Personalized win-back offer, high-priority outreach, targeted voucher.",Direct Outreach / SMS / VIP Account Manager
15793,178,1,306.64,306.64,192.0,178,United Kingdom,United Kingdom,0,0.7023126399083982,70.2,High Risk,"Personalized win-back offer, high-priority outreach, targeted voucher.",Direct Outreach / SMS / VIP Account Manager
14193,179,1,422.53999999999996,422.53999999999996,250.0,179,United Kingdom,United Kingdom,0,0.702292929642759,70.2,High Risk,"Personalized win-back offer, high-priority outreach, targeted voucher.",Direct Outreach / SMS / VIP Account Manager
17701,162,1,417.95,417.95,109.0,162,United Kingdom,United Kingdom,1,0.7022650760133938,70.2,High Risk,"Personalized win-back offer, high-priority outreach, targeted voucher.",Direct Outreach / SMS / VIP Account Manager
14059,176,1,183.6,183.6,128.0,176,United Kingdom,United Kingdom,1,0.7018960348325533,70.2,High Risk,"Personalized win-back offer, high-priority outreach, targeted voucher.",Direct Outreach / SMS / VIP Account Manager
17250,170,1,162.65,162.65,70.0,170,United Kingdom,United Kingdom,0,0.7018836100049831,70.2,High Risk,"Personalized win-back offer, high-priority outreach, targeted voucher.",Direct Outreach / SMS / VIP Account Manager
16384,173,1,409.1,409.1,200.0,173,United Kingdom,United Kingdom,0,0.7018826744235095,70.2,High Risk,"Personalized win-back offer, high-priority outreach, targeted voucher.",Direct Outreach / SMS / VIP Account Manager
15047,179,1,343.62,343.62,222.0,179,United Kingdom,United Kingdom,1,0.7018151760168099,70.2,High Risk,"Personalized win-back offer, high-priority outreach, targeted voucher.",Direct Outreach / SMS / VIP Account Manager
14603,184,1,660.0,660.0,400.0,184,United Kingdom,United Kingdom,1,0.7016730802150596,70.2,High Risk,"Personalized win-back offer, high-priority outreach, targeted voucher.",Direct Outreach / SMS / VIP Account Manager
17411,170,1,285.58,285.58,126.0,170,United Kingdom,United Kingdom,0,0.7015984960469867,70.2,High Risk,"Personalized win-back offer, high-priority outreach, targeted voucher.",Direct Outreach / SMS / VIP Account Manager
16022,169,1,602.63,602.63,255.0,169,United Kingdom,United Kingdom,1,0.7014643464856304,70.1,High Risk,"Personalized win-back offer, high-priority outreach, targeted voucher.",Direct Outreach / SMS / VIP Account Manager
14205,173,1,222.9,222.9,126.0,173,United Kingdom,United Kingdom,0,0.701414694352598,70.1,High Risk,"Personalized win-back offer, high-priority outreach, targeted voucher.",Direct Outreach / SMS / VIP Account Manager
16777,166,1,173.52,173.52,48.0,166,United Kingdom,United Kingdom,0,0.701372608259635,70.1,High Risk,"Personalized win-back offer, high-priority outreach, targeted voucher.",Direct Outreach / SMS / VIP Account Manager
16620,170,1,95.75999999999999,95.75999999999999,48.0,170,United Kingdom,United Kingdom,0,0.701334310094722,70.1,High Risk,"Personalized win-back offer, high-priority outreach, targeted voucher.",Direct Outreach / SMS / VIP Account Manager
15452,173,1,237.0,237.0,134.0,173,United Kingdom,United Kingdom,0,0.7012507665018494,70.1,High Risk,"Personalized win-back offer, high-priority outreach, targeted voucher.",Direct Outreach / SMS / VIP Account Manager
16297,178,1,301.9,301.9,206.0,178,United Kingdom,United Kingdom,1,0.7009799217213564,70.1,High Risk,"Personalized win-back offer, high-priority outreach, targeted voucher.",Direct Outreach / SMS / VIP Account Manager
16619,173,1,226.21,226.21,133.0,173,United Kingdom,United Kingdom,1,0.700949904885708,70.1,High Risk,"Personalized win-back offer, high-priority outreach, targeted voucher.",Direct Outreach / SMS / VIP Account Manager
13716,178,1,138.28,138.28,138.0,178,United Kingdom,United Kingdom,1,0.7008157384145401,70.1,High Risk,"Personalized win-back offer, high-priority outreach, targeted voucher.",Direct Outreach / SMS / VIP Account Manager
17142,148,1,579.0,579.0,81.0,148,United Kingdom,United Kingdom,1,0.7007758557330573,70.1,High Risk,"Personalized win-back offer, high-priority outreach, targeted voucher.",Direct Outreach / SMS / VIP Account Manager
14348,169,1,409.57,409.57,183.0,169,United Kingdom,United Kingdom,1,0.7005850590809328,70.1,High Risk,"Personalized win-back offer, high-priority outreach, targeted voucher.",Direct Outreach / SMS / VIP Account Manager
18010,166,1,174.8,174.8,60.0,166,United Kingdom,United Kingdom,1,0.7004188990987884,70.0,High Risk,"Personalized win-back offer, high-priority outreach, targeted voucher.",Direct Outreach / SMS / VIP Account Manager
12770,120,1,1351.45,1351.45,743.0,120,Japan,Other,1,0.700312192061271,70.0,High Risk,"Personalized win-back offer, high-priority outreach, targeted voucher.",Direct Outreach / SMS / VIP Account Manager
15178,169,1,40.5,40.5,30.0,169,United Kingdom,United Kingdom,1,0.7001823096777245,70.0,High Risk,"Personalized win-back offer, high-priority outreach, targeted voucher.",Direct Outreach / SMS / VIP Account Manager
17486,170,1,396.87,396.87,191.0,170,United Kingdom,United Kingdom,1,0.700148864962563,70.0,High Risk,"Personalized win-back offer, high-priority outreach, targeted voucher.",Direct Outreach / SMS / VIP Account Manager
15457,171,1,237.07,237.07,132.0,171,United Kingdom,United Kingdom,1,0.7000538204791265,70.0,High Risk,"Personalized win-back offer, high-priority outreach, targeted voucher.",Direct Outreach / SMS / VIP Account Manager
13262,172,1,200.29,200.29,125.0,172,United Kingdom,United Kingdom,1,0.7000095724186709,70.0,High Risk,"Personalized win-back offer, high-priority outreach, targeted voucher.",Direct Outreach / SMS / VIP Account Manager
18189,177,1,633.1,633.1,352.0,177,United Kingdom,United Kingdom,0,0.6999329745737611,70.0,Medium Risk,"Loyalty reward, product recommendations, re-engagement email.",Automated Email Drip / App Push Notification
14538,165,1,106.5,106.5,30.0,165,United Kingdom,United Kingdom,0,0.6998011859945709,70.0,Medium Risk,"Loyalty reward, product recommendations, re-engagement email.",Automated Email Drip / App Push Notification
18108,163,1,271.0,271.0,84.0,163,United Kingdom,United Kingdom,1,0.6997971110943395,70.0,Medium Risk,"Loyalty reward, product recommendations, re-engagement email.",Automated Email Drip / App Push Notification
16494,206,1,826.53,826.53,675.0,206,United Kingdom,United Kingdom,1,0.6997220936433665,70.0,Medium Risk,"Loyalty reward, product recommendations, re-engagement email.",Automated Email Drip / App Push Notification
17698,170,1,154.95,154.95,93.0,170,United Kingdom,United Kingdom,1,0.6996936431051964,70.0,Medium Risk,"Loyalty reward, product recommendations, re-engagement email.",Automated Email Drip / App Push Notification
12970,231,2,23.8,11.9,4.0,231,United Kingdom,United Kingdom,0,0.6995010734934107,70.0,Medium Risk,"Loyalty reward, product recommendations, re-engagement email.",Automated Email Drip / App Push Notification
15422,232,2,97.7,48.85,19.0,232,United Kingdom,United Kingdom,1,0.6994842124707256,69.9,Medium Risk,"Loyalty reward, product recommendations, re-engagement email.",Automated Email Drip / App Push Notification
16036,172,1,188.73,188.73,127.0,172,United Kingdom,United Kingdom,0,0.6994300488816912,69.9,Medium Risk,"Loyalty reward, product recommendations, re-engagement email.",Automated Email Drip / App Push Notification
14632,172,1,114.56,114.56,96.0,172,United Kingdom,United Kingdom,1,0.6993700388485237,69.9,Medium Risk,"Loyalty reward, product recommendations, re-engagement email.",Automated Email Drip / App Push Notification
13358,178,1,439.03,439.03,285.0,178,United Kingdom,United Kingdom,1,0.6992822471700936,69.9,Medium Risk,"Loyalty reward, product recommendations, re-engagement email.",Automated Email Drip / App Push Notification
15083,166,1,88.2,88.2,38.0,166,United Kingdom,United Kingdom,1,0.6991642913837542,69.9,Medium Risk,"Loyalty reward, product recommendations, re-engagement email.",Automated Email Drip / App Push Notification
15030,177,1,152.76,152.76,156.0,177,United Kingdom,United Kingdom,0,0.6991468357431015,69.9,Medium Risk,"Loyalty reward, product recommendations, re-engagement email.",Automated Email Drip / App Push Notification
16392,179,1,217.89,217.89,201.0,179,United Kingdom,United Kingdom,1,0.6990841184743302,69.9,Medium Risk,"Loyalty reward, product recommendations, re-engagement email.",Automated Email Drip / App Push Notification
12831,171,1,215.05,215.05,135.0,171,United Kingdom,United Kingdom,1,0.6990171337794513,69.9,Medium Risk,"Loyalty reward, product recommendations, re-engagement email.",Automated Email Drip / App Push Notification
13512,170,1,251.21,251.21,143.0,170,United Kingdom,United Kingdom,1,0.6989557321193628,69.9,Medium Risk,"Loyalty reward, product recommendations, re-engagement email.",Automated Email Drip / App Push Notification
16721,171,1,292.47,292.47,172.0,171,United Kingdom,United Kingdom,1,0.6986918041330872,69.9,Medium Risk,"Loyalty reward, product recommendations, re-engagement email.",Automated Email Drip / App Push Notification
14747,158,1,328.2,328.2,84.0,158,United Kingdom,United Kingdom,1,0.6984158456529772,69.8,Medium Risk,"Loyalty reward, product recommendations, re-engagement email.",Automated Email Drip / App Push Notification
18191,171,1,207.79999999999998,207.79999999999998,140.0,171,United Kingdom,United Kingdom,1,0.6983397235503327,69.8,Medium Risk,"Loyalty reward, product recommendations, re-engagement email.",Automated Email Drip / App Push Notification
15109,155,1,484.95,484.95,131.0,155,United Kingdom,United Kingdom,1,0.6980340598961483,69.8,Medium Risk,"Loyalty reward, product recommendations, re-engagement email.",Automated Email Drip / App Push Notification
13059,159,1,183.4,183.4,35.0,159,United Kingdom,United Kingdom,1,0.698020376239247,69.8,Medium Risk,"Loyalty reward, product recommendations, re-engagement email.",Automated Email Drip / App Push Notification
13060,163,1,307.53,307.53,123.0,163,United Kingdom,United Kingdom,1,0.6978426164658971,69.8,Medium Risk,"Loyalty reward, product recommendations, re-engagement email.",Automated Email Drip / App Push Notification
15847,197,1,180.68,180.68,348.0,197,United Kingdom,United Kingdom,0,0.6978005618942921,69.8,Medium Risk,"Loyalty reward, product recommendations, re-engagement email.",Automated Email Drip / App Push Notification
13803,164,1,277.07,277.07,121.0,164,United Kingdom,United Kingdom,1,0.6976057173929263,69.8,Medium Risk,"Loyalty reward, product recommendations, re-engagement email.",Automated Email Drip / App Push Notification
12545,169,1,628.15,628.15,346.0,169,Spain,Spain,0,0.6974645347949965,69.7,Medium Risk,"Loyalty reward, product recommendations, re-engagement email.",Automated Email Drip / App Push Notification
14924,155,1,310.05,310.05,64.0,155,United Kingdom,United Kingdom,1,0.6973809624126684,69.7,Medium Risk,"Loyalty reward, product recommendations, re-engagement email.",Automated Email Drip / App Push Notification
14890,163,1,125.65,125.65,51.0,163,United Kingdom,United Kingdom,1,0.6973582388578842,69.7,Medium Risk,"Loyalty reward, product recommendations, re-engagement email.",Automated Email Drip / App Push Notification
17678,173,1,298.11,298.11,207.0,173,United Kingdom,United Kingdom,1,0.6973360900955335,69.7,Medium Risk,"Loyalty reward, product recommendations, re-engagement email.",Automated Email Drip / App Push Notification
16144,156,1,175.2,175.2,16.0,156,United Kingdom,United Kingdom,1,0.6972577327882823,69.7,Medium Risk,"Loyalty reward, product recommendations, re-engagement email.",Automated Email Drip / App Push Notification
17443,129,1,534.24,534.24,504.0,129,Canada,Other,1,0.6972443740492777,69.7,Medium Risk,"Loyalty reward, product recommendations, re-engagement email.",Automated Email Drip / App Push Notification
16386,163,1,61.10000000000001,61.10000000000001,26.0,163,United Kingdom,United Kingdom,0,0.6971398389763415,69.7,Medium Risk,"Loyalty reward, product recommendations, re-engagement email.",Automated Email Drip / App Push Notification
13781,160,1,127.84,127.84,30.0,160,United Kingdom,United Kingdom,1,0.697135311592351,69.7,Medium Risk,"Loyalty reward, product recommendations, re-engagement email.",Automated Email Drip / App Push Notification
14476,166,1,193.0,193.0,110.0,166,United Kingdom,United Kingdom,1,0.6968883244537404,69.7,Medium Risk,"Loyalty reward, product recommendations, re-engagement email.",Automated Email Drip / App Push Notification
13493,184,2,618.63,309.315,190.0,196,Switzerland,Other,1,0.6968520661216618,69.7,Medium Risk,"Loyalty reward, product recommendations, re-engagement email.",Automated Email Drip / App Push Notification
16162,161,1,37.4,37.4,4.0,161,United Kingdom,United Kingdom,1,0.6967596134986604,69.7,Medium Risk,"Loyalty reward, product recommendations, re-engagement email.",Automated Email Drip / App Push Notification
13573,162,1,31.770000000000003,31.770000000000003,10.0,162,United Kingdom,United Kingdom,0,0.6967420494919356,69.7,Medium Risk,"Loyalty reward, product recommendations, re-engagement email.",Automated Email Drip / App Push Notification
13462,162,1,151.5,151.5,62.0,162,United Kingdom,United Kingdom,1,0.6966750834123058,69.7,Medium Risk,"Loyalty reward, product recommendations, re-engagement email.",Automated Email Drip / App Push Notification
13121,178,1,283.73,283.73,252.0,178,United Kingdom,United Kingdom,1,0.6964838195406656,69.6,Medium Risk,"Loyalty reward, product recommendations, re-engagement email.",Automated Email Drip / App Push Notification
15068,165,1,239.95999999999998,239.95999999999998,130.0,165,United Kingdom,United Kingdom,0,0.6962068915134748,69.6,Medium Risk,"Loyalty reward, product recommendations, re-engagement email.",Automated Email Drip / App Push Notification
14886,162,1,364.8,364.8,160.0,162,United Kingdom,United Kingdom,1,0.6961054189082577,69.6,Medium Risk,"Loyalty reward, product recommendations, re-engagement email.",Automated Email Drip / App Push Notification
13035,170,1,333.0,333.0,212.0,170,United Kingdom,United Kingdom,0,0.6961043997473106,69.6,Medium Risk,"Loyalty reward, product recommendations, re-engagement email.",Automated Email Drip / App Push Notification
13484,150,1,313.8,313.8,44.0,150,United Kingdom,United Kingdom,1,0.695753171365582,69.6,Medium Risk,"Loyalty reward, product recommendations, re-engagement email.",Automated Email Drip / App Push Notification
16960,162,1,201.53,201.53,95.0,162,United Kingdom,United Kingdom,0,0.695700081116939,69.6,Medium Risk,"Loyalty reward, product recommendations, re-engagement email.",Automated Email Drip / App Push Notification
14957,162,1,58.49,58.49,34.0,162,United Kingdom,United Kingdom,1,0.6956857324882191,69.6,Medium Risk,"Loyalty reward, product recommendations, re-engagement email.",Automated Email Drip / App Push Notification
17060,175,1,234.24,234.24,216.0,175,United Kingdom,United Kingdom,1,0.6956636914162133,69.6,Medium Risk,"Loyalty reward, product recommendations, re-engagement email.",Automated Email Drip / App Push Notification
13760,165,1,135.09,135.09,96.0,165,United Kingdom,United Kingdom,0,0.6952947928399827,69.5,Medium Risk,"Loyalty reward, product recommendations, re-engagement email.",Automated Email Drip / App Push Notification
13918,162,1,198.2,198.2,100.0,162,United Kingdom,United Kingdom,0,0.6951595929821158,69.5,Medium Risk,"Loyalty reward, product recommendations, re-engagement email.",Automated Email Drip / App Push Notification
15528,163,1,229.33,229.33,123.0,163,United Kingdom,United Kingdom,1,0.6950342418311323,69.5,Medium Risk,"Loyalty reward, product recommendations, re-engagement email.",Automated Email Drip / App Push Notification
13736,169,1,357.53,357.53,228.0,169,United Kingdom,United Kingdom,0,0.6949512709096692,69.5,Medium Risk,"Loyalty reward, product recommendations, re-engagement email.",Automated Email Drip / App Push Notification
12377,224,2,1628.12,814.06,472.0,264,Switzerland,Other,1,0.6947380724884727,69.5,Medium Risk,"Loyalty reward, product recommendations, re-engagement email.",Automated Email Drip / App Push Notification
15691,161,1,136.8,136.8,72.0,161,United Kingdom,United Kingdom,1,0.6946158832422995,69.5,Medium Risk,"Loyalty reward, product recommendations, re-engagement email.",Automated Email Drip / App Push Notification
14272,163,1,132.09,132.09,87.0,163,United Kingdom,United Kingdom,0,0.6945638532818844,69.5,Medium Risk,"Loyalty reward, product recommendations, re-engagement email.",Automated Email Drip / App Push Notification
14607,170,1,495.0,495.0,300.0,170,United Kingdom,United Kingdom,0,0.6945289677557399,69.5,Medium Risk,"Loyalty reward, product recommendations, re-engagement email.",Automated Email Drip / App Push Notification
14851,165,1,206.13,206.13,139.0,165,United Kingdom,United Kingdom,0,0.694231710497391,69.4,Medium Risk,"Loyalty reward, product recommendations, re-engagement email.",Automated Email Drip / App Push Notification
12380,95,1,607.5500000000001,607.5500000000001,293.0,95,Belgium,Other,0,0.694183982459199,69.4,Medium Risk,"Loyalty reward, product recommendations, re-engagement email.",Automated Email Drip / App Push Notification
13196,171,1,512.13,512.13,320.0,171,United Kingdom,United Kingdom,0,0.6941516225580645,69.4,Medium Risk,"Loyalty reward, product recommendations, re-engagement email.",Automated Email Drip / App Push Notification
13357,166,1,609.4,609.4,321.0,166,United Kingdom,United Kingdom,1,0.6941183370487557,69.4,Medium Risk,"Loyalty reward, product recommendations, re-engagement email.",Automated Email Drip / App Push Notification
17956,158,1,12.75,12.75,1.0,158,United Kingdom,United Kingdom,1,0.6940557020929613,69.4,Medium Risk,"Loyalty reward, product recommendations, re-engagement email.",Automated Email Drip / App Push Notification
15917,157,1,123.1,123.1,42.0,157,United Kingdom,United Kingdom,1,0.6938863452740376,69.4,Medium Risk,"Loyalty reward, product recommendations, re-engagement email.",Automated Email Drip / App Push Notification
13216,177,1,333.74,333.74,297.0,177,United Kingdom,United Kingdom,1,0.6938059462679128,69.4,Medium Risk,"Loyalty reward, product recommendations, re-engagement email.",Automated Email Drip / App Push Notification
13708,180,1,285.33,285.33,301.0,180,United Kingdom,United Kingdom,1,0.693796895898217,69.4,Medium Risk,"Loyalty reward, product recommendations, re-engagement email.",Automated Email Drip / App Push Notification
15119,155,1,266.4,266.4,88.0,155,United Kingdom,United Kingdom,1,0.693792265047629,69.4,Medium Risk,"Loyalty reward, product recommendations, re-engagement email.",Automated Email Drip / App Push Notification
17775,164,1,56.4,56.4,72.0,164,United Kingdom,United Kingdom,1,0.6937905399790784,69.4,Medium Risk,"Loyalty reward, product recommendations, re-engagement email.",Automated Email Drip / App Push Notification
17492,157,1,374.57,374.57,155.0,157,United Kingdom,United Kingdom,1,0.6934255045275947,69.3,Medium Risk,"Loyalty reward, product recommendations, re-engagement email.",Automated Email Drip / App Push Notification
13962,155,1,117.6,117.6,30.0,155,United Kingdom,United Kingdom,0,0.6933166270677042,69.3,Medium Risk,"Loyalty reward, product recommendations, re-engagement email.",Automated Email Drip / App Push Notification
14619,155,1,394.44,394.44,152.0,155,United Kingdom,United Kingdom,1,0.6930116200063864,69.3,Medium Risk,"Loyalty reward, product recommendations, re-engagement email.",Automated Email Drip / App Push Notification
16623,155,1,129.45,129.45,39.0,155,United Kingdom,United Kingdom,1,0.6929843927977658,69.3,Medium Risk,"Loyalty reward, product recommendations, re-engagement email.",Automated Email Drip / App Push Notification
16383,177,1,309.46,309.46,298.0,177,United Kingdom,United Kingdom,0,0.6928445167202203,69.3,Medium Risk,"Loyalty reward, product recommendations, re-engagement email.",Automated Email Drip / App Push Notification
17906,156,1,72.9,72.9,26.0,156,United Kingdom,United Kingdom,1,0.6927320612675685,69.3,Medium Risk,"Loyalty reward, product recommendations, re-engagement email.",Automated Email Drip / App Push Notification
17783,157,1,112.41,112.41,53.0,157,United Kingdom,United Kingdom,0,0.6925709440869147,69.3,Medium Risk,"Loyalty reward, product recommendations, re-engagement email.",Automated Email Drip / App Push Notification
15754,156,1,91.8,91.8,36.0,156,United Kingdom,United Kingdom,0,0.6925699135103247,69.3,Medium Risk,"Loyalty reward, product recommendations, re-engagement email.",Automated Email Drip / App Push Notification
17212,162,1,226.85,226.85,147.0,162,United Kingdom,United Kingdom,1,0.6922267689447278,69.2,Medium Risk,"Loyalty reward, product recommendations, re-engagement email.",Automated Email Drip / App Push Notification
13508,153,1,110.97,110.97,24.0,153,United Kingdom,United Kingdom,1,0.6921978964333052,69.2,Medium Risk,"Loyalty reward, product recommendations, re-engagement email.",Automated Email Drip / App Push Notification
18040,155,1,239.0,239.0,96.0,155,United Kingdom,United Kingdom,0,0.6921258191597587,69.2,Medium Risk,"Loyalty reward, product recommendations, re-engagement email.",Automated Email Drip / App Push Notification
18080,152,1,841.4999999999999,841.4999999999999,330.0,152,United Kingdom,United Kingdom,0,0.6920464323091171,69.2,Medium Risk,"Loyalty reward, product recommendations, re-engagement email.",Automated Email Drip / App Push Notification
13950,156,1,179.30999999999997,179.30999999999997,81.0,156,United Kingdom,United Kingdom,0,0.6919287450645216,69.2,Medium Risk,"Loyalty reward, product recommendations, re-engagement email.",Automated Email Drip / App Push Notification
15649,245,2,816.0,408.0,96.0,277,United Kingdom,United Kingdom,1,0.6918706244623992,69.2,Medium Risk,"Loyalty reward, product recommendations, re-engagement email.",Automated Email Drip / App Push Notification
17883,155,1,119.35,119.35,48.0,155,United Kingdom,United Kingdom,0,0.6918576066526234,69.2,Medium Risk,"Loyalty reward, product recommendations, re-engagement email.",Automated Email Drip / App Push Notification
12561,212,1,238.85,238.85,177.0,212,Germany,Germany,1,0.6916668311877857,69.2,Medium Risk,"Loyalty reward, product recommendations, re-engagement email.",Automated Email Drip / App Push Notification
16063,169,1,335.32,335.32,262.0,169,United Kingdom,United Kingdom,1,0.6912760497868428,69.1,Medium Risk,"Loyalty reward, product recommendations, re-engagement email.",Automated Email Drip / App Push Notification
13841,162,1,85.0,85.0,100.0,162,United Kingdom,United Kingdom,1,0.6910693976665649,69.1,Medium Risk,"Loyalty reward, product recommendations, re-engagement email.",Automated Email Drip / App Push Notification
17972,151,1,135.19,135.19,36.0,151,United Kingdom,United Kingdom,1,0.6906690977195762,69.1,Medium Risk,"Loyalty reward, product recommendations, re-engagement email.",Automated Email Drip / App Push Notification
17594,164,1,315.0,315.0,220.0,164,United Kingdom,United Kingdom,0,0.6906244700985952,69.1,Medium Risk,"Loyalty reward, product recommendations, re-engagement email.",Automated Email Drip / App Push Notification
14023,159,1,273.14,273.14,162.0,159,United Kingdom,United Kingdom,0,0.6905486568694166,69.1,Medium Risk,"Loyalty reward, product recommendations, re-engagement email.",Automated Email Drip / App Push Notification
17928,155,1,78.25999999999999,78.25999999999999,46.0,155,United Kingdom,United Kingdom,0,0.6905373359515424,69.1,Medium Risk,"Loyalty reward, product recommendations, re-engagement email.",Automated Email Drip / App Push Notification
12809,87,1,489.31,489.31,220.0,87,Portugal,Other,1,0.6905330063476403,69.1,Medium Risk,"Loyalty reward, product recommendations, re-engagement email.",Automated Email Drip / App Push Notification
12849,178,1,668.8499999999999,668.8499999999999,489.0,178,United Kingdom,United Kingdom,0,0.6903783063212643,69.0,Medium Risk,"Loyalty reward, product recommendations, re-engagement email.",Automated Email Drip / App Push Notification
17864,185,1,200.85,200.85,347.0,185,United Kingdom,United Kingdom,0,0.6903146100358848,69.0,Medium Risk,"Loyalty reward, product recommendations, re-engagement email.",Automated Email Drip / App Push Notification
14075,170,1,307.92,307.92,270.0,170,United Kingdom,United Kingdom,0,0.6902986835262359,69.0,Medium Risk,"Loyalty reward, product recommendations, re-engagement email.",Automated Email Drip / App Push Notification
15651,170,1,227.32,227.32,238.0,170,United Kingdom,United Kingdom,0,0.690089029543892,69.0,Medium Risk,"Loyalty reward, product recommendations, re-engagement email.",Automated Email Drip / App Push Notification
16697,150,1,112.75,112.75,27.0,150,United Kingdom,United Kingdom,1,0.6899222313590293,69.0,Medium Risk,"Loyalty reward, product recommendations, re-engagement email.",Automated Email Drip / App Push Notification
12707,201,1,603.42,603.42,256.0,201,France,France,1,0.6898936690316477,69.0,Medium Risk,"Loyalty reward, product recommendations, re-engagement email.",Automated Email Drip / App Push Notification
17574,152,1,185.65,185.65,77.0,152,United Kingdom,United Kingdom,1,0.6897158863372184,69.0,Medium Risk,"Loyalty reward, product recommendations, re-engagement email.",Automated Email Drip / App Push Notification
18129,152,1,112.55000000000001,112.55000000000001,48.0,152,United Kingdom,United Kingdom,1,0.6895236484110361,69.0,Medium Risk,"Loyalty reward, product recommendations, re-engagement email.",Automated Email Drip / App Push Notification
18185,158,1,304.25,304.25,183.0,158,United Kingdom,United Kingdom,1,0.689197876870244,68.9,Medium Risk,"Loyalty reward, product recommendations, re-engagement email.",Automated Email Drip / App Push Notification
15414,151,1,36.2,36.2,12.0,151,United Kingdom,United Kingdom,0,0.6891111289127796,68.9,Medium Risk,"Loyalty reward, product recommendations, re-engagement email.",Automated Email Drip / App Push Notification
17697,145,1,338.95,338.95,93.0,145,United Kingdom,United Kingdom,1,0.6890498401474985,68.9,Medium Risk,"Loyalty reward, product recommendations, re-engagement email.",Automated Email Drip / App Push Notification
17746,149,1,110.25,110.25,29.0,149,United Kingdom,United Kingdom,1,0.6889639290180275,68.9,Medium Risk,"Loyalty reward, product recommendations, re-engagement email.",Automated Email Drip / App Push Notification
15775,154,1,104.9,104.9,68.0,154,United Kingdom,United Kingdom,1,0.6889387316214259,68.9,Medium Risk,"Loyalty reward, product recommendations, re-engagement email.",Automated Email Drip / App Push Notification
15212,150,1,101.8,101.8,36.0,150,United Kingdom,United Kingdom,1,0.6887583014823168,68.9,Medium Risk,"Loyalty reward, product recommendations, re-engagement email.",Automated Email Drip / App Push Notification
14311,152,1,310.26,310.26,146.0,152,United Kingdom,United Kingdom,1,0.6883787372653133,68.8,Medium Risk,"Loyalty reward, product recommendations, re-engagement email.",Automated Email Drip / App Push Notification
15135,148,1,139.05,139.05,43.0,148,United Kingdom,United Kingdom,1,0.6881221153857395,68.8,Medium Risk,"Loyalty reward, product recommendations, re-engagement email.",Automated Email Drip / App Push Notification
12596,151,1,269.95,269.95,156.0,151,Spain,Spain,0,0.6881015952181102,68.8,Medium Risk,"Loyalty reward, product recommendations, re-engagement email.",Automated Email Drip / App Push Notification
15832,163,1,836.79,836.79,465.0,163,United Kingdom,United Kingdom,1,0.6880677349574711,68.8,Medium Risk,"Loyalty reward, product recommendations, re-engagement email.",Automated Email Drip / App Push Notification
13626,162,1,257.23,257.23,209.0,162,United Kingdom,United Kingdom,1,0.6880638581419826,68.8,Medium Risk,"Loyalty reward, product recommendations, re-engagement email.",Automated Email Drip / App Push Notification
15087,191,1,306.94,306.94,470.0,191,United Kingdom,United Kingdom,1,0.6878942885773995,68.8,Medium Risk,"Loyalty reward, product recommendations, re-engagement email.",Automated Email Drip / App Push Notification
14964,156,1,206.21,206.21,143.0,156,United Kingdom,United Kingdom,1,0.687636660198117,68.8,Medium Risk,"Loyalty reward, product recommendations, re-engagement email.",Automated Email Drip / App Push Notification
13439,164,1,283.71,283.71,242.0,164,United Kingdom,United Kingdom,1,0.6876135964919092,68.8,Medium Risk,"Loyalty reward, product recommendations, re-engagement email.",Automated Email Drip / App Push Notification
14148,143,1,157.2,157.2,16.0,143,United Kingdom,United Kingdom,1,0.6875907618718294,68.8,Medium Risk,"Loyalty reward, product recommendations, re-engagement email.",Automated Email Drip / App Push Notification
13516,148,1,146.0,146.0,56.0,148,United Kingdom,United Kingdom,0,0.687266617896104,68.7,Medium Risk,"Loyalty reward, product recommendations, re-engagement email.",Automated Email Drip / App Push Notification
12406,93,1,1621.25,1621.25,793.0,93,Denmark,Other,0,0.6871496303207612,68.7,Medium Risk,"Loyalty reward, product recommendations, re-engagement email.",Automated Email Drip / App Push Notification
14981,155,1,102.12,102.12,97.0,155,United Kingdom,United Kingdom,1,0.6870636875516721,68.7,Medium Risk,"Loyalty reward, product recommendations, re-engagement email.",Automated Email Drip / App Push Notification
13239,171,1,329.56,329.56,327.0,171,United Kingdom,United Kingdom,1,0.6869302784021805,68.7,Medium Risk,"Loyalty reward, product recommendations, re-engagement email.",Automated Email Drip / App Push Notification
13544,150,1,113.01,113.01,63.0,150,United Kingdom,United Kingdom,0,0.6868642445347634,68.7,Medium Risk,"Loyalty reward, product recommendations, re-engagement email.",Automated Email Drip / App Push Notification
13120,148,1,30.599999999999998,30.599999999999998,12.0,148,United Kingdom,United Kingdom,1,0.6868096357165449,68.7,Medium Risk,"Loyalty reward, product recommendations, re-engagement email.",Automated Email Drip / App Push Notification
14128,165,1,305.54,305.54,269.0,165,United Kingdom,United Kingdom,0,0.686805341022934,68.7,Medium Risk,"Loyalty reward, product recommendations, re-engagement email.",Automated Email Drip / App Push Notification
16097,149,1,185.04999999999998,185.04999999999998,87.0,149,United Kingdom,United Kingdom,1,0.6867454176204505,68.7,Medium Risk,"Loyalty reward, product recommendations, re-engagement email.",Automated Email Drip / App Push Notification
14326,151,1,183.85,183.85,103.0,151,United Kingdom,United Kingdom,1,0.6867354694934865,68.7,Medium Risk,"Loyalty reward, product recommendations, re-engagement email.",Automated Email Drip / App Push Notification
14339,152,1,309.52,309.52,168.0,152,United Kingdom,United Kingdom,1,0.6864739850649114,68.6,Medium Risk,"Loyalty reward, product recommendations, re-engagement email.",Automated Email Drip / App Push Notification
16643,155,1,487.51,487.51,269.0,155,United Kingdom,United Kingdom,1,0.6864493650098699,68.6,Medium Risk,"Loyalty reward, product recommendations, re-engagement email.",Automated Email Drip / App Push Notification
16233,239,2,326.5,163.25,45.0,275,United Kingdom,United Kingdom,0,0.686344427633447,68.6,Medium Risk,"Loyalty reward, product recommendations, re-engagement email.",Automated Email Drip / App Push Notification
14762,173,1,300.52,300.52,341.0,173,United Kingdom,United Kingdom,1,0.6860734947106201,68.6,Medium Risk,"Loyalty reward, product recommendations, re-engagement email.",Automated Email Drip / App Push Notification
12509,193,1,176.5,176.5,55.0,193,France,France,1,0.6858718767344634,68.6,Medium Risk,"Loyalty reward, product recommendations, re-engagement email.",Automated Email Drip / App Push Notification
12614,187,1,315.6,315.6,76.0,187,Germany,Germany,1,0.6856081004326441,68.6,Medium Risk,"Loyalty reward, product recommendations, re-engagement email.",Automated Email Drip / App Push Notification
13525,157,1,282.88,282.88,208.0,157,United Kingdom,United Kingdom,0,0.685584115521184,68.6,Medium Risk,"Loyalty reward, product recommendations, re-engagement email.",Automated Email Drip / App Push Notification
17217,143,1,113.5,113.5,24.0,143,United Kingdom,United Kingdom,1,0.6853090074690111,68.5,Medium Risk,"Loyalty reward, product recommendations, re-engagement email.",Automated Email Drip / App Push Notification
12829,246,2,293.0,146.5,188.0,269,United Kingdom,United Kingdom,1,0.685167815207894,68.5,Medium Risk,"Loyalty reward, product recommendations, re-engagement email.",Automated Email Drip / App Push Notification
13863,157,1,305.78,305.78,224.0,157,United Kingdom,United Kingdom,1,0.6850524076752277,68.5,Medium Risk,"Loyalty reward, product recommendations, re-engagement email.",Automated Email Drip / App Push Notification
18246,142,1,232.9,232.9,70.0,142,United Kingdom,United Kingdom,0,0.685040184206519,68.5,Medium Risk,"Loyalty reward, product recommendations, re-engagement email.",Automated Email Drip / App Push Notification
15745,145,1,302.85,302.85,127.0,145,United Kingdom,United Kingdom,0,0.6848266578531599,68.5,Medium Risk,"Loyalty reward, product recommendations, re-engagement email.",Automated Email Drip / App Push Notification
12379,79,1,459.84,459.84,211.0,79,Belgium,Other,0,0.6846292385534328,68.5,Medium Risk,"Loyalty reward, product recommendations, re-engagement email.",Automated Email Drip / App Push Notification
14046,193,1,154.99,154.99,460.0,193,United Kingdom,United Kingdom,1,0.6845942991919933,68.5,Medium Risk,"Loyalty reward, product recommendations, re-engagement email.",Automated Email Drip / App Push Notification
13570,152,1,239.49,239.49,161.0,152,United Kingdom,United Kingdom,1,0.68450874198254,68.5,Medium Risk,"Loyalty reward, product recommendations, re-engagement email.",Automated Email Drip / App Push Notification
17499,199,1,622.88,622.88,711.0,199,United Kingdom,United Kingdom,1,0.6844469298257814,68.4,Medium Risk,"Loyalty reward, product recommendations, re-engagement email.",Automated Email Drip / App Push Notification
16256,176,1,752.4300000000001,752.4300000000001,581.0,176,United Kingdom,United Kingdom,1,0.6841756702314019,68.4,Medium Risk,"Loyalty reward, product recommendations, re-engagement email.",Automated Email Drip / App Push Notification
16933,148,1,224.73,224.73,127.0,148,United Kingdom,United Kingdom,0,0.6840706043501525,68.4,Medium Risk,"Loyalty reward, product recommendations, re-engagement email.",Automated Email Drip / App Push Notification
14586,186,1,237.36,237.36,444.0,186,United Kingdom,United Kingdom,1,0.684065423382393,68.4,Medium Risk,"Loyalty reward, product recommendations, re-engagement email.",Automated Email Drip / App Push Notification
16587,141,1,225.15,225.15,71.0,141,United Kingdom,United Kingdom,1,0.6839668012058121,68.4,Medium Risk,"Loyalty reward, product recommendations, re-engagement email.",Automated Email Drip / App Push Notification
17140,156,1,454.12,454.12,296.0,156,United Kingdom,United Kingdom,1,0.6836141478382185,68.4,Medium Risk,"Loyalty reward, product recommendations, re-engagement email.",Automated Email Drip / App Push Notification
17120,142,1,307.46,307.46,120.0,142,United Kingdom,United Kingdom,1,0.6834856032293953,68.3,Medium Risk,"Loyalty reward, product recommendations, re-engagement email.",Automated Email Drip / App Push Notification
15244,157,1,297.94,297.94,240.0,157,United Kingdom,United Kingdom,0,0.6833914574223402,68.3,Medium Risk,"Loyalty reward, product recommendations, re-engagement email.",Automated Email Drip / App Push Notification
15213,228,2,328.35,164.175,136.0,239,United Kingdom,United Kingdom,1,0.6831666514766516,68.3,Medium Risk,"Loyalty reward, product recommendations, re-engagement email.",Automated Email Drip / App Push Notification
15717,143,1,150.3,150.3,70.0,143,United Kingdom,United Kingdom,1,0.6827107881188307,68.3,Medium Risk,"Loyalty reward, product recommendations, re-engagement email.",Automated Email Drip / App Push Notification
16617,145,1,151.85,151.85,91.0,145,United Kingdom,United Kingdom,1,0.6823716390586374,68.2,Medium Risk,"Loyalty reward, product recommendations, re-engagement email.",Automated Email Drip / App Push Notification
13892,156,1,54.519999999999996,54.519999999999996,140.0,156,United Kingdom,United Kingdom,0,0.6823336964870635,68.2,Medium Risk,"Loyalty reward, product recommendations, re-engagement email.",Automated Email Drip / App Push Notification
15655,152,1,560.67,560.67,324.0,152,United Kingdom,United Kingdom,1,0.6823044219745373,68.2,Medium Risk,"Loyalty reward, product recommendations, re-engagement email.",Automated Email Drip / App Push Notification
18009,144,1,247.39,247.39,125.0,144,United Kingdom,United Kingdom,1,0.6822561761042479,68.2,Medium Risk,"Loyalty reward, product recommendations, re-engagement email.",Automated Email Drip / App Push Notification
17601,148,1,116.00999999999999,116.00999999999999,103.0,148,United Kingdom,United Kingdom,1,0.6821364056624084,68.2,Medium Risk,"Loyalty reward, product recommendations, re-engagement email.",Automated Email Drip / App Push Notification
13389,142,1,257.89,257.89,115.0,142,United Kingdom,United Kingdom,0,0.6820919849602477,68.2,Medium Risk,"Loyalty reward, product recommendations, re-engagement email.",Automated Email Drip / App Push Notification
17548,143,1,103.3,103.3,58.0,143,United Kingdom,United Kingdom,1,0.6820134617940925,68.2,Medium Risk,"Loyalty reward, product recommendations, re-engagement email.",Automated Email Drip / App Push Notification
13474,145,1,226.84,226.84,129.0,145,United Kingdom,United Kingdom,1,0.6818608140931764,68.2,Medium Risk,"Loyalty reward, product recommendations, re-engagement email.",Automated Email Drip / App Push Notification
17278,150,1,246.04,246.04,179.0,150,United Kingdom,United Kingdom,1,0.6817921102183342,68.2,Medium Risk,"Loyalty reward, product recommendations, re-engagement email.",Automated Email Drip / App Push Notification
12358,60,1,484.86,484.86,100.0,60,Austria,Other,0,0.681699976373451,68.2,Medium Risk,"Loyalty reward, product recommendations, re-engagement email.",Automated Email Drip / App Push Notification
16185,142,1,335.0,335.0,153.0,142,United Kingdom,United Kingdom,0,0.6816590730078563,68.2,Medium Risk,"Loyalty reward, product recommendations, re-engagement email.",Automated Email Drip / App Push Notification
16227,134,1,314.22,314.22,90.0,134,United Kingdom,United Kingdom,1,0.6806692622603937,68.1,Medium Risk,"Loyalty reward, product recommendations, re-engagement email.",Automated Email Drip / App Push Notification
16319,127,1,404.40000000000003,404.40000000000003,72.0,127,United Kingdom,United Kingdom,1,0.6805981605056453,68.1,Medium Risk,"Loyalty reward, product recommendations, re-engagement email.",Automated Email Drip / App Push Notification
17582,145,1,175.27,175.27,123.0,145,United Kingdom,United Kingdom,1,0.6804758844825972,68.0,Medium Risk,"Loyalty reward, product recommendations, re-engagement email.",Automated Email Drip / App Push Notification
15436,143,1,484.1,484.1,246.0,143,United Kingdom,United Kingdom,0,0.6798427749158517,68.0,Medium Risk,"Loyalty reward, product recommendations, re-engagement email.",Automated Email Drip / App Push Notification
17718,141,1,139.35,139.35,83.0,141,United Kingdom,United Kingdom,1,0.6797711776798571,68.0,Medium Risk,"Loyalty reward, product recommendations, re-engagement email.",Automated Email Drip / App Push Notification
16823,136,1,358.38,358.38,136.0,136,United Kingdom,United Kingdom,1,0.6797431280869066,68.0,Medium Risk,"Loyalty reward, product recommendations, re-engagement email.",Automated Email Drip / App Push Notification
17367,147,1,167.55,167.55,149.0,147,United Kingdom,United Kingdom,1,0.6793603060994406,67.9,Medium Risk,"Loyalty reward, product recommendations, re-engagement email.",Automated Email Drip / App Push Notification
12982,152,1,390.54,390.54,288.0,152,United Kingdom,United Kingdom,1,0.6791312170897228,67.9,Medium Risk,"Loyalty reward, product recommendations, re-engagement email.",Automated Email Drip / App Push Notification
14240,135,1,226.85,226.85,79.0,135,United Kingdom,United Kingdom,0,0.6790988420582056,67.9,Medium Risk,"Loyalty reward, product recommendations, re-engagement email.",Automated Email Drip / App Push Notification
15147,149,1,623.5,623.5,366.0,149,United Kingdom,United Kingdom,1,0.6788740366408174,67.9,Medium Risk,"Loyalty reward, product recommendations, re-engagement email.",Automated Email Drip / App Push Notification
15225,143,1,409.40000000000003,409.40000000000003,226.0,143,United Kingdom,United Kingdom,1,0.6788091286213391,67.9,Medium Risk,"Loyalty reward, product recommendations, re-engagement email.",Automated Email Drip / App Push Notification
16321,214,3,223.65,74.55,21.0,233,Australia,Other,0,0.6786761336147344,67.9,Medium Risk,"Loyalty reward, product recommendations, re-engagement email.",Automated Email Drip / App Push Notification
12354,141,1,1079.4,1079.4,530.0,141,Spain,Spain,1,0.6786629106274947,67.9,Medium Risk,"Loyalty reward, product recommendations, re-engagement email.",Automated Email Drip / App Push Notification
17436,136,1,122.39999999999999,122.39999999999999,48.0,136,United Kingdom,United Kingdom,0,0.6786252064557046,67.9,Medium Risk,"Loyalty reward, product recommendations, re-engagement email.",Automated Email Drip / App Push Notification
13482,141,1,184.64,184.64,116.0,141,United Kingdom,United Kingdom,1,0.678591302367162,67.9,Medium Risk,"Loyalty reward, product recommendations, re-engagement email.",Automated Email Drip / App Push Notification
13229,135,1,160.95,160.95,63.0,135,United Kingdom,United Kingdom,1,0.6780434058268265,67.8,Medium Risk,"Loyalty reward, product recommendations, re-engagement email.",Automated Email Drip / App Push Notification
14681,121,1,393.95,393.95,48.0,121,United Kingdom,United Kingdom,0,0.6780316489295051,67.8,Medium Risk,"Loyalty reward, product recommendations, re-engagement email.",Automated Email Drip / App Push Notification
16193,146,1,314.45,314.45,219.0,146,United Kingdom,United Kingdom,1,0.678028317493513,67.8,Medium Risk,"Loyalty reward, product recommendations, re-engagement email.",Automated Email Drip / App Push Notification
16142,159,1,535.34,535.34,422.0,159,United Kingdom,United Kingdom,1,0.6778584940917789,67.8,Medium Risk,"Loyalty reward, product recommendations, re-engagement email.",Automated Email Drip / App Push Notification
16584,163,1,611.94,611.94,488.0,163,United Kingdom,United Kingdom,0,0.6778195709340061,67.8,Medium Risk,"Loyalty reward, product recommendations, re-engagement email.",Automated Email Drip / App Push Notification
16105,158,1,336.96,336.96,330.0,158,United Kingdom,United Kingdom,1,0.6777687119716364,67.8,Medium Risk,"Loyalty reward, product recommendations, re-engagement email.",Automated Email Drip / App Push Notification
15661,226,2,309.8,154.9,118.0,248,United Kingdom,United Kingdom,1,0.6776910894713093,67.8,Medium Risk,"Loyalty reward, product recommendations, re-engagement email.",Automated Email Drip / App Push Notification
13680,247,2,2391.59,1195.795,597.5,248,United Kingdom,United Kingdom,0,0.6776481615523487,67.8,Medium Risk,"Loyalty reward, product recommendations, re-engagement email.",Automated Email Drip / App Push Notification
18085,239,2,689.95,344.975,132.5,283,United Kingdom,United Kingdom,1,0.6776343856843712,67.8,Medium Risk,"Loyalty reward, product recommendations, re-engagement email.",Automated Email Drip / App Push Notification
14304,132,1,383.45,383.45,139.0,132,United Kingdom,United Kingdom,1,0.6775711790096856,67.8,Medium Risk,"Loyalty reward, product recommendations, re-engagement email.",Automated Email Drip / App Push Notification
17384,128,1,227.65,227.65,43.0,128,United Kingdom,United Kingdom,0,0.6772742362830184,67.7,Medium Risk,"Loyalty reward, product recommendations, re-engagement email.",Automated Email Drip / App Push Notification
15063,122,1,370.79999999999995,370.79999999999995,56.0,122,United Kingdom,United Kingdom,1,0.6771897851280633,67.7,Medium Risk,"Loyalty reward, product recommendations, re-engagement email.",Automated Email Drip / App Push Notification
13101,143,1,101.19,101.19,113.0,143,United Kingdom,United Kingdom,1,0.6771783306069954,67.7,Medium Risk,"Loyalty reward, product recommendations, re-engagement email.",Automated Email Drip / App Push Notification
16055,130,1,134.8,134.8,22.0,130,United Kingdom,United Kingdom,1,0.6770736202145754,67.7,Medium Risk,"Loyalty reward, product recommendations, re-engagement email.",Automated Email Drip / App Push Notification
17670,137,1,205.7,205.7,110.0,137,United Kingdom,United Kingdom,1,0.6770483318786339,67.7,Medium Risk,"Loyalty reward, product recommendations, re-engagement email.",Automated Email Drip / App Push Notification
16399,144,1,178.41,178.41,159.0,144,United Kingdom,United Kingdom,0,0.6767632247946936,67.7,Medium Risk,"Loyalty reward, product recommendations, re-engagement email.",Automated Email Drip / App Push Notification
15485,245,2,1268.13,634.065,289.0,282,United Kingdom,United Kingdom,0,0.6762995086977588,67.6,Medium Risk,"Loyalty reward, product recommendations, re-engagement email.",Automated Email Drip / App Push Notification
14199,127,1,185.39999999999998,185.39999999999998,28.0,127,United Kingdom,United Kingdom,1,0.6762952749109342,67.6,Medium Risk,"Loyalty reward, product recommendations, re-engagement email.",Automated Email Drip / App Push Notification
14446,156,1,303.04,303.04,318.0,156,United Kingdom,United Kingdom,0,0.6761266736889455,67.6,Medium Risk,"Loyalty reward, product recommendations, re-engagement email.",Automated Email Drip / App Push Notification
12465,78,1,440.94,440.94,294.0,78,Belgium,Other,0,0.6760530297156462,67.6,Medium Risk,"Loyalty reward, product recommendations, re-engagement email.",Automated Email Drip / App Push Notification
13155,236,2,569.2,284.6,131.0,278,United Kingdom,United Kingdom,0,0.6756909136480106,67.6,Medium Risk,"Loyalty reward, product recommendations, re-engagement email.",Automated Email Drip / App Push Notification
12872,236,2,599.97,299.985,159.5,274,United Kingdom,United Kingdom,1,0.6754541959012111,67.5,Medium Risk,"Loyalty reward, product recommendations, re-engagement email.",Automated Email Drip / App Push Notification
13485,142,1,454.24,454.24,277.0,142,United Kingdom,United Kingdom,1,0.675333126952886,67.5,Medium Risk,"Loyalty reward, product recommendations, re-engagement email.",Automated Email Drip / App Push Notification
16897,208,2,289.78,144.89,36.5,223,United Kingdom,United Kingdom,1,0.6752960331693254,67.5,Medium Risk,"Loyalty reward, product recommendations, re-engagement email.",Automated Email Drip / App Push Notification
16405,211,2,167.25,83.625,93.5,219,United Kingdom,United Kingdom,1,0.675031231092835,67.5,Medium Risk,"Loyalty reward, product recommendations, re-engagement email.",Automated Email Drip / App Push Notification
14206,148,1,328.15999999999997,328.15999999999997,276.0,148,United Kingdom,United Kingdom,1,0.6750084017087624,67.5,Medium Risk,"Loyalty reward, product recommendations, re-engagement email.",Automated Email Drip / App Push Notification
12876,105,1,726.43,726.43,651.0,105,Belgium,Other,0,0.6748727262919155,67.5,Medium Risk,"Loyalty reward, product recommendations, re-engagement email.",Automated Email Drip / App Push Notification
13723,126,1,199.85000000000002,199.85000000000002,43.0,126,United Kingdom,United Kingdom,1,0.6748135474040022,67.5,Medium Risk,"Loyalty reward, product recommendations, re-engagement email.",Automated Email Drip / App Push Notification
13867,127,1,138.85,138.85,31.0,127,United Kingdom,United Kingdom,0,0.6743000911321964,67.4,Medium Risk,"Loyalty reward, product recommendations, re-engagement email.",Automated Email Drip / App Push Notification
15980,163,1,760.18,760.18,592.0,163,United Kingdom,United Kingdom,0,0.6742871459672068,67.4,Medium Risk,"Loyalty reward, product recommendations, re-engagement email.",Automated Email Drip / App Push Notification
15143,135,1,259.45,259.45,150.0,135,United Kingdom,United Kingdom,1,0.6741396635627759,67.4,Medium Risk,"Loyalty reward, product recommendations, re-engagement email.",Automated Email Drip / App Push Notification
13666,196,2,64.05,32.025,18.5,196,United Kingdom,United Kingdom,0,0.6740610101976459,67.4,Medium Risk,"Loyalty reward, product recommendations, re-engagement email.",Automated Email Drip / App Push Notification
14271,135,1,112.32,112.32,88.0,135,United Kingdom,United Kingdom,1,0.6740594049055821,67.4,Medium Risk,"Loyalty reward, product recommendations, re-engagement email.",Automated Email Drip / App Push Notification
12623,185,1,305.1,305.1,191.0,185,Germany,Germany,1,0.6738583791750575,67.4,Medium Risk,"Loyalty reward, product recommendations, re-engagement email.",Automated Email Drip / App Push Notification
18213,146,1,232.48000000000002,232.48000000000002,232.0,146,United Kingdom,United Kingdom,1,0.6738471468958278,67.4,Medium Risk,"Loyalty reward, product recommendations, re-engagement email.",Automated Email Drip / App Push Notification
16229,122,1,358.2,358.2,92.0,122,United Kingdom,United Kingdom,0,0.6735854210221894,67.4,Medium Risk,"Loyalty reward, product recommendations, re-engagement email.",Automated Email Drip / App Push Notification
18227,127,1,93.75,93.75,21.0,127,United Kingdom,United Kingdom,1,0.673489400438565,67.3,Medium Risk,"Loyalty reward, product recommendations, re-engagement email.",Automated Email Drip / App Push Notification
17187,136,1,203.95,203.95,144.0,136,United Kingdom,United Kingdom,1,0.6733069979996538,67.3,Medium Risk,"Loyalty reward, product recommendations, re-engagement email.",Automated Email Drip / App Push Notification
14173,128,1,114.04,114.04,40.0,128,United Kingdom,United Kingdom,0,0.6733037837142267,67.3,Medium Risk,"Loyalty reward, product recommendations, re-engagement email.",Automated Email Drip / App Push Notification
14393,127,1,67.95,67.95,13.0,127,United Kingdom,United Kingdom,1,0.6732243864770046,67.3,Medium Risk,"Loyalty reward, product recommendations, re-engagement email.",Automated Email Drip / App Push Notification
12564,170,1,456.9,456.9,133.0,170,France,France,1,0.6731873855434799,67.3,Medium Risk,"Loyalty reward, product recommendations, re-engagement email.",Automated Email Drip / App Push Notification
15333,117,1,1028.56,1028.56,344.0,117,United Kingdom,United Kingdom,1,0.6730336951087016,67.3,Medium Risk,"Loyalty reward, product recommendations, re-engagement email.",Automated Email Drip / App Push Notification
16947,145,1,406.48,406.48,312.0,145,United Kingdom,United Kingdom,1,0.6726423163409171,67.3,Medium Risk,"Loyalty reward, product recommendations, re-engagement email.",Automated Email Drip / App Push Notification
14340,128,1,134.7,134.7,58.0,128,United Kingdom,United Kingdom,1,0.6725024967764153,67.3,Medium Risk,"Loyalty reward, product recommendations, re-engagement email.",Automated Email Drip / App Push Notification
17974,129,1,164.07,164.07,85.0,129,United Kingdom,United Kingdom,0,0.6719562096649294,67.2,Medium Risk,"Loyalty reward, product recommendations, re-engagement email.",Automated Email Drip / App Push Notification
14853,120,1,214.5,214.5,34.0,120,United Kingdom,United Kingdom,0,0.6718494479445677,67.2,Medium Risk,"Loyalty reward, product recommendations, re-engagement email.",Automated Email Drip / App Push Notification
14149,130,1,446.62,446.62,218.0,130,United Kingdom,United Kingdom,1,0.6716085034616877,67.2,Medium Risk,"Loyalty reward, product recommendations, re-engagement email.",Automated Email Drip / App Push Notification
14423,127,1,265.2,265.2,120.0,127,United Kingdom,United Kingdom,1,0.6712422976787304,67.1,Medium Risk,"Loyalty reward, product recommendations, re-engagement email.",Automated Email Drip / App Push Notification
17190,116,1,195.0,195.0,1.0,116,United Kingdom,United Kingdom,0,0.6711368360162533,67.1,Medium Risk,"Loyalty reward, product recommendations, re-engagement email.",Automated Email Drip / App Push Notification
17334,211,2,307.02,153.51,157.5,218,United Kingdom,United Kingdom,1,0.6710312845385694,67.1,Medium Risk,"Loyalty reward, product recommendations, re-engagement email.",Automated Email Drip / App Push Notification
14873,119,1,519.68,519.68,168.0,119,United Kingdom,United Kingdom,1,0.6708249603909751,67.1,Medium Risk,"Loyalty reward, product recommendations, re-engagement email.",Automated Email Drip / App Push Notification
14937,39,1,759.56,759.56,172.0,39,Channel Islands,Other,0,0.6706818022462327,67.1,Medium Risk,"Loyalty reward, product recommendations, re-engagement email.",Automated Email Drip / App Push Notification
16792,191,2,110.38000000000001,55.190000000000005,22.0,191,United Kingdom,United Kingdom,1,0.670529455473673,67.1,Medium Risk,"Loyalty reward, product recommendations, re-engagement email.",Automated Email Drip / App Push Notification
16990,128,1,179.0,179.0,100.0,128,United Kingdom,United Kingdom,1,0.6704823134182643,67.0,Medium Risk,"Loyalty reward, product recommendations, re-engagement email.",Automated Email Drip / App Push Notification
17174,127,1,59.9,59.9,41.0,127,United Kingdom,United Kingdom,1,0.6704708045400549,67.0,Medium Risk,"Loyalty reward, product recommendations, re-engagement email.",Automated Email Drip / App Push Notification
13658,113,1,933.3,933.3,300.0,113,United Kingdom,United Kingdom,0,0.6704470690493998,67.0,Medium Risk,"Loyalty reward, product recommendations, re-engagement email.",Automated Email Drip / App Push Notification
18120,123,1,111.15,111.15,31.0,123,United Kingdom,United Kingdom,1,0.6703938660103278,67.0,Medium Risk,"Loyalty reward, product recommendations, re-engagement email.",Automated Email Drip / App Push Notification
13712,156,1,228.84,228.84,352.0,156,United Kingdom,United Kingdom,1,0.6703830118014052,67.0,Medium Risk,"Loyalty reward, product recommendations, re-engagement email.",Automated Email Drip / App Push Notification
18095,222,2,580.0500000000001,290.02500000000003,209.5,242,United Kingdom,United Kingdom,1,0.669952521617072,67.0,Medium Risk,"Loyalty reward, product recommendations, re-engagement email.",Automated Email Drip / App Push Notification
16440,124,1,272.46,272.46,115.0,124,United Kingdom,United Kingdom,0,0.669795163993347,67.0,Medium Risk,"Loyalty reward, product recommendations, re-engagement email.",Automated Email Drip / App Push Notification
16610,128,1,75.66,75.66,66.0,128,United Kingdom,United Kingdom,1,0.6695871449616977,67.0,Medium Risk,"Loyalty reward, product recommendations, re-engagement email.",Automated Email Drip / App Push Notification
16756,124,1,239.4,239.4,106.0,124,United Kingdom,United Kingdom,1,0.6693436134096246,66.9,Medium Risk,"Loyalty reward, product recommendations, re-engagement email.",Automated Email Drip / App Push Notification
15210,134,1,331.18,331.18,228.0,134,United Kingdom,United Kingdom,1,0.6692762011586704,66.9,Medium Risk,"Loyalty reward, product recommendations, re-engagement email.",Automated Email Drip / App Push Notification
15552,126,1,90.12,90.12,60.0,126,United Kingdom,United Kingdom,1,0.6692167944868996,66.9,Medium Risk,"Loyalty reward, product recommendations, re-engagement email.",Automated Email Drip / App Push Notification
17817,186,2,269.7,134.85,13.0,186,United Kingdom,United Kingdom,0,0.66896873379392,66.9,Medium Risk,"Loyalty reward, product recommendations, re-engagement email.",Automated Email Drip / App Push Notification
15729,122,1,85.0,85.0,28.0,122,United Kingdom,United Kingdom,1,0.6689544347087324,66.9,Medium Risk,"Loyalty reward, product recommendations, re-engagement email.",Automated Email Drip / App Push Notification
16121,125,1,285.94,285.94,139.0,125,United Kingdom,United Kingdom,0,0.6689127835463728,66.9,Medium Risk,"Loyalty reward, product recommendations, re-engagement email.",Automated Email Drip / App Push Notification
17890,232,2,586.89,293.445,201.0,270,United Kingdom,United Kingdom,1,0.6688489157969679,66.9,Medium Risk,"Loyalty reward, product recommendations, re-engagement email.",Automated Email Drip / App Push Notification
13642,125,1,312.28,312.28,151.0,125,United Kingdom,United Kingdom,1,0.6688480520061565,66.9,Medium Risk,"Loyalty reward, product recommendations, re-engagement email.",Automated Email Drip / App Push Notification
17324,241,2,702.23,351.115,303.0,276,United Kingdom,United Kingdom,0,0.6687926716734158,66.9,Medium Risk,"Loyalty reward, product recommendations, re-engagement email.",Automated Email Drip / App Push Notification
16116,121,1,612.78,612.78,248.0,121,United Kingdom,United Kingdom,1,0.6687349333500036,66.9,Medium Risk,"Loyalty reward, product recommendations, re-engagement email.",Automated Email Drip / App Push Notification
13672,210,2,186.39000000000001,93.19500000000001,28.5,241,United Kingdom,United Kingdom,1,0.6685564566006664,66.9,Medium Risk,"Loyalty reward, product recommendations, re-engagement email.",Automated Email Drip / App Push Notification
13561,125,1,141.85999999999999,141.85999999999999,83.0,125,United Kingdom,United Kingdom,1,0.6684185978959546,66.8,Medium Risk,"Loyalty reward, product recommendations, re-engagement email.",Automated Email Drip / App Push Notification
14570,190,2,218.06,109.03,47.5,190,United Kingdom,United Kingdom,1,0.6684127153710424,66.8,Medium Risk,"Loyalty reward, product recommendations, re-engagement email.",Automated Email Drip / App Push Notification
15668,127,1,76.32000000000001,76.32000000000001,72.0,127,United Kingdom,United Kingdom,1,0.6683630234460294,66.8,Medium Risk,"Loyalty reward, product recommendations, re-engagement email.",Automated Email Drip / App Push Notification
13572,115,1,1384.25,1384.25,534.0,115,United Kingdom,United Kingdom,1,0.6682707236340111,66.8,Medium Risk,"Loyalty reward, product recommendations, re-engagement email.",Automated Email Drip / App Push Notification
14591,122,1,204.02,204.02,91.0,122,United Kingdom,United Kingdom,0,0.6678890422880983,66.8,Medium Risk,"Loyalty reward, product recommendations, re-engagement email.",Automated Email Drip / App Push Notification
17893,134,1,107.21,107.21,149.0,134,United Kingdom,United Kingdom,1,0.6677991699694905,66.8,Medium Risk,"Loyalty reward, product recommendations, re-engagement email.",Automated Email Drip / App Push Notification
14288,122,1,426.6,426.6,188.0,122,United Kingdom,United Kingdom,1,0.6677291628744941,66.8,Medium Risk,"Loyalty reward, product recommendations, re-engagement email.",Automated Email Drip / App Push Notification
13404,122,1,217.81,217.81,99.0,122,United Kingdom,United Kingdom,0,0.6677037440425955,66.8,Medium Risk,"Loyalty reward, product recommendations, re-engagement email.",Automated Email Drip / App Push Notification
14988,121,1,334.54,334.54,141.0,121,United Kingdom,United Kingdom,1,0.6676791411442922,66.8,Medium Risk,"Loyalty reward, product recommendations, re-engagement email.",Automated Email Drip / App Push Notification
16094,128,1,252.1,252.1,164.0,128,United Kingdom,United Kingdom,0,0.6676027608551025,66.8,Medium Risk,"Loyalty reward, product recommendations, re-engagement email.",Automated Email Drip / App Push Notification
14421,121,1,455.18,455.18,194.0,121,United Kingdom,United Kingdom,0,0.6675549730306838,66.8,Medium Risk,"Loyalty reward, product recommendations, re-engagement email.",Automated Email Drip / App Push Notification
13235,121,1,1031.07,1031.07,441.0,121,United Kingdom,United Kingdom,1,0.6674912898263252,66.7,Medium Risk,"Loyalty reward, product recommendations, re-engagement email.",Automated Email Drip / App Push Notification
14353,124,1,90.6,90.6,64.0,124,United Kingdom,United Kingdom,1,0.6674389169126761,66.7,Medium Risk,"Loyalty reward, product recommendations, re-engagement email.",Automated Email Drip / App Push Notification
16457,127,1,208.36,208.36,140.0,127,United Kingdom,United Kingdom,1,0.6673467602892575,66.7,Medium Risk,"Loyalty reward, product recommendations, re-engagement email.",Automated Email Drip / App Push Notification
15757,127,1,261.36,261.36,167.0,127,United Kingdom,United Kingdom,0,0.666964407704866,66.7,Medium Risk,"Loyalty reward, product recommendations, re-engagement email.",Automated Email Drip / App Push Notification
15517,142,1,267.03,267.03,293.0,142,United Kingdom,United Kingdom,1,0.6669115074698146,66.7,Medium Risk,"Loyalty reward, product recommendations, re-engagement email.",Automated Email Drip / App Push Notification
14723,267,3,455.65,151.88333333333333,66.33333333333333,280,United Kingdom,United Kingdom,0,0.6666623375633858,66.7,Medium Risk,"Loyalty reward, product recommendations, re-engagement email.",Automated Email Drip / App Push Notification
13529,114,1,181.1,181.1,30.0,114,United Kingdom,United Kingdom,0,0.6666200441918525,66.7,Medium Risk,"Loyalty reward, product recommendations, re-engagement email.",Automated Email Drip / App Push Notification
14816,106,1,271.85,271.85,5.0,106,United Kingdom,United Kingdom,1,0.6664630598930095,66.6,Medium Risk,"Loyalty reward, product recommendations, re-engagement email.",Automated Email Drip / App Push Notification
14440,226,2,1185.71,592.855,170.5,275,United Kingdom,United Kingdom,0,0.6663319698019556,66.6,Medium Risk,"Loyalty reward, product recommendations, re-engagement email.",Automated Email Drip / App Push Notification
14699,123,1,109.13000000000001,109.13000000000001,77.0,123,United Kingdom,United Kingdom,1,0.6662675155726694,66.6,Medium Risk,"Loyalty reward, product recommendations, re-engagement email.",Automated Email Drip / App Push Notification
12821,123,1,92.72,92.72,70.0,123,United Kingdom,United Kingdom,1,0.6662659533552474,66.6,Medium Risk,"Loyalty reward, product recommendations, re-engagement email.",Automated Email Drip / App Push Notification
14651,120,1,415.47,415.47,185.0,120,United Kingdom,United Kingdom,0,0.6661270853569727,66.6,Medium Risk,"Loyalty reward, product recommendations, re-engagement email.",Automated Email Drip / App Push Notification
12886,129,1,775.0,775.0,416.0,129,United Kingdom,United Kingdom,0,0.6658211133309534,66.6,Medium Risk,"Loyalty reward, product recommendations, re-engagement email.",Automated Email Drip / App Push Notification
17609,211,2,531.25,265.625,133.5,236,United Kingdom,United Kingdom,0,0.6657820516808706,66.6,Medium Risk,"Loyalty reward, product recommendations, re-engagement email.",Automated Email Drip / App Push Notification
17764,120,1,230.67000000000002,230.67000000000002,113.0,120,United Kingdom,United Kingdom,0,0.6655058175106922,66.6,Medium Risk,"Loyalty reward, product recommendations, re-engagement email.",Automated Email Drip / App Push Notification
17621,221,2,901.78,450.89,155.0,263,United Kingdom,United Kingdom,0,0.6654004206463282,66.5,Medium Risk,"Loyalty reward, product recommendations, re-engagement email.",Automated Email Drip / App Push Notification
15865,123,1,313.93,313.93,178.0,123,United Kingdom,United Kingdom,0,0.6650813338541429,66.5,Medium Risk,"Loyalty reward, product recommendations, re-engagement email.",Automated Email Drip / App Push Notification
17578,127,1,143.45999999999998,143.45999999999998,138.0,127,United Kingdom,United Kingdom,1,0.6650718256194438,66.5,Medium Risk,"Loyalty reward, product recommendations, re-engagement email.",Automated Email Drip / App Push Notification
13417,114,1,236.0,236.0,72.0,114,United Kingdom,United Kingdom,0,0.6649829396852246,66.5,Medium Risk,"Loyalty reward, product recommendations, re-engagement email.",Automated Email Drip / App Push Notification
16642,117,1,307.73,307.73,131.0,117,United Kingdom,United Kingdom,0,0.6646528000739481,66.5,Medium Risk,"Loyalty reward, product recommendations, re-engagement email.",Automated Email Drip / App Push Notification
18220,136,1,305.28000000000003,305.28000000000003,288.0,136,United Kingdom,United Kingdom,1,0.6644510381679181,66.4,Medium Risk,"Loyalty reward, product recommendations, re-engagement email.",Automated Email Drip / App Push Notification
14105,148,1,1266.23,1266.23,800.0,148,United Kingdom,United Kingdom,1,0.6642143506332897,66.4,Medium Risk,"Loyalty reward, product recommendations, re-engagement email.",Automated Email Drip / App Push Notification
13740,150,1,350.75,350.75,425.0,150,United Kingdom,United Kingdom,1,0.6642050031464292,66.4,Medium Risk,"Loyalty reward, product recommendations, re-engagement email.",Automated Email Drip / App Push Notification
17263,117,1,63.440000000000005,63.440000000000005,36.0,117,United Kingdom,United Kingdom,1,0.6638138455389945,66.4,Medium Risk,"Loyalty reward, product recommendations, re-engagement email.",Automated Email Drip / App Push Notification
13976,116,1,357.98,357.98,154.0,116,United Kingdom,United Kingdom,1,0.6637926378278571,66.4,Medium Risk,"Loyalty reward, product recommendations, re-engagement email.",Automated Email Drip / App Push Notification
13391,113,1,59.8,59.8,4.0,113,United Kingdom,United Kingdom,1,0.6636054803048713,66.4,Medium Risk,"Loyalty reward, product recommendations, re-engagement email.",Automated Email Drip / App Push Notification
13339,110,1,860.12,860.12,326.0,110,United Kingdom,United Kingdom,1,0.6632204660661438,66.3,Medium Risk,"Loyalty reward, product recommendations, re-engagement email.",Automated Email Drip / App Push Notification
13990,122,1,311.3,311.3,190.0,122,United Kingdom,United Kingdom,1,0.663192015872886,66.3,Medium Risk,"Loyalty reward, product recommendations, re-engagement email.",Automated Email Drip / App Push Notification
16006,120,1,101.4,101.4,84.0,120,United Kingdom,United Kingdom,1,0.6631778312990438,66.3,Medium Risk,"Loyalty reward, product recommendations, re-engagement email.",Automated Email Drip / App Push Notification
13258,114,1,198.87,198.87,77.0,114,United Kingdom,United Kingdom,0,0.6631327969375558,66.3,Medium Risk,"Loyalty reward, product recommendations, re-engagement email.",Automated Email Drip / App Push Notification
16446,115,1,2.9,2.9,2.0,115,United Kingdom,United Kingdom,0,0.6630788793819223,66.3,Medium Risk,"Loyalty reward, product recommendations, re-engagement email.",Automated Email Drip / App Push Notification
16834,137,1,413.46,413.46,358.0,137,United Kingdom,United Kingdom,1,0.6630734772554353,66.3,Medium Risk,"Loyalty reward, product recommendations, re-engagement email.",Automated Email Drip / App Push Notification
12604,171,1,178.5,178.5,137.0,171,France,France,0,0.663071519041201,66.3,Medium Risk,"Loyalty reward, product recommendations, re-engagement email.",Automated Email Drip / App Push Notification
14689,118,1,112.8,112.8,76.0,118,United Kingdom,United Kingdom,1,0.6628652926786587,66.3,Medium Risk,"Loyalty reward, product recommendations, re-engagement email.",Automated Email Drip / App Push Notification
14152,143,1,314.51,314.51,369.0,143,United Kingdom,United Kingdom,0,0.6627072817043667,66.3,Medium Risk,"Loyalty reward, product recommendations, re-engagement email.",Automated Email Drip / App Push Notification
13365,127,1,700.6,700.6,404.0,127,United Kingdom,United Kingdom,0,0.6626128146536123,66.3,Medium Risk,"Loyalty reward, product recommendations, re-engagement email.",Automated Email Drip / App Push Notification
13243,112,1,585.12,585.12,232.0,112,United Kingdom,United Kingdom,1,0.6625808108324476,66.3,Medium Risk,"Loyalty reward, product recommendations, re-engagement email.",Automated Email Drip / App Push Notification
17245,114,1,171.45,171.45,75.0,114,United Kingdom,United Kingdom,1,0.6622692100397001,66.2,Medium Risk,"Loyalty reward, product recommendations, re-engagement email.",Automated Email Drip / App Push Notification
13972,111,1,145.9,145.9,42.0,111,United Kingdom,United Kingdom,0,0.6620451448601501,66.2,Medium Risk,"Loyalty reward, product recommendations, re-engagement email.",Automated Email Drip / App Push Notification
13887,113,1,349.55,349.55,147.0,113,United Kingdom,United Kingdom,1,0.6619106695317718,66.2,Medium Risk,"Loyalty reward, product recommendations, re-engagement email.",Automated Email Drip / App Push Notification
16495,185,2,246.51,123.255,83.0,185,United Kingdom,United Kingdom,0,0.6618701855699963,66.2,Medium Risk,"Loyalty reward, product recommendations, re-engagement email.",Automated Email Drip / App Push Notification
12871,116,1,132.0,132.0,80.0,116,United Kingdom,United Kingdom,0,0.661782699965135,66.2,Medium Risk,"Loyalty reward, product recommendations, re-engagement email.",Automated Email Drip / App Push Notification
14888,116,1,369.2,369.2,184.0,116,United Kingdom,United Kingdom,1,0.6615548651527978,66.2,Medium Risk,"Loyalty reward, product recommendations, re-engagement email.",Automated Email Drip / App Push Notification
17166,113,1,127.59,127.59,57.0,113,United Kingdom,United Kingdom,0,0.6614731318704757,66.1,Medium Risk,"Loyalty reward, product recommendations, re-engagement email.",Automated Email Drip / App Push Notification
15869,186,2,149.64,74.82,87.5,186,United Kingdom,United Kingdom,1,0.6614297644218907,66.1,Medium Risk,"Loyalty reward, product recommendations, re-engagement email.",Automated Email Drip / App Push Notification
15292,110,1,178.39,178.39,55.0,110,United Kingdom,United Kingdom,1,0.6613956818883464,66.1,Medium Risk,"Loyalty reward, product recommendations, re-engagement email.",Automated Email Drip / App Push Notification
13227,111,1,257.7,257.7,99.0,111,United Kingdom,United Kingdom,1,0.6612279797291386,66.1,Medium Risk,"Loyalty reward, product recommendations, re-engagement email.",Automated Email Drip / App Push Notification
17423,127,1,449.42,449.42,314.0,127,United Kingdom,United Kingdom,0,0.6610644654977981,66.1,Medium Risk,"Loyalty reward, product recommendations, re-engagement email.",Automated Email Drip / App Push Notification
16008,114,1,139.15,139.15,75.0,114,United Kingdom,United Kingdom,0,0.6610408813279499,66.1,Medium Risk,"Loyalty reward, product recommendations, re-engagement email.",Automated Email Drip / App Push Notification
13052,121,1,348.15000000000003,348.15000000000003,222.0,121,United Kingdom,United Kingdom,1,0.6610201329206322,66.1,Medium Risk,"Loyalty reward, product recommendations, re-engagement email.",Automated Email Drip / App Push Notification
17455,113,1,131.7,131.7,66.0,113,United Kingdom,United Kingdom,1,0.6608286313301218,66.1,Medium Risk,"Loyalty reward, product recommendations, re-engagement email.",Automated Email Drip / App Push Notification
17223,219,2,416.89,208.445,55.0,277,United Kingdom,United Kingdom,1,0.6608009002713594,66.1,Medium Risk,"Loyalty reward, product recommendations, re-engagement email.",Automated Email Drip / App Push Notification
15891,136,1,511.68,511.68,418.0,136,United Kingdom,United Kingdom,1,0.6607449421551259,66.1,Medium Risk,"Loyalty reward, product recommendations, re-engagement email.",Automated Email Drip / App Push Notification
12974,107,1,144.8,144.8,24.0,107,United Kingdom,United Kingdom,1,0.6606872252733047,66.1,Medium Risk,"Loyalty reward, product recommendations, re-engagement email.",Automated Email Drip / App Push Notification
14551,113,1,125.43,125.43,66.0,113,United Kingdom,United Kingdom,0,0.6605898661234428,66.1,Medium Risk,"Loyalty reward, product recommendations, re-engagement email.",Automated Email Drip / App Push Notification
13737,109,1,339.59999999999997,339.59999999999997,125.0,109,United Kingdom,United Kingdom,1,0.660571664613559,66.1,Medium Risk,"Loyalty reward, product recommendations, re-engagement email.",Automated Email Drip / App Push Notification
15042,108,1,135.93,135.93,30.0,108,United Kingdom,United Kingdom,1,0.6605451902893968,66.1,Medium Risk,"Loyalty reward, product recommendations, re-engagement email.",Automated Email Drip / App Push Notification
15489,120,1,348.26,348.26,220.0,120,United Kingdom,United Kingdom,0,0.6604724052704768,66.0,Medium Risk,"Loyalty reward, product recommendations, re-engagement email.",Automated Email Drip / App Push Notification
14647,110,1,236.04000000000002,236.04000000000002,91.0,110,United Kingdom,United Kingdom,1,0.6603856074752299,66.0,Medium Risk,"Loyalty reward, product recommendations, re-engagement email.",Automated Email Drip / App Push Notification
16965,136,1,201.19,201.19,291.0,136,United Kingdom,United Kingdom,1,0.6602300782288336,66.0,Medium Risk,"Loyalty reward, product recommendations, re-engagement email.",Automated Email Drip / App Push Notification
15332,275,4,1661.06,415.265,163.0,279,Lithuania,Other,1,0.6602023482079387,66.0,Medium Risk,"Loyalty reward, product recommendations, re-engagement email.",Automated Email Drip / App Push Notification
17556,115,1,157.9,157.9,101.0,115,United Kingdom,United Kingdom,1,0.660169586211122,66.0,Medium Risk,"Loyalty reward, product recommendations, re-engagement email.",Automated Email Drip / App Push Notification
13762,128,1,306.72,306.72,272.0,128,United Kingdom,United Kingdom,1,0.6601001951931774,66.0,Medium Risk,"Loyalty reward, product recommendations, re-engagement email.",Automated Email Drip / App Push Notification
12405,58,1,1710.39,1710.39,857.0,58,Finland,Other,1,0.6598366220073736,66.0,Medium Risk,"Loyalty reward, product recommendations, re-engagement email.",Automated Email Drip / App Push Notification
13055,123,1,344.86,344.86,252.0,123,United Kingdom,United Kingdom,0,0.659682840028355,66.0,Medium Risk,"Loyalty reward, product recommendations, re-engagement email.",Automated Email Drip / App Push Notification
17658,120,1,317.59999999999997,317.59999999999997,216.0,120,United Kingdom,United Kingdom,0,0.6596602956930423,66.0,Medium Risk,"Loyalty reward, product recommendations, re-engagement email.",Automated Email Drip / App Push Notification
17095,208,2,543.96,271.98,117.0,244,United Kingdom,United Kingdom,0,0.6595397276205421,66.0,Medium Risk,"Loyalty reward, product recommendations, re-engagement email.",Automated Email Drip / App Push Notification
14496,221,2,538.8100000000001,269.40500000000003,79.5,282,United Kingdom,United Kingdom,1,0.6595095984516827,66.0,Medium Risk,"Loyalty reward, product recommendations, re-engagement email.",Automated Email Drip / App Push Notification
15705,110,1,143.1,143.1,62.0,110,United Kingdom,United Kingdom,1,0.659427656641876,65.9,Medium Risk,"Loyalty reward, product recommendations, re-engagement email.",Automated Email Drip / App Push Notification
16690,111,1,86.5,86.5,46.0,111,United Kingdom,United Kingdom,0,0.6594270822114224,65.9,Medium Risk,"Loyalty reward, product recommendations, re-engagement email.",Automated Email Drip / App Push Notification
17624,127,1,400.3,400.3,312.0,127,United Kingdom,United Kingdom,0,0.6593708526564839,65.9,Medium Risk,"Loyalty reward, product recommendations, re-engagement email.",Automated Email Drip / App Push Notification
16323,105,1,207.50000000000003,207.50000000000003,50.0,105,United Kingdom,United Kingdom,1,0.6592981624172459,65.9,Medium Risk,"Loyalty reward, product recommendations, re-engagement email.",Automated Email Drip / App Push Notification
12987,107,1,304.3,304.3,108.0,107,United Kingdom,United Kingdom,0,0.659279691513667,65.9,Medium Risk,"Loyalty reward, product recommendations, re-engagement email.",Automated Email Drip / App Push Notification
14655,131,1,810.56,810.56,522.0,131,United Kingdom,United Kingdom,0,0.6592138114606475,65.9,Medium Risk,"Loyalty reward, product recommendations, re-engagement email.",Automated Email Drip / App Push Notification
17394,128,1,203.86999999999998,203.86999999999998,241.0,128,United Kingdom,United Kingdom,1,0.6589420959026051,65.9,Medium Risk,"Loyalty reward, product recommendations, re-engagement email.",Automated Email Drip / App Push Notification
14670,189,2,392.86,196.43,163.0,189,United Kingdom,United Kingdom,1,0.6588288813671883,65.9,Medium Risk,"Loyalty reward, product recommendations, re-engagement email.",Automated Email Drip / App Push Notification
15791,113,1,1223.24,1223.24,558.0,113,United Kingdom,United Kingdom,0,0.6585808845586324,65.9,Medium Risk,"Loyalty reward, product recommendations, re-engagement email.",Automated Email Drip / App Push Notification
15123,115,1,1069.47,1069.47,509.0,115,United Kingdom,United Kingdom,0,0.6585485050244528,65.9,Medium Risk,"Loyalty reward, product recommendations, re-engagement email.",Automated Email Drip / App Push Notification
13506,225,2,458.52,229.26,162.0,279,United Kingdom,United Kingdom,1,0.658030113809099,65.8,Medium Risk,"Loyalty reward, product recommendations, re-engagement email.",Automated Email Drip / App Push Notification
16463,113,1,319.37,319.37,179.0,113,United Kingdom,United Kingdom,0,0.6579073596401561,65.8,Medium Risk,"Loyalty reward, product recommendations, re-engagement email.",Automated Email Drip / App Push Notification
18160,109,1,318.55,318.55,147.0,109,United Kingdom,United Kingdom,0,0.657805059840933,65.8,Medium Risk,"Loyalty reward, product recommendations, re-engagement email.",Automated Email Drip / App Push Notification
16448,107,1,182.99,182.99,76.0,107,United Kingdom,United Kingdom,1,0.6575037966937916,65.8,Medium Risk,"Loyalty reward, product recommendations, re-engagement email.",Automated Email Drip / App Push Notification
14280,106,1,134.04,134.04,52.0,106,United Kingdom,United Kingdom,1,0.6570446088675943,65.7,Medium Risk,"Loyalty reward, product recommendations, re-engagement email.",Automated Email Drip / App Push Notification
12384,31,1,292.69,292.69,62.0,31,Switzerland,Other,0,0.6569212748979433,65.7,Medium Risk,"Loyalty reward, product recommendations, re-engagement email.",Automated Email Drip / App Push Notification
13546,110,1,182.26,182.26,107.0,110,United Kingdom,United Kingdom,0,0.6569026922442969,65.7,Medium Risk,"Loyalty reward, product recommendations, re-engagement email.",Automated Email Drip / App Push Notification
17176,111,1,306.13,306.13,170.0,111,United Kingdom,United Kingdom,1,0.6567389299359755,65.7,Medium Risk,"Loyalty reward, product recommendations, re-engagement email.",Automated Email Drip / App Push Notification
17898,116,1,99.84,99.84,124.0,116,United Kingdom,United Kingdom,0,0.6566290115371575,65.7,Medium Risk,"Loyalty reward, product recommendations, re-engagement email.",Automated Email Drip / App Push Notification
13601,120,1,373.2,373.2,275.0,120,United Kingdom,United Kingdom,0,0.6565121342429895,65.7,Medium Risk,"Loyalty reward, product recommendations, re-engagement email.",Automated Email Drip / App Push Notification
15969,95,1,308.7,308.7,44.0,95,United Kingdom,United Kingdom,0,0.6563739282567631,65.6,Medium Risk,"Loyalty reward, product recommendations, re-engagement email.",Automated Email Drip / App Push Notification
14705,108,1,179.0,179.0,100.0,108,United Kingdom,United Kingdom,1,0.655935967480618,65.6,Medium Risk,"Loyalty reward, product recommendations, re-engagement email.",Automated Email Drip / App Push Notification
17489,122,1,208.56,208.56,232.0,122,United Kingdom,United Kingdom,0,0.6555251394261931,65.6,Medium Risk,"Loyalty reward, product recommendations, re-engagement email.",Automated Email Drip / App Push Notification
16624,106,1,426.43,426.43,196.0,106,United Kingdom,United Kingdom,0,0.6553454843752141,65.5,Medium Risk,"Loyalty reward, product recommendations, re-engagement email.",Automated Email Drip / App Push Notification
14489,116,1,463.38,463.38,299.0,116,United Kingdom,United Kingdom,1,0.6548774760232681,65.5,Medium Risk,"Loyalty reward, product recommendations, re-engagement email.",Automated Email Drip / App Push Notification
12582,148,2,511.36,255.68,150.0,198,Finland,Other,1,0.6548167720172393,65.5,Medium Risk,"Loyalty reward, product recommendations, re-engagement email.",Automated Email Drip / App Push Notification
17392,216,2,417.27,208.635,138.5,267,United Kingdom,United Kingdom,1,0.654742629338363,65.5,Medium Risk,"Loyalty reward, product recommendations, re-engagement email.",Automated Email Drip / App Push Notification
17358,212,2,360.81,180.405,95.0,264,United Kingdom,United Kingdom,1,0.6547341894909225,65.5,Medium Risk,"Loyalty reward, product recommendations, re-engagement email.",Automated Email Drip / App Push Notification
12750,38,1,275.88,275.88,137.0,38,Poland,Other,1,0.6546976360386866,65.5,Medium Risk,"Loyalty reward, product recommendations, re-engagement email.",Automated Email Drip / App Push Notification
15184,100,1,235.23000000000002,235.23000000000002,73.0,100,United Kingdom,United Kingdom,0,0.6546312859004466,65.5,Medium Risk,"Loyalty reward, product recommendations, re-engagement email.",Automated Email Drip / App Push Notification
16810,101,1,309.54,309.54,114.0,101,United Kingdom,United Kingdom,1,0.6545393910821035,65.5,Medium Risk,"Loyalty reward, product recommendations, re-engagement email.",Automated Email Drip / App Push Notification
15163,101,1,155.0,155.0,48.0,101,United Kingdom,United Kingdom,0,0.6545314360635065,65.5,Medium Risk,"Loyalty reward, product recommendations, re-engagement email.",Automated Email Drip / App Push Notification
15695,176,2,409.98,204.99,106.0,176,United Kingdom,United Kingdom,1,0.6545257991478667,65.5,Medium Risk,"Loyalty reward, product recommendations, re-engagement email.",Automated Email Drip / App Push Notification
15480,25,1,905.5,905.5,303.0,25,Malta,Other,1,0.6543990936476315,65.4,Medium Risk,"Loyalty reward, product recommendations, re-engagement email.",Automated Email Drip / App Push Notification
14859,113,1,296.86,296.86,209.0,113,United Kingdom,United Kingdom,0,0.6543559573841654,65.4,Medium Risk,"Loyalty reward, product recommendations, re-engagement email.",Automated Email Drip / App Push Notification
16483,101,1,139.35,139.35,44.0,101,United Kingdom,United Kingdom,1,0.6542895390619462,65.4,Medium Risk,"Loyalty reward, product recommendations, re-engagement email.",Automated Email Drip / App Push Notification
13657,111,1,152.34,152.34,132.0,111,United Kingdom,United Kingdom,0,0.6542481117984847,65.4,Medium Risk,"Loyalty reward, product recommendations, re-engagement email.",Automated Email Drip / App Push Notification
15925,103,1,207.15,207.15,93.0,103,United Kingdom,United Kingdom,1,0.6539652191140417,65.4,Medium Risk,"Loyalty reward, product recommendations, re-engagement email.",Automated Email Drip / App Push Notification
15863,102,1,9.2,9.2,2.0,102,United Kingdom,United Kingdom,0,0.6537988051209517,65.4,Medium Risk,"Loyalty reward, product recommendations, re-engagement email.",Automated Email Drip / App Push Notification
17521,108,1,159.56,159.56,116.0,108,United Kingdom,United Kingdom,0,0.6537530652136054,65.4,Medium Risk,"Loyalty reward, product recommendations, re-engagement email.",Automated Email Drip / App Push Notification
13452,168,2,590.0,295.0,1.0,180,United Kingdom,United Kingdom,1,0.653302359251912,65.3,Medium Risk,"Loyalty reward, product recommendations, re-engagement email.",Automated Email Drip / App Push Notification
16763,108,1,611.85,611.85,319.0,108,United Kingdom,United Kingdom,1,0.6528912111879126,65.3,Medium Risk,"Loyalty reward, product recommendations, re-engagement email.",Automated Email Drip / App Push Notification
12580,156,1,415.7,415.7,238.0,156,Germany,Germany,1,0.6527989709362712,65.3,Medium Risk,"Loyalty reward, product recommendations, re-engagement email.",Automated Email Drip / App Push Notification
15983,270,3,1138.37,379.45666666666665,231.33333333333334,283,United Kingdom,United Kingdom,0,0.6527137454281232,65.3,Medium Risk,"Loyalty reward, product recommendations, re-engagement email.",Automated Email Drip / App Push Notification
15630,114,1,396.86,396.86,280.0,114,United Kingdom,United Kingdom,0,0.6525535981181109,65.3,Medium Risk,"Loyalty reward, product recommendations, re-engagement email.",Automated Email Drip / App Push Notification
12409,92,1,6207.08,6207.08,3142.0,92,Switzerland,Other,0,0.6523746535257371,65.2,Medium Risk,"Loyalty reward, product recommendations, re-engagement email.",Automated Email Drip / App Push Notification
16369,106,1,354.45,354.45,199.0,106,United Kingdom,United Kingdom,0,0.6523082699281787,65.2,Medium Risk,"Loyalty reward, product recommendations, re-engagement email.",Automated Email Drip / App Push Notification
17871,114,1,155.9,155.9,182.0,114,United Kingdom,United Kingdom,1,0.6520990246624734,65.2,Medium Risk,"Loyalty reward, product recommendations, re-engagement email.",Automated Email Drip / App Push Notification
13917,101,1,65.38,65.38,38.0,101,United Kingdom,United Kingdom,0,0.6519828052448444,65.2,Medium Risk,"Loyalty reward, product recommendations, re-engagement email.",Automated Email Drip / App Push Notification
14819,101,1,84.72,84.72,48.0,101,United Kingdom,United Kingdom,0,0.6518269253912765,65.2,Medium Risk,"Loyalty reward, product recommendations, re-engagement email.",Automated Email Drip / App Push Notification
13070,101,1,228.8,228.8,110.0,101,United Kingdom,United Kingdom,1,0.6517922511924455,65.2,Medium Risk,"Loyalty reward, product recommendations, re-engagement email.",Automated Email Drip / App Push Notification
14453,99,1,119.93,119.93,49.0,99,United Kingdom,United Kingdom,1,0.6516160080268227,65.2,Medium Risk,"Loyalty reward, product recommendations, re-engagement email.",Automated Email Drip / App Push Notification
13261,178,2,944.1,472.05,105.0,195,United Kingdom,United Kingdom,1,0.6515743129697504,65.2,Medium Risk,"Loyalty reward, product recommendations, re-engagement email.",Automated Email Drip / App Push Notification
16529,99,1,455.25,455.25,198.0,99,United Kingdom,United Kingdom,1,0.6511107312390408,65.1,Medium Risk,"Loyalty reward, product recommendations, re-engagement email.",Automated Email Drip / App Push Notification
16849,96,1,124.57,124.57,33.0,96,United Kingdom,United Kingdom,1,0.651019637345803,65.1,Medium Risk,"Loyalty reward, product recommendations, re-engagement email.",Automated Email Drip / App Push Notification
13131,97,1,324.9,324.9,128.0,97,United Kingdom,United Kingdom,0,0.6509175527764272,65.1,Medium Risk,"Loyalty reward, product recommendations, re-engagement email.",Automated Email Drip / App Push Notification
14542,95,1,103.25,103.25,19.0,95,United Kingdom,United Kingdom,1,0.6507203369186428,65.1,Medium Risk,"Loyalty reward, product recommendations, re-engagement email.",Automated Email Drip / App Push Notification
15826,120,1,720.0,720.0,488.0,120,United Kingdom,United Kingdom,0,0.6506942269140849,65.1,Medium Risk,"Loyalty reward, product recommendations, re-engagement email.",Automated Email Drip / App Push Notification
14451,104,1,360.0,360.0,204.0,104,United Kingdom,United Kingdom,0,0.650592467357677,65.1,Medium Risk,"Loyalty reward, product recommendations, re-engagement email.",Automated Email Drip / App Push Notification
17531,99,1,296.7,296.7,136.0,99,United Kingdom,United Kingdom,1,0.6505868726376849,65.1,Medium Risk,"Loyalty reward, product recommendations, re-engagement email.",Automated Email Drip / App Push Notification
13682,96,1,59.5,59.5,10.0,96,United Kingdom,United Kingdom,1,0.6505838919674725,65.1,Medium Risk,"Loyalty reward, product recommendations, re-engagement email.",Automated Email Drip / App Push Notification
14022,134,1,440.0,440.0,487.0,134,United Kingdom,United Kingdom,1,0.6503362655434497,65.0,Medium Risk,"Loyalty reward, product recommendations, re-engagement email.",Automated Email Drip / App Push Notification
16963,96,1,110.55000000000001,110.55000000000001,35.0,96,United Kingdom,United Kingdom,1,0.6502977151374936,65.0,Medium Risk,"Loyalty reward, product recommendations, re-engagement email.",Automated Email Drip / App Push Notification
16766,182,2,1145.6,572.8,268.0,182,United Kingdom,United Kingdom,1,0.6502817564499999,65.0,Medium Risk,"Loyalty reward, product recommendations, re-engagement email.",Automated Email Drip / App Push Notification
14229,201,2,762.13,381.065,151.5,243,United Kingdom,United Kingdom,0,0.6499362166564044,65.0,Medium Risk,"Loyalty reward, product recommendations, re-engagement email.",Automated Email Drip / App Push Notification
13133,183,2,109.8,54.9,16.0,213,United Kingdom,United Kingdom,1,0.6498251978827757,65.0,Medium Risk,"Loyalty reward, product recommendations, re-engagement email.",Automated Email Drip / App Push Notification
16424,100,1,133.56,133.56,88.0,100,United Kingdom,United Kingdom,1,0.6493607159142784,64.9,Medium Risk,"Loyalty reward, product recommendations, re-engagement email.",Automated Email Drip / App Push Notification
16611,95,1,129.49,129.49,47.0,95,United Kingdom,United Kingdom,1,0.6492040112900808,64.9,Medium Risk,"Loyalty reward, product recommendations, re-engagement email.",Automated Email Drip / App Push Notification
16298,96,1,114.3,114.3,50.0,96,United Kingdom,United Kingdom,0,0.649086619409755,64.9,Medium Risk,"Loyalty reward, product recommendations, re-engagement email.",Automated Email Drip / App Push Notification
17169,92,1,308.68,308.68,102.0,92,United Kingdom,United Kingdom,0,0.6489357340609428,64.9,Medium Risk,"Loyalty reward, product recommendations, re-engagement email.",Automated Email Drip / App Push Notification
15252,92,1,300.55,300.55,99.0,92,United Kingdom,United Kingdom,0,0.6488925875960289,64.9,Medium Risk,"Loyalty reward, product recommendations, re-engagement email.",Automated Email Drip / App Push Notification
15219,85,1,305.75,305.75,45.0,85,United Kingdom,United Kingdom,1,0.6487871568368831,64.9,Medium Risk,"Loyalty reward, product recommendations, re-engagement email.",Automated Email Drip / App Push Notification
16117,99,1,232.21,232.21,130.0,99,United Kingdom,United Kingdom,1,0.6486358204917093,64.9,Medium Risk,"Loyalty reward, product recommendations, re-engagement email.",Automated Email Drip / App Push Notification
14597,101,1,165.1,165.1,118.0,101,United Kingdom,United Kingdom,0,0.648608422965655,64.9,Medium Risk,"Loyalty reward, product recommendations, re-engagement email.",Automated Email Drip / App Push Notification
17924,211,2,502.20000000000005,251.10000000000002,54.0,283,United Kingdom,United Kingdom,0,0.6484455806618702,64.8,Medium Risk,"Loyalty reward, product recommendations, re-engagement email.",Automated Email Drip / App Push Notification
16239,99,1,347.9,347.9,182.0,99,United Kingdom,United Kingdom,0,0.6484071503194452,64.8,Medium Risk,"Loyalty reward, product recommendations, re-engagement email.",Automated Email Drip / App Push Notification
15124,101,1,90.75,90.75,89.0,101,United Kingdom,United Kingdom,0,0.6483552897569136,64.8,Medium Risk,"Loyalty reward, product recommendations, re-engagement email.",Automated Email Drip / App Push Notification
12506,142,1,73.5,73.5,23.0,142,France,France,1,0.6479448941134892,64.8,Medium Risk,"Loyalty reward, product recommendations, re-engagement email.",Automated Email Drip / App Push Notification
14931,115,2,586.0,293.0,49.0,150,Channel Islands,Other,0,0.6479156572311339,64.8,Medium Risk,"Loyalty reward, product recommendations, re-engagement email.",Automated Email Drip / App Push Notification
16275,106,1,559.87,559.87,336.0,106,United Kingdom,United Kingdom,1,0.6478669672936346,64.8,Medium Risk,"Loyalty reward, product recommendations, re-engagement email.",Automated Email Drip / App Push Notification
12622,141,1,180.1,180.1,69.0,141,Germany,Germany,1,0.6478553601807001,64.8,Medium Risk,"Loyalty reward, product recommendations, re-engagement email.",Automated Email Drip / App Push Notification
18135,99,1,109.82000000000001,109.82000000000001,88.0,99,United Kingdom,United Kingdom,0,0.647699192177821,64.8,Medium Risk,"Loyalty reward, product recommendations, re-engagement email.",Automated Email Drip / App Push Notification
12501,246,1,2169.39,2169.39,1783.0,246,Germany,Germany,1,0.6476327475553165,64.8,Medium Risk,"Loyalty reward, product recommendations, re-engagement email.",Automated Email Drip / App Push Notification
17051,103,1,240.89000000000001,240.89000000000001,179.0,103,United Kingdom,United Kingdom,1,0.6475038564740013,64.8,Medium Risk,"Loyalty reward, product recommendations, re-engagement email.",Automated Email Drip / App Push Notification
12381,29,1,1268.74,1268.74,568.0,29,Norway,Other,0,0.6474613682099701,64.7,Medium Risk,"Loyalty reward, product recommendations, re-engagement email.",Automated Email Drip / App Push Notification
17124,94,1,294.24,294.24,129.0,94,United Kingdom,United Kingdom,1,0.6474158662329588,64.7,Medium Risk,"Loyalty reward, product recommendations, re-engagement email.",Automated Email Drip / App Push Notification
13589,89,1,147.0,147.0,28.0,89,United Kingdom,United Kingdom,0,0.6471475480328313,64.7,Medium Risk,"Loyalty reward, product recommendations, re-engagement email.",Automated Email Drip / App Push Notification
14389,100,1,311.14,311.14,189.0,100,United Kingdom,United Kingdom,0,0.6470909609474956,64.7,Medium Risk,"Loyalty reward, product recommendations, re-engagement email.",Automated Email Drip / App Push Notification
17234,92,1,149.89000000000001,149.89000000000001,55.0,92,United Kingdom,United Kingdom,1,0.6470415102335815,64.7,Medium Risk,"Loyalty reward, product recommendations, re-engagement email.",Automated Email Drip / App Push Notification
14622,94,1,320.58000000000004,320.58000000000004,146.0,94,United Kingdom,United Kingdom,1,0.6468956069496403,64.7,Medium Risk,"Loyalty reward, product recommendations, re-engagement email.",Automated Email Drip / App Push Notification
14984,90,1,102.23,102.23,20.0,90,United Kingdom,United Kingdom,0,0.6468801597774277,64.7,Medium Risk,"Loyalty reward, product recommendations, re-engagement email.",Automated Email Drip / App Push Notification
12641,24,1,185.9,185.9,72.0,24,Sweden,Other,1,0.6467297662712214,64.7,Medium Risk,"Loyalty reward, product recommendations, re-engagement email.",Automated Email Drip / App Push Notification
13283,95,1,25.5,25.5,30.0,95,United Kingdom,United Kingdom,0,0.6467148703555914,64.7,Medium Risk,"Loyalty reward, product recommendations, re-engagement email.",Automated Email Drip / App Push Notification
15405,98,1,349.1,349.1,193.0,98,United Kingdom,United Kingdom,1,0.646713210366128,64.7,Medium Risk,"Loyalty reward, product recommendations, re-engagement email.",Automated Email Drip / App Push Notification
15599,113,1,448.83,448.83,361.0,113,United Kingdom,United Kingdom,0,0.6464976303720645,64.6,Medium Risk,"Loyalty reward, product recommendations, re-engagement email.",Automated Email Drip / App Push Notification
16018,89,1,161.9,161.9,44.0,89,United Kingdom,United Kingdom,0,0.6462737423666848,64.6,Medium Risk,"Loyalty reward, product recommendations, re-engagement email.",Automated Email Drip / App Push Notification
12438,49,1,890.0699999999999,890.0699999999999,586.0,49,Norway,Other,0,0.6460120898608528,64.6,Medium Risk,"Loyalty reward, product recommendations, re-engagement email.",Automated Email Drip / App Push Notification
18287,111,1,765.28,765.28,488.0,111,United Kingdom,United Kingdom,0,0.6457648776603454,64.6,Medium Risk,"Loyalty reward, product recommendations, re-engagement email.",Automated Email Drip / App Push Notification
16659,98,1,39.12,39.12,72.0,98,United Kingdom,United Kingdom,1,0.6456631837436256,64.6,Medium Risk,"Loyalty reward, product recommendations, re-engagement email.",Automated Email Drip / App Push Notification
13308,112,1,814.95,814.95,519.0,112,United Kingdom,United Kingdom,0,0.6456230780717042,64.6,Medium Risk,"Loyalty reward, product recommendations, re-engagement email.",Automated Email Drip / App Push Notification
16614,92,1,506.19,506.19,223.0,92,United Kingdom,United Kingdom,1,0.6456223600713102,64.6,Medium Risk,"Loyalty reward, product recommendations, re-engagement email.",Automated Email Drip / App Push Notification
12976,121,1,738.6,738.6,561.0,121,United Kingdom,United Kingdom,1,0.6455444224960274,64.6,Medium Risk,"Loyalty reward, product recommendations, re-engagement email.",Automated Email Drip / App Push Notification
12701,151,1,337.08,337.08,246.0,151,Germany,Germany,0,0.6453243151024132,64.5,Medium Risk,"Loyalty reward, product recommendations, re-engagement email.",Automated Email Drip / App Push Notification
13398,101,1,457.34,457.34,281.0,101,United Kingdom,United Kingdom,1,0.6451582559748401,64.5,Medium Risk,"Loyalty reward, product recommendations, re-engagement email.",Automated Email Drip / App Push Notification
15609,93,1,298.48,298.48,148.0,93,United Kingdom,United Kingdom,1,0.6451106906303268,64.5,Medium Risk,"Loyalty reward, product recommendations, re-engagement email.",Automated Email Drip / App Push Notification
12559,220,2,561.71,280.855,141.5,229,Germany,Germany,1,0.6450612377944297,64.5,Medium Risk,"Loyalty reward, product recommendations, re-engagement email.",Automated Email Drip / App Push Notification
16358,93,1,462.15000000000003,462.15000000000003,221.0,93,United Kingdom,United Kingdom,0,0.6448371802002537,64.5,Medium Risk,"Loyalty reward, product recommendations, re-engagement email.",Automated Email Drip / App Push Notification
12453,43,1,707.09,707.09,473.0,43,Austria,Other,1,0.6446991988050839,64.5,Medium Risk,"Loyalty reward, product recommendations, re-engagement email.",Automated Email Drip / App Push Notification
17360,93,1,320.9,320.9,164.0,93,United Kingdom,United Kingdom,0,0.6445273434229264,64.5,Medium Risk,"Loyalty reward, product recommendations, re-engagement email.",Automated Email Drip / App Push Notification
12397,44,1,1214.81,1214.81,704.0,44,Belgium,Other,0,0.6441825141669222,64.4,Medium Risk,"Loyalty reward, product recommendations, re-engagement email.",Automated Email Drip / App Push Notification
17536,86,1,76.5,76.5,6.0,86,United Kingdom,United Kingdom,1,0.6441718208214203,64.4,Medium Risk,"Loyalty reward, product recommendations, re-engagement email.",Automated Email Drip / App Push Notification
16253,164,1,1700.4,1700.4,1340.0,164,United Kingdom,United Kingdom,0,0.644165415430127,64.4,Medium Risk,"Loyalty reward, product recommendations, re-engagement email.",Automated Email Drip / App Push Notification
13174,225,2,2034.06,1017.03,463.5,278,United Kingdom,United Kingdom,0,0.644040237348876,64.4,Medium Risk,"Loyalty reward, product recommendations, re-engagement email.",Automated Email Drip / App Push Notification
16892,93,1,102.97999999999999,102.97999999999999,77.0,93,United Kingdom,United Kingdom,0,0.6439635411823392,64.4,Medium Risk,"Loyalty reward, product recommendations, re-engagement email.",Automated Email Drip / App Push Notification
13343,87,1,353.43,353.43,135.0,87,United Kingdom,United Kingdom,1,0.6439557001927576,64.4,Medium Risk,"Loyalty reward, product recommendations, re-engagement email.",Automated Email Drip / App Push Notification
13989,148,1,896.6700000000001,896.6700000000001,869.0,148,United Kingdom,United Kingdom,0,0.6438114416319415,64.4,Medium Risk,"Loyalty reward, product recommendations, re-engagement email.",Automated Email Drip / App Push Notification
16461,87,1,142.92,142.92,48.0,87,United Kingdom,United Kingdom,1,0.6436802468546937,64.4,Medium Risk,"Loyalty reward, product recommendations, re-engagement email.",Automated Email Drip / App Push Notification
16257,86,1,46.95,46.95,2.0,86,United Kingdom,United Kingdom,1,0.6433850404294894,64.3,Medium Risk,"Loyalty reward, product recommendations, re-engagement email.",Automated Email Drip / App Push Notification
17664,121,1,326.19,326.19,409.0,121,United Kingdom,United Kingdom,0,0.6433266609605144,64.3,Medium Risk,"Loyalty reward, product recommendations, re-engagement email.",Automated Email Drip / App Push Notification
14963,93,1,294.2,294.2,167.0,93,United Kingdom,United Kingdom,0,0.6432140796663207,64.3,Medium Risk,"Loyalty reward, product recommendations, re-engagement email.",Automated Email Drip / App Push Notification
18281,90,1,80.82,80.82,54.0,90,United Kingdom,United Kingdom,1,0.6429545578065322,64.3,Medium Risk,"Loyalty reward, product recommendations, re-engagement email.",Automated Email Drip / App Push Notification
13761,89,1,491.71000000000004,491.71000000000004,224.0,89,United Kingdom,United Kingdom,0,0.6427281500859436,64.3,Medium Risk,"Loyalty reward, product recommendations, re-engagement email.",Automated Email Drip / App Push Notification
13686,92,1,72.0,72.0,70.0,92,United Kingdom,United Kingdom,1,0.6426467303524872,64.3,Medium Risk,"Loyalty reward, product recommendations, re-engagement email.",Automated Email Drip / App Push Notification
14071,169,2,356.81,178.405,147.5,174,United Kingdom,United Kingdom,0,0.6425362480484742,64.3,Medium Risk,"Loyalty reward, product recommendations, re-engagement email.",Automated Email Drip / App Push Notification
16205,89,1,112.35,112.35,64.0,89,United Kingdom,United Kingdom,0,0.6425245196322937,64.3,Medium Risk,"Loyalty reward, product recommendations, re-engagement email.",Automated Email Drip / App Push Notification
15314,108,1,327.97,327.97,313.0,108,United Kingdom,United Kingdom,1,0.6424313135568845,64.2,Medium Risk,"Loyalty reward, product recommendations, re-engagement email.",Automated Email Drip / App Push Notification
17830,171,2,287.65000000000003,143.82500000000002,32.5,198,United Kingdom,United Kingdom,0,0.6424028863542641,64.2,Medium Risk,"Loyalty reward, product recommendations, re-engagement email.",Automated Email Drip / App Push Notification
16469,155,2,268.3,134.15,55.5,155,United Kingdom,United Kingdom,0,0.6423637565950294,64.2,Medium Risk,"Loyalty reward, product recommendations, re-engagement email.",Automated Email Drip / App Push Notification
17879,83,1,178.51999999999998,178.51999999999998,45.0,83,United Kingdom,United Kingdom,1,0.6423517999219156,64.2,Medium Risk,"Loyalty reward, product recommendations, re-engagement email.",Automated Email Drip / App Push Notification
13663,88,1,189.47,189.47,91.0,88,United Kingdom,United Kingdom,1,0.6423221079404791,64.2,Medium Risk,"Loyalty reward, product recommendations, re-engagement email.",Automated Email Drip / App Push Notification
17970,120,1,562.79,562.79,513.0,120,United Kingdom,United Kingdom,1,0.6423218669208788,64.2,Medium Risk,"Loyalty reward, product recommendations, re-engagement email.",Automated Email Drip / App Push Notification
16341,110,1,797.65,797.65,534.0,110,United Kingdom,United Kingdom,0,0.6420894274495589,64.2,Medium Risk,"Loyalty reward, product recommendations, re-engagement email.",Automated Email Drip / App Push Notification
14241,93,1,213.70000000000002,213.70000000000002,146.0,93,United Kingdom,United Kingdom,1,0.6419892861535701,64.2,Medium Risk,"Loyalty reward, product recommendations, re-engagement email.",Automated Email Drip / App Push Notification
15507,81,1,475.86,475.86,160.0,81,United Kingdom,United Kingdom,1,0.6419647602297072,64.2,Medium Risk,"Loyalty reward, product recommendations, re-engagement email.",Automated Email Drip / App Push Notification
17597,123,1,2044.3700000000001,2044.3700000000001,1176.0,123,United Kingdom,United Kingdom,1,0.641882638336326,64.2,Medium Risk,"Loyalty reward, product recommendations, re-engagement email.",Automated Email Drip / App Push Notification
12837,82,1,134.1,134.1,24.0,82,United Kingdom,United Kingdom,1,0.6417863162558244,64.2,Medium Risk,"Loyalty reward, product recommendations, re-engagement email.",Automated Email Drip / App Push Notification
14285,86,1,5.9,5.9,2.0,86,United Kingdom,United Kingdom,0,0.6417835016034723,64.2,Medium Risk,"Loyalty reward, product recommendations, re-engagement email.",Automated Email Drip / App Push Notification
16427,172,2,241.06,120.53,78.0,193,United Kingdom,United Kingdom,1,0.6417718467396163,64.2,Medium Risk,"Loyalty reward, product recommendations, re-engagement email.",Automated Email Drip / App Push Notification
16279,86,1,359.08000000000004,359.08000000000004,156.0,86,United Kingdom,United Kingdom,0,0.6415128148808635,64.2,Medium Risk,"Loyalty reward, product recommendations, re-engagement email.",Automated Email Drip / App Push Notification
12573,136,1,160.54000000000002,160.54000000000002,84.0,136,France,France,1,0.6413051404074976,64.1,Medium Risk,"Loyalty reward, product recommendations, re-engagement email.",Automated Email Drip / App Push Notification
13826,85,1,189.5,189.5,82.0,85,United Kingdom,United Kingdom,1,0.640898816194965,64.1,Medium Risk,"Loyalty reward, product recommendations, re-engagement email.",Automated Email Drip / App Push Notification
12865,33,1,981.38,981.38,550.0,33,Austria,Other,0,0.6408973434970209,64.1,Medium Risk,"Loyalty reward, product recommendations, re-engagement email.",Automated Email Drip / App Push Notification
17490,86,1,305.2,305.2,140.0,86,United Kingdom,United Kingdom,0,0.6408692995534985,64.1,Medium Risk,"Loyalty reward, product recommendations, re-engagement email.",Automated Email Drip / App Push Notification
16852,85,1,113.06,113.06,51.0,85,United Kingdom,United Kingdom,0,0.640744362209156,64.1,Medium Risk,"Loyalty reward, product recommendations, re-engagement email.",Automated Email Drip / App Push Notification
12755,190,2,3811.95,1905.975,745.5,275,Japan,Other,1,0.6405011621497994,64.1,Medium Risk,"Loyalty reward, product recommendations, re-engagement email.",Automated Email Drip / App Push Notification
17709,79,1,137.45,137.45,17.0,79,United Kingdom,United Kingdom,1,0.6403090066168553,64.0,Medium Risk,"Loyalty reward, product recommendations, re-engagement email.",Automated Email Drip / App Push Notification
14375,94,1,235.56,235.56,184.0,94,United Kingdom,United Kingdom,1,0.6401198060877049,64.0,Medium Risk,"Loyalty reward, product recommendations, re-engagement email.",Automated Email Drip / App Push Notification
13568,82,1,187.05,187.05,66.0,82,United Kingdom,United Kingdom,1,0.6400167878333087,64.0,Medium Risk,"Loyalty reward, product recommendations, re-engagement email.",Automated Email Drip / App Push Notification
16716,176,2,901.2,450.6,60.0,220,United Kingdom,United Kingdom,1,0.6396968788695062,64.0,Medium Risk,"Loyalty reward, product recommendations, re-engagement email.",Automated Email Drip / App Push Notification
16526,81,1,290.36,290.36,106.0,81,United Kingdom,United Kingdom,1,0.6396489684924475,64.0,Medium Risk,"Loyalty reward, product recommendations, re-engagement email.",Automated Email Drip / App Push Notification
15014,85,1,117.72999999999999,117.72999999999999,68.0,85,United Kingdom,United Kingdom,0,0.6393713889145123,63.9,Medium Risk,"Loyalty reward, product recommendations, re-engagement email.",Automated Email Drip / App Push Notification
18252,81,1,69.89999999999999,69.89999999999999,18.0,81,United Kingdom,United Kingdom,0,0.6390738615693481,63.9,Medium Risk,"Loyalty reward, product recommendations, re-engagement email.",Automated Email Drip / App Push Notification
15069,88,1,1109.53,1109.53,520.0,88,United Kingdom,United Kingdom,1,0.6390723322786466,63.9,Medium Risk,"Loyalty reward, product recommendations, re-engagement email.",Automated Email Drip / App Push Notification
16545,74,1,339.3,339.3,78.0,74,United Kingdom,United Kingdom,1,0.6388740473374408,63.9,Medium Risk,"Loyalty reward, product recommendations, re-engagement email.",Automated Email Drip / App Push Notification
12811,170,3,514.85,171.61666666666667,76.66666666666667,193,Portugal,Other,1,0.6388618100684836,63.9,Medium Risk,"Loyalty reward, product recommendations, re-engagement email.",Automated Email Drip / App Push Notification
14960,80,1,88.3,88.3,20.0,80,United Kingdom,United Kingdom,0,0.6388603819232473,63.9,Medium Risk,"Loyalty reward, product recommendations, re-engagement email.",Automated Email Drip / App Push Notification
16692,165,2,1276.0,638.0,76.0,198,United Kingdom,United Kingdom,1,0.638838621941012,63.9,Medium Risk,"Loyalty reward, product recommendations, re-engagement email.",Automated Email Drip / App Push Notification
15825,81,1,532.94,532.94,220.0,81,United Kingdom,United Kingdom,1,0.6387089072959657,63.9,Medium Risk,"Loyalty reward, product recommendations, re-engagement email.",Automated Email Drip / App Push Notification
16739,86,1,323.0,323.0,172.0,86,United Kingdom,United Kingdom,1,0.6386366453445423,63.9,Medium Risk,"Loyalty reward, product recommendations, re-engagement email.",Automated Email Drip / App Push Notification
16114,80,1,135.75000000000003,135.75000000000003,43.0,80,United Kingdom,United Kingdom,1,0.6386121518746142,63.9,Medium Risk,"Loyalty reward, product recommendations, re-engagement email.",Automated Email Drip / App Push Notification
15016,82,1,170.04,170.04,76.0,82,United Kingdom,United Kingdom,1,0.6384343564659573,63.8,Medium Risk,"Loyalty reward, product recommendations, re-engagement email.",Automated Email Drip / App Push Notification
12735,224,2,779.5699999999999,389.78499999999997,184.0,246,France,France,1,0.638419166406589,63.8,Medium Risk,"Loyalty reward, product recommendations, re-engagement email.",Automated Email Drip / App Push Notification
17289,89,1,164.45,164.45,132.0,89,United Kingdom,United Kingdom,0,0.6383424852632764,63.8,Medium Risk,"Loyalty reward, product recommendations, re-engagement email.",Automated Email Drip / App Push Notification
16581,92,1,105.84,105.84,134.0,92,United Kingdom,United Kingdom,1,0.638116015329377,63.8,Medium Risk,"Loyalty reward, product recommendations, re-engagement email.",Automated Email Drip / App Push Notification
15909,83,1,191.94,191.94,98.0,83,United Kingdom,United Kingdom,1,0.6380274906846629,63.8,Medium Risk,"Loyalty reward, product recommendations, re-engagement email.",Automated Email Drip / App Push Notification
17157,85,1,161.46,161.46,102.0,85,United Kingdom,United Kingdom,0,0.6379689670461496,63.8,Medium Risk,"Loyalty reward, product recommendations, re-engagement email.",Automated Email Drip / App Push Notification
17349,88,1,98.25,98.25,102.0,88,United Kingdom,United Kingdom,1,0.6377454081729882,63.8,Medium Risk,"Loyalty reward, product recommendations, re-engagement email.",Automated Email Drip / App Push Notification
13502,184,2,189.16,94.58,55.0,233,United Kingdom,United Kingdom,0,0.6376991917907304,63.8,Medium Risk,"Loyalty reward, product recommendations, re-engagement email.",Automated Email Drip / App Push Notification
15100,243,3,876.0,292.0,26.666666666666668,283,United Kingdom,United Kingdom,1,0.6376198665554492,63.8,Medium Risk,"Loyalty reward, product recommendations, re-engagement email.",Automated Email Drip / App Push Notification
17715,110,1,326.4,326.4,384.0,110,United Kingdom,United Kingdom,1,0.6373720115110347,63.7,Medium Risk,"Loyalty reward, product recommendations, re-engagement email.",Automated Email Drip / App Push Notification
14921,110,1,903.01,903.01,631.0,110,United Kingdom,United Kingdom,0,0.6373339584249124,63.7,Medium Risk,"Loyalty reward, product recommendations, re-engagement email.",Automated Email Drip / App Push Notification
17844,16,1,51.559999999999995,51.559999999999995,52.0,16,Canada,Other,1,0.6373235619191698,63.7,Medium Risk,"Loyalty reward, product recommendations, re-engagement email.",Automated Email Drip / App Push Notification
17768,75,1,385.83,385.83,123.0,75,United Kingdom,United Kingdom,0,0.6373235101251357,63.7,Medium Risk,"Loyalty reward, product recommendations, re-engagement email.",Automated Email Drip / App Push Notification
14795,75,1,131.45000000000002,131.45000000000002,17.0,75,United Kingdom,United Kingdom,1,0.6370677802008821,63.7,Medium Risk,"Loyalty reward, product recommendations, re-engagement email.",Automated Email Drip / App Push Notification
17101,87,1,230.57999999999998,230.57999999999998,158.0,87,United Kingdom,United Kingdom,0,0.6370469513123297,63.7,Medium Risk,"Loyalty reward, product recommendations, re-engagement email.",Automated Email Drip / App Push Notification
17877,79,1,237.61,237.61,98.0,79,United Kingdom,United Kingdom,1,0.6368098936660265,63.7,Medium Risk,"Loyalty reward, product recommendations, re-engagement email.",Automated Email Drip / App Push Notification
12814,11,1,125.92,125.92,49.0,11,Poland,Other,1,0.6367548431275066,63.7,Medium Risk,"Loyalty reward, product recommendations, re-engagement email.",Automated Email Drip / App Push Notification
15935,148,2,416.86,208.43,57.5,151,United Kingdom,United Kingdom,1,0.6365580046180324,63.7,Medium Risk,"Loyalty reward, product recommendations, re-engagement email.",Automated Email Drip / App Push Notification
15921,82,1,323.03000000000003,323.03000000000003,162.0,82,United Kingdom,United Kingdom,1,0.6365456995322472,63.7,Medium Risk,"Loyalty reward, product recommendations, re-engagement email.",Automated Email Drip / App Push Notification
16113,92,1,161.38,161.38,176.0,92,United Kingdom,United Kingdom,1,0.6364404373468753,63.6,Medium Risk,"Loyalty reward, product recommendations, re-engagement email.",Automated Email Drip / App Push Notification
17960,80,1,73.78,73.78,41.0,80,United Kingdom,United Kingdom,1,0.6363630035406515,63.6,Medium Risk,"Loyalty reward, product recommendations, re-engagement email.",Automated Email Drip / App Push Notification
14820,82,1,139.77,139.77,87.0,82,United Kingdom,United Kingdom,0,0.6362358862054913,63.6,Medium Risk,"Loyalty reward, product recommendations, re-engagement email.",Automated Email Drip / App Push Notification
12930,80,1,221.56,221.56,108.0,80,United Kingdom,United Kingdom,0,0.6360134227662565,63.6,Medium Risk,"Loyalty reward, product recommendations, re-engagement email.",Automated Email Drip / App Push Notification
12548,75,1,95.19999999999999,95.19999999999999,49.0,75,Spain,Spain,1,0.6356598446146564,63.6,Medium Risk,"Loyalty reward, product recommendations, re-engagement email.",Automated Email Drip / App Push Notification
12436,9,1,509.01,509.01,211.0,9,Norway,Other,1,0.6354151839872861,63.5,Medium Risk,"Loyalty reward, product recommendations, re-engagement email.",Automated Email Drip / App Push Notification
13466,93,1,307.9,307.9,259.0,93,United Kingdom,United Kingdom,1,0.6353236453955446,63.5,Medium Risk,"Loyalty reward, product recommendations, re-engagement email.",Automated Email Drip / App Push Notification
12715,15,1,343.36,343.36,192.0,15,Sweden,Other,1,0.635171342382374,63.5,Medium Risk,"Loyalty reward, product recommendations, re-engagement email.",Automated Email Drip / App Push Notification
16276,86,1,810.6000000000001,810.6000000000001,420.0,86,United Kingdom,United Kingdom,1,0.6350097111747607,63.5,Medium Risk,"Loyalty reward, product recommendations, re-engagement email.",Automated Email Drip / App Push Notification
15412,80,1,190.53,190.53,108.0,80,United Kingdom,United Kingdom,1,0.6347922840492942,63.5,Medium Risk,"Loyalty reward, product recommendations, re-engagement email.",Automated Email Drip / App Push Notification
14114,183,2,386.53,193.265,50.5,240,United Kingdom,United Kingdom,1,0.6347445687481249,63.5,Medium Risk,"Loyalty reward, product recommendations, re-engagement email.",Automated Email Drip / App Push Notification
17110,74,1,163.29999999999998,163.29999999999998,50.0,74,United Kingdom,United Kingdom,1,0.6345311621029653,63.5,Medium Risk,"Loyalty reward, product recommendations, re-engagement email.",Automated Email Drip / App Push Notification
13080,88,1,58.08,58.08,120.0,88,United Kingdom,United Kingdom,1,0.6345109250485699,63.5,Medium Risk,"Loyalty reward, product recommendations, re-engagement email.",Automated Email Drip / App Push Notification
13062,100,1,346.98,346.98,343.0,100,United Kingdom,United Kingdom,1,0.6344121480402878,63.4,Medium Risk,"Loyalty reward, product recommendations, re-engagement email.",Automated Email Drip / App Push Notification
12375,7,1,230.3,230.3,87.0,7,Finland,Other,0,0.6343483301761929,63.4,Medium Risk,"Loyalty reward, product recommendations, re-engagement email.",Automated Email Drip / App Push Notification
17797,92,1,272.41,272.41,249.0,92,United Kingdom,United Kingdom,0,0.6340917834763992,63.4,Medium Risk,"Loyalty reward, product recommendations, re-engagement email.",Automated Email Drip / App Push Notification
15041,79,1,179.93,179.93,103.0,79,United Kingdom,United Kingdom,1,0.6340800100849975,63.4,Medium Risk,"Loyalty reward, product recommendations, re-engagement email.",Automated Email Drip / App Push Notification
17155,87,1,143.3,143.3,154.0,87,United Kingdom,United Kingdom,0,0.6339806815605054,63.4,Medium Risk,"Loyalty reward, product recommendations, re-engagement email.",Automated Email Drip / App Push Notification
15802,52,1,451.42,451.42,1.0,52,United Kingdom,United Kingdom,1,0.6337800166873477,63.4,Medium Risk,"Loyalty reward, product recommendations, re-engagement email.",Automated Email Drip / App Push Notification
14351,74,1,51.0,51.0,12.0,74,United Kingdom,United Kingdom,1,0.6336072194724225,63.4,Medium Risk,"Loyalty reward, product recommendations, re-engagement email.",Automated Email Drip / App Push Notification
12418,22,1,668.58,668.58,407.0,22,Switzerland,Other,1,0.6334638147808491,63.3,Medium Risk,"Loyalty reward, product recommendations, re-engagement email.",Automated Email Drip / App Push Notification
15537,72,1,110.92,110.92,29.0,72,United Kingdom,United Kingdom,1,0.6328902132665963,63.3,Medium Risk,"Loyalty reward, product recommendations, re-engagement email.",Automated Email Drip / App Push Notification
16967,98,1,319.02,319.02,333.0,98,United Kingdom,United Kingdom,1,0.632719572294061,63.3,Medium Risk,"Loyalty reward, product recommendations, re-engagement email.",Automated Email Drip / App Push Notification
13833,68,1,383.85,383.85,117.0,68,United Kingdom,United Kingdom,1,0.6325139694815709,63.3,Medium Risk,"Loyalty reward, product recommendations, re-engagement email.",Automated Email Drip / App Push Notification
12690,115,1,389.01,389.01,106.0,115,France,France,1,0.6324441165410835,63.2,Medium Risk,"Loyalty reward, product recommendations, re-engagement email.",Automated Email Drip / App Push Notification
12904,81,1,244.69,244.69,165.0,81,United Kingdom,United Kingdom,0,0.6324278754471878,63.2,Medium Risk,"Loyalty reward, product recommendations, re-engagement email.",Automated Email Drip / App Push Notification
14081,211,2,921.62,460.81,296.0,278,United Kingdom,United Kingdom,1,0.6323706790654672,63.2,Medium Risk,"Loyalty reward, product recommendations, re-engagement email.",Automated Email Drip / App Push Notification
16200,73,1,550.57,550.57,231.0,73,United Kingdom,United Kingdom,0,0.6323559966748863,63.2,Medium Risk,"Loyalty reward, product recommendations, re-engagement email.",Automated Email Drip / App Push Notification
17408,72,1,32.65,32.65,3.0,72,United Kingdom,United Kingdom,1,0.6322003486975672,63.2,Medium Risk,"Loyalty reward, product recommendations, re-engagement email.",Automated Email Drip / App Push Notification
15584,71,1,150.4,150.4,48.0,71,United Kingdom,United Kingdom,0,0.6319377241456803,63.2,Medium Risk,"Loyalty reward, product recommendations, re-engagement email.",Automated Email Drip / App Push Notification
18072,95,1,247.44,247.44,288.0,95,United Kingdom,United Kingdom,1,0.6317769487218072,63.2,Medium Risk,"Loyalty reward, product recommendations, re-engagement email.",Automated Email Drip / App Push Notification
14503,88,1,597.07,597.07,381.0,88,United Kingdom,United Kingdom,0,0.6316965086505678,63.2,Medium Risk,"Loyalty reward, product recommendations, re-engagement email.",Automated Email Drip / App Push Notification
13300,78,1,371.89,371.89,203.0,78,United Kingdom,United Kingdom,1,0.6316705061829768,63.2,Medium Risk,"Loyalty reward, product recommendations, re-engagement email.",Automated Email Drip / App Push Notification
17987,94,1,198.57,198.57,261.0,94,United Kingdom,United Kingdom,1,0.6315831022747191,63.2,Medium Risk,"Loyalty reward, product recommendations, re-engagement email.",Automated Email Drip / App Push Notification
15130,79,1,330.11,330.11,197.0,79,United Kingdom,United Kingdom,1,0.6313313814189713,63.1,Medium Risk,"Loyalty reward, product recommendations, re-engagement email.",Automated Email Drip / App Push Notification
13699,64,1,308.58000000000004,308.58000000000004,66.0,64,United Kingdom,United Kingdom,1,0.63122200525626,63.1,Medium Risk,"Loyalty reward, product recommendations, re-engagement email.",Automated Email Drip / App Push Notification
18112,75,1,196.64,196.64,110.0,75,United Kingdom,United Kingdom,0,0.6310658516465523,63.1,Medium Risk,"Loyalty reward, product recommendations, re-engagement email.",Automated Email Drip / App Push Notification
18193,74,1,243.76,243.76,124.0,74,United Kingdom,United Kingdom,1,0.6308764594181877,63.1,Medium Risk,"Loyalty reward, product recommendations, re-engagement email.",Automated Email Drip / App Push Notification
17159,81,1,528.45,528.45,305.0,81,United Kingdom,United Kingdom,0,0.6307039713397357,63.1,Medium Risk,"Loyalty reward, product recommendations, re-engagement email.",Automated Email Drip / App Push Notification
14327,72,1,311.65,311.65,139.0,72,United Kingdom,United Kingdom,1,0.6306577753636072,63.1,Medium Risk,"Loyalty reward, product recommendations, re-engagement email.",Automated Email Drip / App Push Notification
15578,71,1,127.1,127.1,52.0,71,United Kingdom,United Kingdom,1,0.6306466137088843,63.1,Medium Risk,"Loyalty reward, product recommendations, re-engagement email.",Automated Email Drip / App Push Notification
13937,78,1,158.85,158.85,123.0,78,United Kingdom,United Kingdom,1,0.6306435101181074,63.1,Medium Risk,"Loyalty reward, product recommendations, re-engagement email.",Automated Email Drip / App Push Notification
18165,86,1,302.46000000000004,302.46000000000004,254.0,86,United Kingdom,United Kingdom,1,0.6302734604449681,63.0,Medium Risk,"Loyalty reward, product recommendations, re-engagement email.",Automated Email Drip / App Push Notification
15585,86,1,455.3,455.3,320.0,86,United Kingdom,United Kingdom,1,0.6302143620948215,63.0,Medium Risk,"Loyalty reward, product recommendations, re-engagement email.",Automated Email Drip / App Push Notification
13849,80,1,593.5799999999999,593.5799999999999,332.0,80,United Kingdom,United Kingdom,0,0.630024084987541,63.0,Medium Risk,"Loyalty reward, product recommendations, re-engagement email.",Automated Email Drip / App Push Notification
16344,67,1,101.10000000000001,101.10000000000001,18.0,67,United Kingdom,United Kingdom,1,0.6297289931474086,63.0,Medium Risk,"Loyalty reward, product recommendations, re-engagement email.",Automated Email Drip / App Push Notification
14154,148,2,1345.62,672.81,232.5,148,United Kingdom,United Kingdom,1,0.6296581915326813,63.0,Medium Risk,"Loyalty reward, product recommendations, re-engagement email.",Automated Email Drip / App Push Notification
17939,69,1,99.14,99.14,40.0,69,United Kingdom,United Kingdom,1,0.6291321845245745,62.9,Medium Risk,"Loyalty reward, product recommendations, re-engagement email.",Automated Email Drip / App Push Notification
15186,77,1,229.26,229.26,162.0,77,United Kingdom,United Kingdom,0,0.6290610455343892,62.9,Medium Risk,"Loyalty reward, product recommendations, re-engagement email.",Automated Email Drip / App Push Notification
18203,66,1,160.42000000000002,160.42000000000002,43.0,66,United Kingdom,United Kingdom,1,0.6290034457389819,62.9,Medium Risk,"Loyalty reward, product recommendations, re-engagement email.",Automated Email Drip / App Push Notification
15424,163,2,383.34,191.67,277.0,163,United Kingdom,United Kingdom,1,0.628966799721354,62.9,Medium Risk,"Loyalty reward, product recommendations, re-engagement email.",Automated Email Drip / App Push Notification
13395,94,1,307.72,307.72,336.0,94,United Kingdom,United Kingdom,1,0.6289614595121974,62.9,Medium Risk,"Loyalty reward, product recommendations, re-engagement email.",Automated Email Drip / App Push Notification
13919,31,1,213.15,213.15,338.0,31,Denmark,Other,0,0.6286567991349095,62.9,Medium Risk,"Loyalty reward, product recommendations, re-engagement email.",Automated Email Drip / App Push Notification
17991,134,2,93.35,46.675,12.5,135,United Kingdom,United Kingdom,1,0.6285116202763792,62.9,Medium Risk,"Loyalty reward, product recommendations, re-engagement email.",Automated Email Drip / App Push Notification
13936,89,1,376.58,376.58,330.0,89,United Kingdom,United Kingdom,1,0.6284473738852133,62.8,Medium Risk,"Loyalty reward, product recommendations, re-engagement email.",Automated Email Drip / App Push Notification
16824,73,1,222.9,222.9,134.0,73,United Kingdom,United Kingdom,0,0.6283643677181625,62.8,Medium Risk,"Loyalty reward, product recommendations, re-engagement email.",Automated Email Drip / App Push Notification
16009,69,1,441.59000000000003,441.59000000000003,196.0,69,United Kingdom,United Kingdom,0,0.6282464237891774,62.8,Medium Risk,"Loyalty reward, product recommendations, re-engagement email.",Automated Email Drip / App Push Notification
15280,81,1,113.12,113.12,154.0,81,United Kingdom,United Kingdom,1,0.6282382004444466,62.8,Medium Risk,"Loyalty reward, product recommendations, re-engagement email.",Automated Email Drip / App Push Notification
16825,95,1,318.7,318.7,358.0,95,United Kingdom,United Kingdom,0,0.628116937094294,62.8,Medium Risk,"Loyalty reward, product recommendations, re-engagement email.",Automated Email Drip / App Push Notification
15007,68,1,156.91,156.91,69.0,68,United Kingdom,United Kingdom,1,0.6279735447969043,62.8,Medium Risk,"Loyalty reward, product recommendations, re-engagement email.",Automated Email Drip / App Push Notification
16861,67,1,70.80000000000001,70.80000000000001,24.0,67,United Kingdom,United Kingdom,0,0.6279714045025631,62.8,Medium Risk,"Loyalty reward, product recommendations, re-engagement email.",Automated Email Drip / App Push Notification
12739,8,1,975.54,975.54,485.0,8,United Arab Emirates,Other,0,0.6277727395101845,62.8,Medium Risk,"Loyalty reward, product recommendations, re-engagement email.",Automated Email Drip / App Push Notification
14459,64,1,1837.92,1837.92,760.0,64,United Kingdom,United Kingdom,1,0.627517348382601,62.8,Medium Risk,"Loyalty reward, product recommendations, re-engagement email.",Automated Email Drip / App Push Notification
13302,64,1,63.75,63.75,5.0,64,United Kingdom,United Kingdom,1,0.6271720352809803,62.7,Medium Risk,"Loyalty reward, product recommendations, re-engagement email.",Automated Email Drip / App Push Notification
17109,141,2,464.59000000000003,232.29500000000002,124.0,141,United Kingdom,United Kingdom,0,0.6271008638427169,62.7,Medium Risk,"Loyalty reward, product recommendations, re-engagement email.",Automated Email Drip / App Push Notification
14000,120,1,635.66,635.66,710.0,120,United Kingdom,United Kingdom,1,0.6270498794528071,62.7,Medium Risk,"Loyalty reward, product recommendations, re-engagement email.",Automated Email Drip / App Push Notification
15057,184,2,1489.5,744.75,334.0,225,United Kingdom,United Kingdom,1,0.6269124124679838,62.7,Medium Risk,"Loyalty reward, product recommendations, re-engagement email.",Automated Email Drip / App Push Notification
16671,74,1,1382.88,1382.88,656.0,74,United Kingdom,United Kingdom,0,0.6267173393449588,62.7,Medium Risk,"Loyalty reward, product recommendations, re-engagement email.",Automated Email Drip / App Push Notification
16338,66,1,214.79999999999998,214.79999999999998,94.0,66,United Kingdom,United Kingdom,1,0.6264280151250369,62.6,Medium Risk,"Loyalty reward, product recommendations, re-engagement email.",Automated Email Drip / App Push Notification
12977,65,1,39.239999999999995,39.239999999999995,12.0,65,United Kingdom,United Kingdom,1,0.6263093865731798,62.6,Medium Risk,"Loyalty reward, product recommendations, re-engagement email.",Automated Email Drip / App Push Notification
15230,148,2,429.6,214.8,175.5,150,United Kingdom,United Kingdom,1,0.6262874769430967,62.6,Medium Risk,"Loyalty reward, product recommendations, re-engagement email.",Automated Email Drip / App Push Notification
13707,176,2,806.41,403.205,175.5,224,United Kingdom,United Kingdom,1,0.6261317735057527,62.6,Medium Risk,"Loyalty reward, product recommendations, re-engagement email.",Automated Email Drip / App Push Notification
18265,67,1,488.55,488.55,224.0,67,United Kingdom,United Kingdom,0,0.6259879224316275,62.6,Medium Risk,"Loyalty reward, product recommendations, re-engagement email.",Automated Email Drip / App Push Notification
13780,80,1,116.28000000000002,116.28000000000002,173.0,80,United Kingdom,United Kingdom,0,0.6258371374072682,62.6,Medium Risk,"Loyalty reward, product recommendations, re-engagement email.",Automated Email Drip / App Push Notification
14566,20,1,1432.0,1432.0,800.0,20,Channel Islands,Other,1,0.6257827629490309,62.6,Medium Risk,"Loyalty reward, product recommendations, re-engagement email.",Automated Email Drip / App Push Notification
12794,8,1,317.0,317.0,227.0,8,Portugal,Other,0,0.625577445119198,62.6,Medium Risk,"Loyalty reward, product recommendations, re-engagement email.",Automated Email Drip / App Push Notification
16829,66,1,197.22,197.22,99.0,66,United Kingdom,United Kingdom,1,0.6252636491658179,62.5,Medium Risk,"Loyalty reward, product recommendations, re-engagement email.",Automated Email Drip / App Push Notification
16616,66,1,210.10000000000002,210.10000000000002,110.0,66,United Kingdom,United Kingdom,0,0.6247523602698499,62.5,Medium Risk,"Loyalty reward, product recommendations, re-engagement email.",Automated Email Drip / App Push Notification
15840,82,1,241.74,241.74,256.0,82,United Kingdom,United Kingdom,0,0.6246317423081376,62.5,Medium Risk,"Loyalty reward, product recommendations, re-engagement email.",Automated Email Drip / App Push Notification
13115,93,1,878.55,878.55,621.0,93,United Kingdom,United Kingdom,0,0.6243999980912374,62.4,Medium Risk,"Loyalty reward, product recommendations, re-engagement email.",Automated Email Drip / App Push Notification
17892,64,1,142.1,142.1,69.0,64,United Kingdom,United Kingdom,0,0.6243353744154648,62.4,Medium Risk,"Loyalty reward, product recommendations, re-engagement email.",Automated Email Drip / App Push Notification
13681,64,1,203.46,203.46,96.0,64,United Kingdom,United Kingdom,0,0.6242646052599555,62.4,Medium Risk,"Loyalty reward, product recommendations, re-engagement email.",Automated Email Drip / App Push Notification
16247,79,1,114.56,114.56,182.0,79,United Kingdom,United Kingdom,1,0.6241675048534304,62.4,Medium Risk,"Loyalty reward, product recommendations, re-engagement email.",Automated Email Drip / App Push Notification
13058,61,1,47.550000000000004,47.550000000000004,9.0,61,United Kingdom,United Kingdom,0,0.6238667147379368,62.4,Medium Risk,"Loyalty reward, product recommendations, re-engagement email.",Automated Email Drip / App Push Notification
15253,79,1,173.85,173.85,211.0,79,United Kingdom,United Kingdom,0,0.6238278138580797,62.4,Medium Risk,"Loyalty reward, product recommendations, re-engagement email.",Automated Email Drip / App Push Notification
13618,83,1,177.34,177.34,246.0,83,United Kingdom,United Kingdom,1,0.6237612568316417,62.4,Medium Risk,"Loyalty reward, product recommendations, re-engagement email.",Automated Email Drip / App Push Notification
14690,61,1,212.56,212.56,84.0,61,United Kingdom,United Kingdom,0,0.6234533279206474,62.3,Medium Risk,"Loyalty reward, product recommendations, re-engagement email.",Automated Email Drip / App Push Notification
13207,60,1,197.52000000000004,197.52000000000004,72.0,60,United Kingdom,United Kingdom,0,0.6232080255215078,62.3,Medium Risk,"Loyalty reward, product recommendations, re-engagement email.",Automated Email Drip / App Push Notification
14857,57,1,522.52,522.52,188.0,57,United Kingdom,United Kingdom,0,0.6230578513679821,62.3,Medium Risk,"Loyalty reward, product recommendations, re-engagement email.",Automated Email Drip / App Push Notification
13338,67,1,487.02,487.02,256.0,67,United Kingdom,United Kingdom,1,0.6229461140949146,62.3,Medium Risk,"Loyalty reward, product recommendations, re-engagement email.",Automated Email Drip / App Push Notification
15386,95,1,394.14,394.14,446.0,95,United Kingdom,United Kingdom,1,0.6229307012482131,62.3,Medium Risk,"Loyalty reward, product recommendations, re-engagement email.",Automated Email Drip / App Push Notification
13497,192,2,348.05,174.025,81.5,278,United Kingdom,United Kingdom,1,0.6229112945806166,62.3,Medium Risk,"Loyalty reward, product recommendations, re-engagement email.",Automated Email Drip / App Push Notification
14383,73,1,242.09,242.09,201.0,73,United Kingdom,United Kingdom,0,0.6228944894521059,62.3,Medium Risk,"Loyalty reward, product recommendations, re-engagement email.",Automated Email Drip / App Push Notification
17031,64,1,225.95,225.95,125.0,64,United Kingdom,United Kingdom,0,0.6224570001797273,62.2,Medium Risk,"Loyalty reward, product recommendations, re-engagement email.",Automated Email Drip / App Push Notification
13959,190,2,337.44,168.72,99.0,271,United Kingdom,United Kingdom,0,0.6223463583605849,62.2,Medium Risk,"Loyalty reward, product recommendations, re-engagement email.",Automated Email Drip / App Push Notification
12556,60,1,308.75,308.75,163.0,60,Spain,Spain,0,0.6221583111593129,62.2,Medium Risk,"Loyalty reward, product recommendations, re-engagement email.",Automated Email Drip / App Push Notification
13669,59,1,48.150000000000006,48.150000000000006,13.0,59,United Kingdom,United Kingdom,0,0.6219875678528368,62.2,Medium Risk,"Loyalty reward, product recommendations, re-engagement email.",Automated Email Drip / App Push Notification
14567,39,1,800.76,800.76,172.0,39,United Kingdom,United Kingdom,0,0.6218833137383457,62.2,Medium Risk,"Loyalty reward, product recommendations, re-engagement email.",Automated Email Drip / App Push Notification
12527,204,2,284.92,142.46,110.5,235,Germany,Germany,0,0.6218641912497099,62.2,Medium Risk,"Loyalty reward, product recommendations, re-engagement email.",Automated Email Drip / App Push Notification
17266,57,1,113.06,113.06,27.0,57,United Kingdom,United Kingdom,0,0.621741142228634,62.2,Medium Risk,"Loyalty reward, product recommendations, re-engagement email.",Automated Email Drip / App Push Notification
14847,58,1,309.4,309.4,120.0,58,United Kingdom,United Kingdom,1,0.6216629093368429,62.2,Medium Risk,"Loyalty reward, product recommendations, re-engagement email.",Automated Email Drip / App Push Notification
12457,143,3,1067.25,355.75,132.33333333333334,148,Switzerland,Other,0,0.6216148551929913,62.2,Medium Risk,"Loyalty reward, product recommendations, re-engagement email.",Automated Email Drip / App Push Notification
17501,130,2,288.6,144.3,80.0,130,United Kingdom,United Kingdom,1,0.6213333840372526,62.1,Medium Risk,"Loyalty reward, product recommendations, re-engagement email.",Automated Email Drip / App Push Notification
17123,71,1,345.29999999999995,345.29999999999995,246.0,71,United Kingdom,United Kingdom,1,0.621282727218199,62.1,Medium Risk,"Loyalty reward, product recommendations, re-engagement email.",Automated Email Drip / App Push Notification
16110,171,2,678.18,339.09,171.0,220,United Kingdom,United Kingdom,0,0.6211249453542305,62.1,Medium Risk,"Loyalty reward, product recommendations, re-engagement email.",Automated Email Drip / App Push Notification
14029,53,1,165.20000000000002,165.20000000000002,24.0,53,United Kingdom,United Kingdom,0,0.6210406204932006,62.1,Medium Risk,"Loyalty reward, product recommendations, re-engagement email.",Automated Email Drip / App Push Notification
14552,61,1,164.22,164.22,90.0,61,United Kingdom,United Kingdom,1,0.6209628322058172,62.1,Medium Risk,"Loyalty reward, product recommendations, re-engagement email.",Automated Email Drip / App Push Notification
17507,171,2,605.58,302.79,179.5,218,United Kingdom,United Kingdom,1,0.6208007981307212,62.1,Medium Risk,"Loyalty reward, product recommendations, re-engagement email.",Automated Email Drip / App Push Notification
15076,82,1,880.85,880.85,571.0,82,United Kingdom,United Kingdom,1,0.6207412882843207,62.1,Medium Risk,"Loyalty reward, product recommendations, re-engagement email.",Automated Email Drip / App Push Notification
15389,81,1,500.0,500.0,400.0,81,United Kingdom,United Kingdom,1,0.6207349537185003,62.1,Medium Risk,"Loyalty reward, product recommendations, re-engagement email.",Automated Email Drip / App Push Notification
13711,128,2,252.06,126.03,70.0,128,United Kingdom,United Kingdom,1,0.6204301595167458,62.0,Medium Risk,"Loyalty reward, product recommendations, re-engagement email.",Automated Email Drip / App Push Notification
18122,60,1,119.19,119.19,69.0,60,United Kingdom,United Kingdom,0,0.6203591120451789,62.0,Medium Risk,"Loyalty reward, product recommendations, re-engagement email.",Automated Email Drip / App Push Notification
14332,57,1,119.04,119.04,48.0,57,United Kingdom,United Kingdom,0,0.6200167193604338,62.0,Medium Risk,"Loyalty reward, product recommendations, re-engagement email.",Automated Email Drip / App Push Notification
17948,56,1,358.56000000000006,358.56000000000006,144.0,56,United Kingdom,United Kingdom,1,0.6198512132588135,62.0,Medium Risk,"Loyalty reward, product recommendations, re-engagement email.",Automated Email Drip / App Push Notification
14997,87,1,155.28,155.28,312.0,87,United Kingdom,United Kingdom,0,0.6197779891438745,62.0,Medium Risk,"Loyalty reward, product recommendations, re-engagement email.",Automated Email Drip / App Push Notification
17724,47,1,373.1,373.1,78.0,47,United Kingdom,United Kingdom,0,0.619704489693405,62.0,Medium Risk,"Loyalty reward, product recommendations, re-engagement email.",Automated Email Drip / App Push Notification
17135,199,2,500.55,250.275,210.0,281,United Kingdom,United Kingdom,0,0.6196907128497352,62.0,Medium Risk,"Loyalty reward, product recommendations, re-engagement email.",Automated Email Drip / App Push Notification
15895,59,1,179.17,179.17,94.0,59,United Kingdom,United Kingdom,1,0.619652718518229,62.0,Medium Risk,"Loyalty reward, product recommendations, re-engagement email.",Automated Email Drip / App Push Notification
12833,54,1,417.38,417.38,156.0,54,United Kingdom,United Kingdom,1,0.6195476617004977,62.0,Medium Risk,"Loyalty reward, product recommendations, re-engagement email.",Automated Email Drip / App Push Notification
17946,142,2,149.57999999999998,74.78999999999999,37.5,168,United Kingdom,United Kingdom,1,0.6193453940529022,61.9,Medium Risk,"Loyalty reward, product recommendations, re-engagement email.",Automated Email Drip / App Push Notification
15256,58,1,98.45,98.45,55.0,58,United Kingdom,United Kingdom,1,0.6193045770181503,61.9,Medium Risk,"Loyalty reward, product recommendations, re-engagement email.",Automated Email Drip / App Push Notification
16050,83,1,137.9,137.9,278.0,83,United Kingdom,United Kingdom,1,0.6191950159584575,61.9,Medium Risk,"Loyalty reward, product recommendations, re-engagement email.",Automated Email Drip / App Push Notification
15026,149,2,230.78,115.39,40.5,186,United Kingdom,United Kingdom,0,0.619186112357629,61.9,Medium Risk,"Loyalty reward, product recommendations, re-engagement email.",Automated Email Drip / App Push Notification
14493,64,1,611.22,611.22,327.0,64,United Kingdom,United Kingdom,0,0.6189743825556938,61.9,Medium Risk,"Loyalty reward, product recommendations, re-engagement email.",Automated Email Drip / App Push Notification
13667,58,1,299.05,299.05,149.0,58,United Kingdom,United Kingdom,1,0.618535018368236,61.9,Medium Risk,"Loyalty reward, product recommendations, re-engagement email.",Automated Email Drip / App Push Notification
13291,65,1,361.11,361.11,233.0,65,United Kingdom,United Kingdom,1,0.6185283111653768,61.9,Medium Risk,"Loyalty reward, product recommendations, re-engagement email.",Automated Email Drip / App Push Notification
17899,68,1,154.55,154.55,170.0,68,United Kingdom,United Kingdom,1,0.6184589874549697,61.8,Medium Risk,"Loyalty reward, product recommendations, re-engagement email.",Automated Email Drip / App Push Notification
17464,67,1,289.96000000000004,289.96000000000004,220.0,67,United Kingdom,United Kingdom,1,0.6184317390677985,61.8,Medium Risk,"Loyalty reward, product recommendations, re-engagement email.",Automated Email Drip / App Push Notification
14517,51,1,252.45,252.45,73.0,51,United Kingdom,United Kingdom,0,0.6184115737110122,61.8,Medium Risk,"Loyalty reward, product recommendations, re-engagement email.",Automated Email Drip / App Push Notification
12426,104,1,582.73,582.73,258.0,104,Germany,Germany,1,0.6183265996413811,61.8,Medium Risk,"Loyalty reward, product recommendations, re-engagement email.",Automated Email Drip / App Push Notification
18101,52,1,110.23,110.23,25.0,52,United Kingdom,United Kingdom,0,0.6179782696534881,61.8,Medium Risk,"Loyalty reward, product recommendations, re-engagement email.",Automated Email Drip / App Push Notification
17015,94,1,520.55,520.55,546.0,94,United Kingdom,United Kingdom,0,0.6178661157690816,61.8,Medium Risk,"Loyalty reward, product recommendations, re-engagement email.",Automated Email Drip / App Push Notification
15149,43,1,520.8000000000001,520.8000000000001,128.0,43,United Kingdom,United Kingdom,1,0.6178651304803767,61.8,Medium Risk,"Loyalty reward, product recommendations, re-engagement email.",Automated Email Drip / App Push Notification
14665,206,3,731.66,243.88666666666666,89.33333333333333,220,United Kingdom,United Kingdom,0,0.6178607850018938,61.8,Medium Risk,"Loyalty reward, product recommendations, re-engagement email.",Automated Email Drip / App Push Notification
13967,55,1,80.7,80.7,42.0,55,United Kingdom,United Kingdom,1,0.6175061524845052,61.8,Medium Risk,"Loyalty reward, product recommendations, re-engagement email.",Automated Email Drip / App Push Notification
15850,77,1,116.16,116.16,239.0,77,United Kingdom,United Kingdom,0,0.6173681073452091,61.7,Medium Risk,"Loyalty reward, product recommendations, re-engagement email.",Automated Email Drip / App Push Notification
14697,127,2,188.60999999999999,94.30499999999999,90.5,127,United Kingdom,United Kingdom,1,0.6172102611334747,61.7,Medium Risk,"Loyalty reward, product recommendations, re-engagement email.",Automated Email Drip / App Push Notification
12364,21,1,623.92,623.92,555.0,21,Belgium,Other,0,0.6171510740573591,61.7,Medium Risk,"Loyalty reward, product recommendations, re-engagement email.",Automated Email Drip / App Push Notification
13109,66,1,369.85,369.85,260.0,66,United Kingdom,United Kingdom,0,0.6171154344304923,61.7,Medium Risk,"Loyalty reward, product recommendations, re-engagement email.",Automated Email Drip / App Push Notification
12917,37,1,594.0,594.0,120.0,37,United Kingdom,United Kingdom,1,0.6169374675645503,61.7,Medium Risk,"Loyalty reward, product recommendations, re-engagement email.",Automated Email Drip / App Push Notification
16546,200,2,787.15,393.575,274.5,282,United Kingdom,United Kingdom,1,0.6168119303209124,61.7,Medium Risk,"Loyalty reward, product recommendations, re-engagement email.",Automated Email Drip / App Push Notification
17194,183,2,262.62,131.31,59.5,270,United Kingdom,United Kingdom,1,0.6168112441593104,61.7,Medium Risk,"Loyalty reward, product recommendations, re-engagement email.",Automated Email Drip / App Push Notification
14277,121,1,1629.03,1629.03,855.0,121,France,France,0,0.616656216450349,61.7,Medium Risk,"Loyalty reward, product recommendations, re-engagement email.",Automated Email Drip / App Push Notification
16762,53,1,314.15000000000003,314.15000000000003,143.0,53,United Kingdom,United Kingdom,0,0.6158570641739604,61.6,Medium Risk,"Loyalty reward, product recommendations, re-engagement email.",Automated Email Drip / App Push Notification
17076,183,2,334.2,167.1,56.0,274,United Kingdom,United Kingdom,0,0.6155767768858058,61.6,Medium Risk,"Loyalty reward, product recommendations, re-engagement email.",Automated Email Drip / App Push Notification
17406,242,3,2184.42,728.14,260.0,276,United Kingdom,United Kingdom,1,0.6155327447743143,61.6,Medium Risk,"Loyalty reward, product recommendations, re-engagement email.",Automated Email Drip / App Push Notification
13311,59,1,490.11,490.11,271.0,59,United Kingdom,United Kingdom,0,0.6155223720278264,61.6,Medium Risk,"Loyalty reward, product recommendations, re-engagement email.",Automated Email Drip / App Push Notification
17053,40,1,498.48,498.48,122.0,40,United Kingdom,United Kingdom,1,0.6152224685810808,61.5,Medium Risk,"Loyalty reward, product recommendations, re-engagement email.",Automated Email Drip / App Push Notification
14722,56,1,180.42000000000002,180.42000000000002,118.0,56,United Kingdom,United Kingdom,1,0.6151431669497501,61.5,Medium Risk,"Loyalty reward, product recommendations, re-engagement email.",Automated Email Drip / App Push Notification
16450,59,1,311.92,311.92,200.0,59,United Kingdom,United Kingdom,1,0.6150332025396104,61.5,Medium Risk,"Loyalty reward, product recommendations, re-engagement email.",Automated Email Drip / App Push Notification
15623,50,1,301.03,301.03,125.0,50,United Kingdom,United Kingdom,1,0.6147093852634676,61.5,Medium Risk,"Loyalty reward, product recommendations, re-engagement email.",Automated Email Drip / App Push Notification
16364,46,1,346.3,346.3,114.0,46,United Kingdom,United Kingdom,0,0.6144803762433954,61.4,Medium Risk,"Loyalty reward, product recommendations, re-engagement email.",Automated Email Drip / App Push Notification
16287,79,1,142.5,142.5,298.0,79,United Kingdom,United Kingdom,1,0.6144231718424451,61.4,Medium Risk,"Loyalty reward, product recommendations, re-engagement email.",Automated Email Drip / App Push Notification
17984,54,1,152.68,152.68,98.0,54,United Kingdom,United Kingdom,1,0.6143661356810793,61.4,Medium Risk,"Loyalty reward, product recommendations, re-engagement email.",Automated Email Drip / App Push Notification
13884,186,3,196.25,65.41666666666667,21.666666666666668,192,United Kingdom,United Kingdom,0,0.6143219767667961,61.4,Medium Risk,"Loyalty reward, product recommendations, re-engagement email.",Automated Email Drip / App Push Notification
16557,46,1,101.15,101.15,13.0,46,United Kingdom,United Kingdom,0,0.6141191889615379,61.4,Medium Risk,"Loyalty reward, product recommendations, re-engagement email.",Automated Email Drip / App Push Notification
12424,72,2,1760.96,880.48,370.0,72,Australia,Other,1,0.6139826934970759,61.4,Medium Risk,"Loyalty reward, product recommendations, re-engagement email.",Automated Email Drip / App Push Notification
14100,47,1,191.95000000000002,191.95000000000002,63.0,47,United Kingdom,United Kingdom,1,0.6138394567808414,61.4,Medium Risk,"Loyalty reward, product recommendations, re-engagement email.",Automated Email Drip / App Push Notification
15223,135,2,755.75,377.875,106.5,159,United Kingdom,United Kingdom,1,0.6136412634879793,61.4,Medium Risk,"Loyalty reward, product recommendations, re-engagement email.",Automated Email Drip / App Push Notification
14259,51,1,120.0,120.0,68.0,51,United Kingdom,United Kingdom,1,0.6135592344483776,61.4,Medium Risk,"Loyalty reward, product recommendations, re-engagement email.",Automated Email Drip / App Push Notification
14117,53,1,90.0,90.0,72.0,53,United Kingdom,United Kingdom,1,0.6135184852910817,61.4,Medium Risk,"Loyalty reward, product recommendations, re-engagement email.",Automated Email Drip / App Push Notification
16054,54,1,783.9,783.9,380.0,54,United Kingdom,United Kingdom,1,0.6132304803364204,61.3,Medium Risk,"Loyalty reward, product recommendations, re-engagement email.",Automated Email Drip / App Push Notification
13991,52,1,126.35,126.35,83.0,52,United Kingdom,United Kingdom,0,0.6131743238193604,61.3,Medium Risk,"Loyalty reward, product recommendations, re-engagement email.",Automated Email Drip / App Push Notification
17040,47,1,449.73,449.73,181.0,47,United Kingdom,United Kingdom,1,0.6131084237363695,61.3,Medium Risk,"Loyalty reward, product recommendations, re-engagement email.",Automated Email Drip / App Push Notification
13718,155,2,306.55,153.275,86.5,205,United Kingdom,United Kingdom,1,0.6130889112386786,61.3,Medium Risk,"Loyalty reward, product recommendations, re-engagement email.",Automated Email Drip / App Push Notification
16474,54,1,341.35,341.35,193.0,54,United Kingdom,United Kingdom,0,0.6130179914080903,61.3,Medium Risk,"Loyalty reward, product recommendations, re-engagement email.",Automated Email Drip / App Push Notification
17866,52,1,329.65,329.65,174.0,52,United Kingdom,United Kingdom,1,0.6127917877952418,61.3,Medium Risk,"Loyalty reward, product recommendations, re-engagement email.",Automated Email Drip / App Push Notification
14222,86,1,683.17,683.17,607.0,86,United Kingdom,United Kingdom,1,0.6125020824715662,61.3,Medium Risk,"Loyalty reward, product recommendations, re-engagement email.",Automated Email Drip / App Push Notification
16957,148,2,416.64,208.32,86.0,191,United Kingdom,United Kingdom,1,0.6124527783096795,61.2,Medium Risk,"Loyalty reward, product recommendations, re-engagement email.",Automated Email Drip / App Push Notification
13563,49,1,310.88,310.88,146.0,49,United Kingdom,United Kingdom,0,0.6123560551395507,61.2,Medium Risk,"Loyalty reward, product recommendations, re-engagement email.",Automated Email Drip / App Push Notification
18127,43,1,139.6,139.6,28.0,43,United Kingdom,United Kingdom,0,0.6119375384529165,61.2,Medium Risk,"Loyalty reward, product recommendations, re-engagement email.",Automated Email Drip / App Push Notification
17796,223,3,614.1,204.70000000000002,52.666666666666664,279,United Kingdom,United Kingdom,0,0.6119303796311684,61.2,Medium Risk,"Loyalty reward, product recommendations, re-engagement email.",Automated Email Drip / App Push Notification
12922,70,1,405.38,405.38,370.0,70,United Kingdom,United Kingdom,1,0.6112785698312722,61.1,Medium Risk,"Loyalty reward, product recommendations, re-engagement email.",Automated Email Drip / App Push Notification
16178,47,1,197.9,197.9,94.0,47,United Kingdom,United Kingdom,1,0.6111567131859517,61.1,Medium Risk,"Loyalty reward, product recommendations, re-engagement email.",Automated Email Drip / App Push Notification
12790,101,1,324.92,324.92,166.0,101,Netherlands,Netherlands,1,0.6110913267294228,61.1,Medium Risk,"Loyalty reward, product recommendations, re-engagement email.",Automated Email Drip / App Push Notification
14143,43,1,115.8,115.8,30.0,43,United Kingdom,United Kingdom,1,0.6107881820827368,61.1,Medium Risk,"Loyalty reward, product recommendations, re-engagement email.",Automated Email Drip / App Push Notification
17584,36,1,749.45,749.45,245.0,36,United Kingdom,United Kingdom,0,0.6106550128565609,61.1,Medium Risk,"Loyalty reward, product recommendations, re-engagement email.",Automated Email Drip / App Push Notification
17816,178,2,21.31,10.655,11.0,274,United Kingdom,United Kingdom,0,0.6106086829013468,61.1,Medium Risk,"Loyalty reward, product recommendations, re-engagement email.",Automated Email Drip / App Push Notification
13194,45,1,60.7,60.7,26.0,45,United Kingdom,United Kingdom,1,0.6104891179437999,61.0,Medium Risk,"Loyalty reward, product recommendations, re-engagement email.",Automated Email Drip / App Push Notification
17660,50,1,178.75,178.75,121.0,50,United Kingdom,United Kingdom,1,0.610156165918772,61.0,Medium Risk,"Loyalty reward, product recommendations, re-engagement email.",Automated Email Drip / App Push Notification
16217,144,2,304.25,152.125,45.5,191,United Kingdom,United Kingdom,1,0.6100587258707109,61.0,Medium Risk,"Loyalty reward, product recommendations, re-engagement email.",Automated Email Drip / App Push Notification
15901,64,1,110.49,110.49,209.0,64,United Kingdom,United Kingdom,0,0.6099280665343414,61.0,Medium Risk,"Loyalty reward, product recommendations, re-engagement email.",Automated Email Drip / App Push Notification
18268,43,1,25.5,25.5,2.0,43,United Kingdom,United Kingdom,1,0.6097851912525567,61.0,Medium Risk,"Loyalty reward, product recommendations, re-engagement email.",Automated Email Drip / App Push Notification
15839,57,1,299.18,299.18,234.0,57,United Kingdom,United Kingdom,0,0.609767776988109,61.0,Medium Risk,"Loyalty reward, product recommendations, re-engagement email.",Automated Email Drip / App Push Notification
16221,185,2,315.37,157.685,133.5,276,United Kingdom,United Kingdom,0,0.6096582511259111,61.0,Medium Risk,"Loyalty reward, product recommendations, re-engagement email.",Automated Email Drip / App Push Notification
13106,42,1,76.5,76.5,18.0,42,United Kingdom,United Kingdom,1,0.6095594215441679,61.0,Medium Risk,"Loyalty reward, product recommendations, re-engagement email.",Automated Email Drip / App Push Notification
15004,56,1,1220.77,1220.77,623.0,56,United Kingdom,United Kingdom,1,0.6094763151983513,60.9,Medium Risk,"Loyalty reward, product recommendations, re-engagement email.",Automated Email Drip / App Push Notification
17649,47,1,868.49,868.49,399.0,47,United Kingdom,United Kingdom,1,0.6094350066852591,60.9,Medium Risk,"Loyalty reward, product recommendations, re-engagement email.",Automated Email Drip / App Push Notification
15858,198,2,816.22,408.11,362.5,276,United Kingdom,United Kingdom,0,0.6093902465874343,60.9,Medium Risk,"Loyalty reward, product recommendations, re-engagement email.",Automated Email Drip / App Push Notification
17694,51,1,283.12,283.12,184.0,51,United Kingdom,United Kingdom,1,0.6091949964773901,60.9,Medium Risk,"Loyalty reward, product recommendations, re-engagement email.",Automated Email Drip / App Push Notification
17958,26,1,508.4599999999999,508.4599999999999,84.0,26,United Kingdom,United Kingdom,1,0.6083820050642162,60.8,Medium Risk,"Loyalty reward, product recommendations, re-engagement email.",Automated Email Drip / App Push Notification
13224,60,1,1212.26,1212.26,665.0,60,United Kingdom,United Kingdom,0,0.608261133580761,60.8,Medium Risk,"Loyalty reward, product recommendations, re-engagement email.",Automated Email Drip / App Push Notification
18048,112,2,172.29000000000002,86.14500000000001,63.5,112,United Kingdom,United Kingdom,1,0.6080257482671962,60.8,Medium Risk,"Loyalty reward, product recommendations, re-engagement email.",Automated Email Drip / App Push Notification
14649,121,2,582.12,291.06,174.5,121,United Kingdom,United Kingdom,0,0.6079675761103972,60.8,Medium Risk,"Loyalty reward, product recommendations, re-engagement email.",Automated Email Drip / App Push Notification
12620,114,1,561.66,561.66,434.0,114,France,France,0,0.6079012473515035,60.8,Medium Risk,"Loyalty reward, product recommendations, re-engagement email.",Automated Email Drip / App Push Notification
15506,48,1,208.77,208.77,144.0,48,United Kingdom,United Kingdom,0,0.6076438355401886,60.8,Medium Risk,"Loyalty reward, product recommendations, re-engagement email.",Automated Email Drip / App Push Notification
13296,46,1,87.4,87.4,78.0,46,United Kingdom,United Kingdom,1,0.6074259702248606,60.7,Medium Risk,"Loyalty reward, product recommendations, re-engagement email.",Automated Email Drip / App Push Notification
15438,40,1,156.57999999999998,156.57999999999998,59.0,40,United Kingdom,United Kingdom,1,0.607368598940043,60.7,Medium Risk,"Loyalty reward, product recommendations, re-engagement email.",Automated Email Drip / App Push Notification
17962,51,1,102.41,102.41,127.0,51,United Kingdom,United Kingdom,1,0.6072754359615787,60.7,Medium Risk,"Loyalty reward, product recommendations, re-engagement email.",Automated Email Drip / App Push Notification
16980,164,2,1028.46,514.23,369.5,200,United Kingdom,United Kingdom,1,0.6070292500713366,60.7,Medium Risk,"Loyalty reward, product recommendations, re-engagement email.",Automated Email Drip / App Push Notification
12372,122,2,914.9200000000001,457.46000000000004,296.0,206,Denmark,Other,0,0.606866805052448,60.7,Medium Risk,"Loyalty reward, product recommendations, re-engagement email.",Automated Email Drip / App Push Notification
14593,108,2,339.59,169.795,59.0,108,United Kingdom,United Kingdom,0,0.6067609188456339,60.7,Medium Risk,"Loyalty reward, product recommendations, re-engagement email.",Automated Email Drip / App Push Notification
17331,33,1,175.2,175.2,16.0,33,United Kingdom,United Kingdom,1,0.6067597292806148,60.7,Medium Risk,"Loyalty reward, product recommendations, re-engagement email.",Automated Email Drip / App Push Notification
17887,38,1,111.35,111.35,30.0,38,United Kingdom,United Kingdom,1,0.6067300293510093,60.7,Medium Risk,"Loyalty reward, product recommendations, re-engagement email.",Automated Email Drip / App Push Notification
15367,155,2,1416.18,708.09,375.0,184,United Kingdom,United Kingdom,0,0.6066168018690697,60.7,Medium Risk,"Loyalty reward, product recommendations, re-engagement email.",Automated Email Drip / App Push Notification
17779,53,1,323.09,323.09,248.0,53,United Kingdom,United Kingdom,0,0.606305868329734,60.6,Medium Risk,"Loyalty reward, product recommendations, re-engagement email.",Automated Email Drip / App Push Notification
14972,37,1,114.77,114.77,28.0,37,United Kingdom,United Kingdom,1,0.6062810721322945,60.6,Medium Risk,"Loyalty reward, product recommendations, re-engagement email.",Automated Email Drip / App Push Notification
17788,39,1,16.7,16.7,3.0,39,United Kingdom,United Kingdom,0,0.6062296240652335,60.6,Medium Risk,"Loyalty reward, product recommendations, re-engagement email.",Automated Email Drip / App Push Notification
14720,36,1,155.8,155.8,40.0,36,United Kingdom,United Kingdom,0,0.6060295813221128,60.6,Medium Risk,"Loyalty reward, product recommendations, re-engagement email.",Automated Email Drip / App Push Notification
12732,89,1,236.26000000000002,236.26000000000002,111.0,89,France,France,1,0.6059001720528037,60.6,Medium Risk,"Loyalty reward, product recommendations, re-engagement email.",Automated Email Drip / App Push Notification
16149,51,1,163.68,163.68,168.0,51,United Kingdom,United Kingdom,0,0.6058726636143038,60.6,Medium Risk,"Loyalty reward, product recommendations, re-engagement email.",Automated Email Drip / App Push Notification
17405,59,1,393.31,393.31,334.0,59,United Kingdom,United Kingdom,0,0.60566279246916,60.6,Medium Risk,"Loyalty reward, product recommendations, re-engagement email.",Automated Email Drip / App Push Notification
12844,39,1,174.88,174.88,77.0,39,United Kingdom,United Kingdom,0,0.6056268786579189,60.6,Medium Risk,"Loyalty reward, product recommendations, re-engagement email.",Automated Email Drip / App Push Notification
15105,44,1,532.98,532.98,274.0,44,United Kingdom,United Kingdom,0,0.6053547744423224,60.5,Medium Risk,"Loyalty reward, product recommendations, re-engagement email.",Automated Email Drip / App Push Notification
15145,136,2,724.03,362.015,219.0,157,United Kingdom,United Kingdom,0,0.6051450721504853,60.5,Medium Risk,"Loyalty reward, product recommendations, re-engagement email.",Automated Email Drip / App Push Notification
14731,115,2,251.01999999999998,125.50999999999999,91.0,121,United Kingdom,United Kingdom,0,0.6051418107816581,60.5,Medium Risk,"Loyalty reward, product recommendations, re-engagement email.",Automated Email Drip / App Push Notification
14768,36,1,133.20000000000002,133.20000000000002,40.0,36,United Kingdom,United Kingdom,0,0.6051125941339464,60.5,Medium Risk,"Loyalty reward, product recommendations, re-engagement email.",Automated Email Drip / App Push Notification
15776,42,1,241.62,241.62,138.0,42,United Kingdom,United Kingdom,1,0.604880571011754,60.5,Medium Risk,"Loyalty reward, product recommendations, re-engagement email.",Automated Email Drip / App Push Notification
13116,47,1,501.14,501.14,291.0,47,United Kingdom,United Kingdom,1,0.6047832427266038,60.5,Medium Risk,"Loyalty reward, product recommendations, re-engagement email.",Automated Email Drip / App Push Notification
16902,25,1,1706.88,1706.88,629.0,25,United Kingdom,United Kingdom,1,0.6045237017738838,60.5,Medium Risk,"Loyalty reward, product recommendations, re-engagement email.",Automated Email Drip / App Push Notification
14920,122,2,977.77,488.885,254.5,122,United Kingdom,United Kingdom,1,0.6045096123169513,60.5,Medium Risk,"Loyalty reward, product recommendations, re-engagement email.",Automated Email Drip / App Push Notification
17046,66,1,642.02,642.02,510.0,66,United Kingdom,United Kingdom,1,0.6044999060620935,60.4,Medium Risk,"Loyalty reward, product recommendations, re-engagement email.",Automated Email Drip / App Push Notification
13023,39,1,336.40000000000003,336.40000000000003,159.0,39,United Kingdom,United Kingdom,0,0.6043998285075285,60.4,Medium Risk,"Loyalty reward, product recommendations, re-engagement email.",Automated Email Drip / App Push Notification
15205,36,1,476.29999999999995,476.29999999999995,196.0,36,United Kingdom,United Kingdom,0,0.604231961475892,60.4,Medium Risk,"Loyalty reward, product recommendations, re-engagement email.",Automated Email Drip / App Push Notification
17047,114,2,749.4300000000001,374.71500000000003,176.0,114,United Kingdom,United Kingdom,0,0.6037991220357279,60.4,Medium Risk,"Loyalty reward, product recommendations, re-engagement email.",Automated Email Drip / App Push Notification
15051,59,1,377.74,377.74,351.0,59,United Kingdom,United Kingdom,0,0.6034160715047492,60.3,Medium Risk,"Loyalty reward, product recommendations, re-engagement email.",Automated Email Drip / App Push Notification
16305,48,1,361.21999999999997,361.21999999999997,256.0,48,United Kingdom,United Kingdom,1,0.6032024649211162,60.3,Medium Risk,"Loyalty reward, product recommendations, re-engagement email.",Automated Email Drip / App Push Notification
12878,145,2,854.99,427.495,273.5,175,United Kingdom,United Kingdom,1,0.6031650027786244,60.3,Medium Risk,"Loyalty reward, product recommendations, re-engagement email.",Automated Email Drip / App Push Notification
12356,155,2,2753.08,1376.54,793.0,235,Portugal,Other,0,0.60313979526287,60.3,Medium Risk,"Loyalty reward, product recommendations, re-engagement email.",Automated Email Drip / App Push Notification
12981,42,1,187.18,187.18,134.0,42,United Kingdom,United Kingdom,0,0.6030486259945848,60.3,Medium Risk,"Loyalty reward, product recommendations, re-engagement email.",Automated Email Drip / App Push Notification
17035,155,2,433.53000000000003,216.76500000000001,114.5,221,United Kingdom,United Kingdom,1,0.6027891219780521,60.3,Medium Risk,"Loyalty reward, product recommendations, re-engagement email.",Automated Email Drip / App Push Notification
14947,40,1,178.5,178.5,118.0,40,United Kingdom,United Kingdom,0,0.602657869092763,60.3,Medium Risk,"Loyalty reward, product recommendations, re-engagement email.",Automated Email Drip / App Push Notification
18262,49,1,149.48,149.48,182.0,49,United Kingdom,United Kingdom,1,0.6024081633377654,60.2,Medium Risk,"Loyalty reward, product recommendations, re-engagement email.",Automated Email Drip / App Push Notification
14076,38,1,118.67,118.67,79.0,38,United Kingdom,United Kingdom,1,0.6023741034256591,60.2,Medium Risk,"Loyalty reward, product recommendations, re-engagement email.",Automated Email Drip / App Push Notification
13362,155,2,1581.53,790.765,363.5,197,United Kingdom,United Kingdom,0,0.6020014841961593,60.2,Medium Risk,"Loyalty reward, product recommendations, re-engagement email.",Automated Email Drip / App Push Notification
13731,128,2,610.59,305.295,139.0,156,United Kingdom,United Kingdom,1,0.6017206075461745,60.2,Medium Risk,"Loyalty reward, product recommendations, re-engagement email.",Automated Email Drip / App Push Notification
17891,71,1,203.85999999999999,203.85999999999999,393.0,71,United Kingdom,United Kingdom,1,0.6017058012507498,60.2,Medium Risk,"Loyalty reward, product recommendations, re-engagement email.",Automated Email Drip / App Push Notification
13500,32,1,326.4,326.4,128.0,32,United Kingdom,United Kingdom,0,0.6014836867639133,60.1,Medium Risk,"Loyalty reward, product recommendations, re-engagement email.",Automated Email Drip / App Push Notification
13513,36,1,205.1,205.1,109.0,36,United Kingdom,United Kingdom,1,0.6014760640709743,60.1,Medium Risk,"Loyalty reward, product recommendations, re-engagement email.",Automated Email Drip / App Push Notification
12743,43,2,540.13,270.065,157.5,43,Unspecified,Other,1,0.6012665664698053,60.1,Medium Risk,"Loyalty reward, product recommendations, re-engagement email.",Automated Email Drip / App Push Notification
16464,51,1,380.33,380.33,310.0,51,United Kingdom,United Kingdom,0,0.6011820294702761,60.1,Medium Risk,"Loyalty reward, product recommendations, re-engagement email.",Automated Email Drip / App Push Notification
13379,46,1,136.29,136.29,166.0,46,United Kingdom,United Kingdom,0,0.6010529849519312,60.1,Medium Risk,"Loyalty reward, product recommendations, re-engagement email.",Automated Email Drip / App Push Notification
14400,58,1,574.7,574.7,454.0,58,United Kingdom,United Kingdom,1,0.6008496367616841,60.1,Medium Risk,"Loyalty reward, product recommendations, re-engagement email.",Automated Email Drip / App Push Notification
16147,43,1,375.0,375.0,246.0,43,United Kingdom,United Kingdom,1,0.6008137385023572,60.1,Medium Risk,"Loyalty reward, product recommendations, re-engagement email.",Automated Email Drip / App Push Notification
15942,43,1,337.44,337.44,232.0,43,United Kingdom,United Kingdom,1,0.6006172377093028,60.1,Medium Risk,"Loyalty reward, product recommendations, re-engagement email.",Automated Email Drip / App Push Notification
13368,166,2,623.4,311.7,163.5,247,United Kingdom,United Kingdom,1,0.6001006026048671,60.0,Medium Risk,"Loyalty reward, product recommendations, re-engagement email.",Automated Email Drip / App Push Notification
15746,43,1,196.88,196.88,178.0,43,United Kingdom,United Kingdom,1,0.6000349009271622,60.0,Medium Risk,"Loyalty reward, product recommendations, re-engagement email.",Automated Email Drip / App Push Notification
17900,99,2,112.19999999999999,56.099999999999994,36.5,99,United Kingdom,United Kingdom,1,0.5999552707771538,60.0,Medium Risk,"Loyalty reward, product recommendations, re-engagement email.",Automated Email Drip / App Push Notification
14287,108,2,83.28,41.64,108.0,108,United Kingdom,United Kingdom,0,0.5999269274243926,60.0,Medium Risk,"Loyalty reward, product recommendations, re-engagement email.",Automated Email Drip / App Push Notification
17514,37,1,208.65,208.65,135.0,37,United Kingdom,United Kingdom,1,0.5999246093649574,60.0,Medium Risk,"Loyalty reward, product recommendations, re-engagement email.",Automated Email Drip / App Push Notification
15374,38,1,168.0,168.0,126.0,38,United Kingdom,United Kingdom,1,0.5999069266062744,60.0,Medium Risk,"Loyalty reward, product recommendations, re-engagement email.",Automated Email Drip / App Push Notification
16447,45,1,255.91,255.91,221.0,45,United Kingdom,United Kingdom,1,0.5999053165126239,60.0,Medium Risk,"Loyalty reward, product recommendations, re-engagement email.",Automated Email Drip / App Push Notification
13930,46,1,210.0,210.0,210.0,46,United Kingdom,United Kingdom,0,0.5998638525480766,60.0,Medium Risk,"Loyalty reward, product recommendations, re-engagement email.",Automated Email Drip / App Push Notification
18282,35,1,100.21000000000001,100.21000000000001,75.0,35,United Kingdom,United Kingdom,0,0.5996604127043443,60.0,Medium Risk,"Loyalty reward, product recommendations, re-engagement email.",Automated Email Drip / App Push Notification
16402,174,2,293.45,146.725,73.0,278,United Kingdom,United Kingdom,1,0.5995457160059013,60.0,Medium Risk,"Loyalty reward, product recommendations, re-engagement email.",Automated Email Drip / App Push Notification
12516,90,1,583.2,583.2,345.0,90,Germany,Germany,0,0.5992594735041221,59.9,Medium Risk,"Loyalty reward, product recommendations, re-engagement email.",Automated Email Drip / App Push Notification
15247,31,1,356.0,356.0,160.0,31,United Kingdom,United Kingdom,1,0.5988585730267497,59.9,Medium Risk,"Loyalty reward, product recommendations, re-engagement email.",Automated Email Drip / App Push Notification
14658,26,1,123.14,123.14,23.0,26,United Kingdom,United Kingdom,0,0.5985175007089365,59.9,Medium Risk,"Loyalty reward, product recommendations, re-engagement email.",Automated Email Drip / App Push Notification
14495,30,1,40.599999999999994,40.599999999999994,22.0,30,United Kingdom,United Kingdom,0,0.5983738904935468,59.8,Medium Risk,"Loyalty reward, product recommendations, re-engagement email.",Automated Email Drip / App Push Notification
13307,29,1,15.0,15.0,4.0,29,United Kingdom,United Kingdom,1,0.5982644724876579,59.8,Medium Risk,"Loyalty reward, product recommendations, re-engagement email.",Automated Email Drip / App Push Notification
15469,29,1,304.3,304.3,128.0,29,United Kingdom,United Kingdom,0,0.5982375757886003,59.8,Medium Risk,"Loyalty reward, product recommendations, re-engagement email.",Automated Email Drip / App Push Notification
12888,123,2,354.12,177.06,38.0,164,United Kingdom,United Kingdom,1,0.5981211897837392,59.8,Medium Risk,"Loyalty reward, product recommendations, re-engagement email.",Automated Email Drip / App Push Notification
15706,25,1,450.05,450.05,160.0,25,United Kingdom,United Kingdom,0,0.5980023112523191,59.8,Medium Risk,"Loyalty reward, product recommendations, re-engagement email.",Automated Email Drip / App Push Notification
16302,36,1,233.22,233.22,158.0,36,United Kingdom,United Kingdom,1,0.5979503144295385,59.8,Medium Risk,"Loyalty reward, product recommendations, re-engagement email.",Automated Email Drip / App Push Notification
16429,15,1,284.55,284.55,9.0,15,United Kingdom,United Kingdom,1,0.5978342944763559,59.8,Medium Risk,"Loyalty reward, product recommendations, re-engagement email.",Automated Email Drip / App Push Notification
14716,58,1,181.72,181.72,319.0,58,United Kingdom,United Kingdom,0,0.5976963246318806,59.8,Medium Risk,"Loyalty reward, product recommendations, re-engagement email.",Automated Email Drip / App Push Notification
13218,36,1,62.63999999999999,62.63999999999999,88.0,36,United Kingdom,United Kingdom,1,0.597668760682258,59.8,Medium Risk,"Loyalty reward, product recommendations, re-engagement email.",Automated Email Drip / App Push Notification
12864,47,1,147.12,147.12,216.0,47,United Kingdom,United Kingdom,1,0.5975073080979206,59.8,Medium Risk,"Loyalty reward, product recommendations, re-engagement email.",Automated Email Drip / App Push Notification
16377,176,1,676.2,676.2,1500.0,176,United Kingdom,United Kingdom,1,0.5974930345491531,59.7,Medium Risk,"Loyalty reward, product recommendations, re-engagement email.",Automated Email Drip / App Push Notification
17693,46,1,200.47,200.47,231.0,46,United Kingdom,United Kingdom,1,0.597470680292348,59.7,Medium Risk,"Loyalty reward, product recommendations, re-engagement email.",Automated Email Drip / App Push Notification
12802,96,1,427.58,427.58,314.0,96,Netherlands,Netherlands,1,0.5973098908541709,59.7,Medium Risk,"Loyalty reward, product recommendations, re-engagement email.",Automated Email Drip / App Push Notification
13355,31,1,674.7,674.7,314.0,31,United Kingdom,United Kingdom,1,0.5971675502432922,59.7,Medium Risk,"Loyalty reward, product recommendations, re-engagement email.",Automated Email Drip / App Push Notification
13075,39,1,919.61,919.61,485.0,39,United Kingdom,United Kingdom,1,0.5971027686095219,59.7,Medium Risk,"Loyalty reward, product recommendations, re-engagement email.",Automated Email Drip / App Push Notification
15897,103,2,208.59,104.295,111.5,103,United Kingdom,United Kingdom,1,0.5967478657169052,59.7,Medium Risk,"Loyalty reward, product recommendations, re-engagement email.",Automated Email Drip / App Push Notification
13606,152,2,246.63,123.315,120.0,221,United Kingdom,United Kingdom,0,0.5966806709370474,59.7,Medium Risk,"Loyalty reward, product recommendations, re-engagement email.",Automated Email Drip / App Push Notification
18078,126,2,336.13,168.065,72.5,168,United Kingdom,United Kingdom,1,0.5964711422654263,59.6,Medium Risk,"Loyalty reward, product recommendations, re-engagement email.",Automated Email Drip / App Push Notification
13499,134,2,463.79,231.895,132.5,179,United Kingdom,United Kingdom,0,0.5964437005956237,59.6,Medium Risk,"Loyalty reward, product recommendations, re-engagement email.",Automated Email Drip / App Push Notification
12694,92,1,439.5,439.5,323.0,92,France,France,0,0.5963293952686158,59.6,Medium Risk,"Loyalty reward, product recommendations, re-engagement email.",Automated Email Drip / App Push Notification
16066,33,1,316.38,316.38,186.0,33,United Kingdom,United Kingdom,0,0.5963227699749558,59.6,Medium Risk,"Loyalty reward, product recommendations, re-engagement email.",Automated Email Drip / App Push Notification
14406,28,1,156.75,156.75,77.0,28,United Kingdom,United Kingdom,1,0.5962981767708055,59.6,Medium Risk,"Loyalty reward, product recommendations, re-engagement email.",Automated Email Drip / App Push Notification
16639,116,2,471.15000000000003,235.57500000000002,79.5,145,United Kingdom,United Kingdom,0,0.5962733853660253,59.6,Medium Risk,"Loyalty reward, product recommendations, re-engagement email.",Automated Email Drip / App Push Notification
14442,114,2,1589.82,794.91,241.0,226,Channel Islands,Other,1,0.5962470638270323,59.6,Medium Risk,"Loyalty reward, product recommendations, re-engagement email.",Automated Email Drip / App Push Notification
14779,190,3,386.15,128.71666666666667,28.0,233,United Kingdom,United Kingdom,1,0.5961924526301748,59.6,Medium Risk,"Loyalty reward, product recommendations, re-engagement email.",Automated Email Drip / App Push Notification
18099,36,1,168.31,168.31,149.0,36,United Kingdom,United Kingdom,1,0.5961576655582479,59.6,Medium Risk,"Loyalty reward, product recommendations, re-engagement email.",Automated Email Drip / App Push Notification
14055,15,1,725.6400000000001,725.6400000000001,216.0,15,United Kingdom,United Kingdom,1,0.5960787182041732,59.6,Medium Risk,"Loyalty reward, product recommendations, re-engagement email.",Automated Email Drip / App Push Notification
17884,221,3,590.54,196.84666666666666,180.66666666666666,281,United Kingdom,United Kingdom,0,0.5960771632360469,59.6,Medium Risk,"Loyalty reward, product recommendations, re-engagement email.",Automated Email Drip / App Push Notification
13745,71,1,300.04,300.04,496.0,71,United Kingdom,United Kingdom,1,0.5958015978620637,59.6,Medium Risk,"Loyalty reward, product recommendations, re-engagement email.",Automated Email Drip / App Push Notification
18167,15,1,498.48,498.48,122.0,15,United Kingdom,United Kingdom,0,0.5957779646040398,59.6,Medium Risk,"Loyalty reward, product recommendations, re-engagement email.",Automated Email Drip / App Push Notification
15639,43,1,425.32,425.32,323.0,43,United Kingdom,United Kingdom,1,0.595516589103201,59.6,Medium Risk,"Loyalty reward, product recommendations, re-engagement email.",Automated Email Drip / App Push Notification
15342,39,1,406.09,406.09,283.0,39,United Kingdom,United Kingdom,1,0.5954192600437651,59.5,Medium Risk,"Loyalty reward, product recommendations, re-engagement email.",Automated Email Drip / App Push Notification
15120,43,1,358.82,358.82,296.0,43,United Kingdom,United Kingdom,1,0.595378940633605,59.5,Medium Risk,"Loyalty reward, product recommendations, re-engagement email.",Automated Email Drip / App Push Notification
13539,149,2,315.65,157.825,115.5,218,United Kingdom,United Kingdom,0,0.595348227873099,59.5,Medium Risk,"Loyalty reward, product recommendations, re-engagement email.",Automated Email Drip / App Push Notification
17362,148,2,312.23,156.115,95.5,219,United Kingdom,United Kingdom,1,0.5953462804413313,59.5,Medium Risk,"Loyalty reward, product recommendations, re-engagement email.",Automated Email Drip / App Push Notification
17122,28,1,138.32,138.32,80.0,28,United Kingdom,United Kingdom,1,0.5952572261369746,59.5,Medium Risk,"Loyalty reward, product recommendations, re-engagement email.",Automated Email Drip / App Push Notification
17941,40,1,304.56,304.56,252.0,40,United Kingdom,United Kingdom,1,0.5950153271276035,59.5,Medium Risk,"Loyalty reward, product recommendations, re-engagement email.",Automated Email Drip / App Push Notification
16997,197,3,702.0,234.0,120.0,235,United Kingdom,United Kingdom,1,0.5949261926168541,59.5,Medium Risk,"Loyalty reward, product recommendations, re-engagement email.",Automated Email Drip / App Push Notification
16882,148,2,215.70000000000002,107.85000000000001,51.0,226,United Kingdom,United Kingdom,0,0.5949224171677087,59.5,Medium Risk,"Loyalty reward, product recommendations, re-engagement email.",Automated Email Drip / App Push Notification
16278,9,1,566.38,566.38,114.0,9,United Kingdom,United Kingdom,1,0.5946148419337599,59.5,Medium Risk,"Loyalty reward, product recommendations, re-engagement email.",Automated Email Drip / App Push Notification
12885,33,1,645.35,645.35,346.0,33,United Kingdom,United Kingdom,0,0.5944743133018349,59.4,Medium Risk,"Loyalty reward, product recommendations, re-engagement email.",Automated Email Drip / App Push Notification
15261,44,1,254.82,254.82,270.0,44,United Kingdom,United Kingdom,1,0.594395136665729,59.4,Medium Risk,"Loyalty reward, product recommendations, re-engagement email.",Automated Email Drip / App Push Notification
17747,22,1,71.4,71.4,12.0,22,United Kingdom,United Kingdom,1,0.5943181966455181,59.4,Medium Risk,"Loyalty reward, product recommendations, re-engagement email.",Automated Email Drip / App Push Notification
16698,136,2,1998.0,999.0,420.0,162,United Kingdom,United Kingdom,1,0.5940815600832176,59.4,Medium Risk,"Loyalty reward, product recommendations, re-engagement email.",Automated Email Drip / App Push Notification
15852,96,2,160.71,80.355,24.0,106,United Kingdom,United Kingdom,1,0.5937095352250322,59.4,Medium Risk,"Loyalty reward, product recommendations, re-engagement email.",Automated Email Drip / App Push Notification
16292,31,1,302.25,302.25,191.0,31,United Kingdom,United Kingdom,1,0.5936962661047683,59.4,Medium Risk,"Loyalty reward, product recommendations, re-engagement email.",Automated Email Drip / App Push Notification
14009,107,2,695.61,347.805,182.5,114,United Kingdom,United Kingdom,1,0.593395844927698,59.3,Medium Risk,"Loyalty reward, product recommendations, re-engagement email.",Automated Email Drip / App Push Notification
17070,23,1,304.24,304.24,131.0,23,United Kingdom,United Kingdom,1,0.5932423855928355,59.3,Medium Risk,"Loyalty reward, product recommendations, re-engagement email.",Automated Email Drip / App Push Notification
13645,29,1,252.1,252.1,158.0,29,United Kingdom,United Kingdom,1,0.5932321073000526,59.3,Medium Risk,"Loyalty reward, product recommendations, re-engagement email.",Automated Email Drip / App Push Notification
16320,81,2,1038.46,519.23,366.0,122,Unspecified,Other,1,0.5928047403425472,59.3,Medium Risk,"Loyalty reward, product recommendations, re-engagement email.",Automated Email Drip / App Push Notification
18183,136,2,632.07,316.035,185.5,184,United Kingdom,United Kingdom,1,0.592723766640766,59.3,Medium Risk,"Loyalty reward, product recommendations, re-engagement email.",Automated Email Drip / App Push Notification
15396,22,1,288.18,288.18,122.0,22,United Kingdom,United Kingdom,1,0.5926607762704413,59.3,Medium Risk,"Loyalty reward, product recommendations, re-engagement email.",Automated Email Drip / App Push Notification
16961,25,1,234.17,234.17,125.0,25,United Kingdom,United Kingdom,1,0.5925167264149837,59.3,Medium Risk,"Loyalty reward, product recommendations, re-engagement email.",Automated Email Drip / App Push Notification
13719,114,2,338.74,169.37,93.0,143,United Kingdom,United Kingdom,0,0.5922774891673506,59.2,Medium Risk,"Loyalty reward, product recommendations, re-engagement email.",Automated Email Drip / App Push Notification
15541,23,1,85.13000000000001,85.13000000000001,49.0,23,United Kingdom,United Kingdom,1,0.5921202606709702,59.2,Medium Risk,"Loyalty reward, product recommendations, re-engagement email.",Automated Email Drip / App Push Notification
14862,58,1,304.09999999999997,304.09999999999997,430.0,58,United Kingdom,United Kingdom,0,0.5920804649919906,59.2,Medium Risk,"Loyalty reward, product recommendations, re-engagement email.",Automated Email Drip / App Push Notification
12962,22,1,170.54000000000002,170.54000000000002,78.0,22,United Kingdom,United Kingdom,0,0.592055689833652,59.2,Medium Risk,"Loyalty reward, product recommendations, re-engagement email.",Automated Email Drip / App Push Notification
13819,211,3,1140.35,380.1166666666666,369.6666666666667,229,United Kingdom,United Kingdom,1,0.59204982270975,59.2,Medium Risk,"Loyalty reward, product recommendations, re-engagement email.",Automated Email Drip / App Push Notification
13200,35,1,319.32,319.32,249.0,35,United Kingdom,United Kingdom,0,0.5919793453026225,59.2,Medium Risk,"Loyalty reward, product recommendations, re-engagement email.",Automated Email Drip / App Push Notification
16836,26,1,91.32000000000001,91.32000000000001,84.0,26,United Kingdom,United Kingdom,0,0.5913758116554375,59.1,Medium Risk,"Loyalty reward, product recommendations, re-engagement email.",Automated Email Drip / App Push Notification
13649,166,2,346.6,173.3,69.5,275,United Kingdom,United Kingdom,1,0.5913040754349872,59.1,Medium Risk,"Loyalty reward, product recommendations, re-engagement email.",Automated Email Drip / App Push Notification
17374,128,2,495.77,247.885,42.5,190,United Kingdom,United Kingdom,1,0.5912485938677834,59.1,Medium Risk,"Loyalty reward, product recommendations, re-engagement email.",Automated Email Drip / App Push Notification
16272,26,1,411.7,411.7,224.0,26,United Kingdom,United Kingdom,1,0.5910887284056698,59.1,Medium Risk,"Loyalty reward, product recommendations, re-engagement email.",Automated Email Drip / App Push Notification
14631,144,2,630.08,315.04,176.0,208,United Kingdom,United Kingdom,0,0.5910711942249655,59.1,Medium Risk,"Loyalty reward, product recommendations, re-engagement email.",Automated Email Drip / App Push Notification
15683,26,1,193.75,193.75,131.0,26,United Kingdom,United Kingdom,1,0.5910689825845618,59.1,Medium Risk,"Loyalty reward, product recommendations, re-engagement email.",Automated Email Drip / App Push Notification
17917,165,2,226.71,113.355,65.0,272,United Kingdom,United Kingdom,0,0.5910267480639059,59.1,Medium Risk,"Loyalty reward, product recommendations, re-engagement email.",Automated Email Drip / App Push Notification
15197,162,2,773.25,386.625,101.0,267,United Kingdom,United Kingdom,0,0.5910008712460232,59.1,Medium Risk,"Loyalty reward, product recommendations, re-engagement email.",Automated Email Drip / App Push Notification
15795,59,1,610.01,610.01,581.0,59,United Kingdom,United Kingdom,1,0.5909306131495627,59.1,Medium Risk,"Loyalty reward, product recommendations, re-engagement email.",Automated Email Drip / App Push Notification
14428,149,2,330.62,165.31,72.5,234,United Kingdom,United Kingdom,0,0.590766296535362,59.1,Medium Risk,"Loyalty reward, product recommendations, re-engagement email.",Automated Email Drip / App Push Notification
13885,98,2,506.8,253.4,91.0,110,United Kingdom,United Kingdom,1,0.5907154285705508,59.1,Medium Risk,"Loyalty reward, product recommendations, re-engagement email.",Automated Email Drip / App Push Notification
17248,29,1,318.65,318.65,213.0,29,United Kingdom,United Kingdom,1,0.5906856729961479,59.1,Medium Risk,"Loyalty reward, product recommendations, re-engagement email.",Automated Email Drip / App Push Notification
14682,97,2,52.0,26.0,40.0,110,United Kingdom,United Kingdom,1,0.59037225830318,59.0,Medium Risk,"Loyalty reward, product recommendations, re-engagement email.",Automated Email Drip / App Push Notification
12968,21,1,135.95,135.95,73.0,21,United Kingdom,United Kingdom,1,0.5903285364889834,59.0,Medium Risk,"Loyalty reward, product recommendations, re-engagement email.",Automated Email Drip / App Push Notification
17886,120,2,377.71,188.855,109.0,159,United Kingdom,United Kingdom,0,0.5902699879534617,59.0,Medium Risk,"Loyalty reward, product recommendations, re-engagement email.",Automated Email Drip / App Push Notification
15313,19,1,52.0,52.0,25.0,19,United Kingdom,United Kingdom,1,0.5899156118246643,59.0,Medium Risk,"Loyalty reward, product recommendations, re-engagement email.",Automated Email Drip / App Push Notification
13223,109,2,163.20000000000002,81.60000000000001,44.0,141,United Kingdom,United Kingdom,1,0.5898826550181349,59.0,Medium Risk,"Loyalty reward, product recommendations, re-engagement email.",Automated Email Drip / App Push Notification
13236,16,1,439.23,439.23,168.0,16,United Kingdom,United Kingdom,0,0.5897236591599789,59.0,Medium Risk,"Loyalty reward, product recommendations, re-engagement email.",Automated Email Drip / App Push Notification
13411,16,1,213.55,213.55,72.0,16,United Kingdom,United Kingdom,1,0.5896745110496343,59.0,Medium Risk,"Loyalty reward, product recommendations, re-engagement email.",Automated Email Drip / App Push Notification
16582,22,1,313.62,313.62,164.0,22,United Kingdom,United Kingdom,1,0.5896730615892434,59.0,Medium Risk,"Loyalty reward, product recommendations, re-engagement email.",Automated Email Drip / App Push Notification
14772,21,1,139.26,139.26,82.0,21,United Kingdom,United Kingdom,1,0.589599734845995,59.0,Medium Risk,"Loyalty reward, product recommendations, re-engagement email.",Automated Email Drip / App Push Notification
16968,17,1,253.31,253.31,98.0,17,United Kingdom,United Kingdom,0,0.5895977756592149,59.0,Medium Risk,"Loyalty reward, product recommendations, re-engagement email.",Automated Email Drip / App Push Notification
15254,36,1,300.36,300.36,275.0,36,United Kingdom,United Kingdom,1,0.5894910837219794,58.9,Medium Risk,"Loyalty reward, product recommendations, re-engagement email.",Automated Email Drip / App Push Notification
16250,170,2,389.44,194.72,104.0,283,United Kingdom,United Kingdom,1,0.5892949592377896,58.9,Medium Risk,"Loyalty reward, product recommendations, re-engagement email.",Automated Email Drip / App Push Notification
17193,86,2,448.56000000000006,224.28000000000003,72.0,86,United Kingdom,United Kingdom,0,0.5892277114789791,58.9,Medium Risk,"Loyalty reward, product recommendations, re-engagement email.",Automated Email Drip / App Push Notification
15801,19,1,137.22,137.22,70.0,19,United Kingdom,United Kingdom,0,0.5890931836027576,58.9,Medium Risk,"Loyalty reward, product recommendations, re-engagement email.",Automated Email Drip / App Push Notification
16600,162,2,237.46,118.73,184.0,248,United Kingdom,United Kingdom,0,0.5889405106816912,58.9,Medium Risk,"Loyalty reward, product recommendations, re-engagement email.",Automated Email Drip / App Push Notification
13583,65,1,781.03,781.03,725.0,65,United Kingdom,United Kingdom,1,0.5888478678048469,58.9,Medium Risk,"Loyalty reward, product recommendations, re-engagement email.",Automated Email Drip / App Push Notification
16536,19,1,548.12,548.12,250.0,19,United Kingdom,United Kingdom,1,0.5886816007299192,58.9,Medium Risk,"Loyalty reward, product recommendations, re-engagement email.",Automated Email Drip / App Push Notification
14479,163,2,316.25,158.125,58.5,274,United Kingdom,United Kingdom,1,0.5886306320997268,58.9,Medium Risk,"Loyalty reward, product recommendations, re-engagement email.",Automated Email Drip / App Push Notification
13479,110,2,300.95,150.475,67.0,144,United Kingdom,United Kingdom,1,0.5885350594708384,58.9,Medium Risk,"Loyalty reward, product recommendations, re-engagement email.",Automated Email Drip / App Push Notification
14079,34,1,375.1,375.1,301.0,34,United Kingdom,United Kingdom,1,0.5884877057909703,58.8,Medium Risk,"Loyalty reward, product recommendations, re-engagement email.",Automated Email Drip / App Push Notification
15608,30,1,285.68,285.68,230.0,30,United Kingdom,United Kingdom,0,0.5884844623475246,58.8,Medium Risk,"Loyalty reward, product recommendations, re-engagement email.",Automated Email Drip / App Push Notification
15381,123,2,596.85,298.425,85.5,177,United Kingdom,United Kingdom,1,0.5884714782950231,58.8,Medium Risk,"Loyalty reward, product recommendations, re-engagement email.",Automated Email Drip / App Push Notification
14256,169,2,969.0600000000001,484.53000000000003,207.0,274,United Kingdom,United Kingdom,1,0.588009085027122,58.8,Medium Risk,"Loyalty reward, product recommendations, re-engagement email.",Automated Email Drip / App Push Notification
14196,16,1,335.52,335.52,142.0,16,United Kingdom,United Kingdom,1,0.5879588041057222,58.8,Medium Risk,"Loyalty reward, product recommendations, re-engagement email.",Automated Email Drip / App Push Notification
16555,19,1,151.98,151.98,90.0,19,United Kingdom,United Kingdom,0,0.5877764128459841,58.8,Medium Risk,"Loyalty reward, product recommendations, re-engagement email.",Automated Email Drip / App Push Notification
18071,167,2,453.0,226.5,130.0,275,United Kingdom,United Kingdom,1,0.5877435979705184,58.8,Medium Risk,"Loyalty reward, product recommendations, re-engagement email.",Automated Email Drip / App Push Notification
14529,19,1,135.24,135.24,84.0,19,United Kingdom,United Kingdom,0,0.5876648779669473,58.8,Medium Risk,"Loyalty reward, product recommendations, re-engagement email.",Automated Email Drip / App Push Notification
13016,32,1,425.25,425.25,315.0,32,United Kingdom,United Kingdom,0,0.5876264583095773,58.8,Medium Risk,"Loyalty reward, product recommendations, re-engagement email.",Automated Email Drip / App Push Notification
14387,18,1,440.76,440.76,209.0,18,United Kingdom,United Kingdom,0,0.5874200194755816,58.7,Medium Risk,"Loyalty reward, product recommendations, re-engagement email.",Automated Email Drip / App Push Notification
17637,24,1,338.95,338.95,215.0,24,United Kingdom,United Kingdom,0,0.587386473084846,58.7,Medium Risk,"Loyalty reward, product recommendations, re-engagement email.",Automated Email Drip / App Push Notification
14286,152,1,2050.08,2050.08,1998.0,152,United Kingdom,United Kingdom,0,0.5872085818627755,58.7,Medium Risk,"Loyalty reward, product recommendations, re-engagement email.",Automated Email Drip / App Push Notification
12854,150,2,810.37,405.185,211.0,227,United Kingdom,United Kingdom,0,0.5867855157566836,58.7,Medium Risk,"Loyalty reward, product recommendations, re-engagement email.",Automated Email Drip / App Push Notification
14712,21,1,115.72,115.72,102.0,21,United Kingdom,United Kingdom,0,0.5867067392216282,58.7,Medium Risk,"Loyalty reward, product recommendations, re-engagement email.",Automated Email Drip / App Push Notification
16093,16,1,17.0,17.0,20.0,16,United Kingdom,United Kingdom,1,0.5865902631717548,58.7,Medium Risk,"Loyalty reward, product recommendations, re-engagement email.",Automated Email Drip / App Push Notification
15426,166,2,634.13,317.065,127.5,278,United Kingdom,United Kingdom,0,0.5865346274594407,58.7,Medium Risk,"Loyalty reward, product recommendations, re-engagement email.",Automated Email Drip / App Push Notification
15018,162,2,291.34000000000003,145.67000000000002,47.0,277,United Kingdom,United Kingdom,0,0.5865171516733556,58.7,Medium Risk,"Loyalty reward, product recommendations, re-engagement email.",Automated Email Drip / App Push Notification
17183,14,1,329.67,329.67,141.0,14,United Kingdom,United Kingdom,0,0.5862353107500633,58.6,Medium Risk,"Loyalty reward, product recommendations, re-engagement email.",Automated Email Drip / App Push Notification
12815,57,2,1063.46,531.73,189.5,107,Poland,Other,1,0.5860900397859145,58.6,Medium Risk,"Loyalty reward, product recommendations, re-engagement email.",Automated Email Drip / App Push Notification
13276,9,1,137.38,137.38,20.0,9,United Kingdom,United Kingdom,0,0.5860209935390069,58.6,Medium Risk,"Loyalty reward, product recommendations, re-engagement email.",Automated Email Drip / App Push Notification
18147,18,1,98.88,98.88,80.0,18,United Kingdom,United Kingdom,0,0.5857628050978081,58.6,Medium Risk,"Loyalty reward, product recommendations, re-engagement email.",Automated Email Drip / App Push Notification
15263,16,1,156.51,156.51,89.0,16,United Kingdom,United Kingdom,1,0.5856903737491911,58.6,Medium Risk,"Loyalty reward, product recommendations, re-engagement email.",Automated Email Drip / App Push Notification
12648,64,1,318.05,318.05,160.0,64,Germany,Germany,1,0.5856846347365087,58.6,Medium Risk,"Loyalty reward, product recommendations, re-engagement email.",Automated Email Drip / App Push Notification
15073,95,2,861.96,430.98,214.0,96,United Kingdom,United Kingdom,0,0.5856605986517114,58.6,Medium Risk,"Loyalty reward, product recommendations, re-engagement email.",Automated Email Drip / App Push Notification
15036,86,2,212.49,106.245,71.5,89,United Kingdom,United Kingdom,0,0.585583166397883,58.6,Medium Risk,"Loyalty reward, product recommendations, re-engagement email.",Automated Email Drip / App Push Notification
13778,12,1,178.7,178.7,70.0,12,United Kingdom,United Kingdom,1,0.5852754500644114,58.5,Medium Risk,"Loyalty reward, product recommendations, re-engagement email.",Automated Email Drip / App Push Notification
16085,146,2,325.04,162.52,112.0,230,United Kingdom,United Kingdom,0,0.5851043936550517,58.5,Medium Risk,"Loyalty reward, product recommendations, re-engagement email.",Automated Email Drip / App Push Notification
14419,162,2,307.14,153.57,80.5,274,United Kingdom,United Kingdom,0,0.5850893408265493,58.5,Medium Risk,"Loyalty reward, product recommendations, re-engagement email.",Automated Email Drip / App Push Notification
13652,166,2,638.24,319.12,145.0,278,United Kingdom,United Kingdom,0,0.584883217521974,58.5,Medium Risk,"Loyalty reward, product recommendations, re-engagement email.",Automated Email Drip / App Push Notification
13147,9,1,118.80000000000001,118.80000000000001,24.0,9,United Kingdom,United Kingdom,0,0.5848693592577449,58.5,Medium Risk,"Loyalty reward, product recommendations, re-engagement email.",Automated Email Drip / App Push Notification
16984,39,1,3213.19,3213.19,1594.0,39,United Kingdom,United Kingdom,0,0.5847977955311243,58.5,Medium Risk,"Loyalty reward, product recommendations, re-engagement email.",Automated Email Drip / App Push Notification
12997,145,2,608.47,304.235,150.0,226,United Kingdom,United Kingdom,0,0.5847560809780247,58.5,Medium Risk,"Loyalty reward, product recommendations, re-engagement email.",Automated Email Drip / App Push Notification
17736,22,1,307.49,307.49,213.0,22,United Kingdom,United Kingdom,0,0.5847026600110392,58.5,Medium Risk,"Loyalty reward, product recommendations, re-engagement email.",Automated Email Drip / App Push Notification
14141,14,1,285.16,285.16,140.0,14,United Kingdom,United Kingdom,0,0.5844965759914874,58.4,Medium Risk,"Loyalty reward, product recommendations, re-engagement email.",Automated Email Drip / App Push Notification
14242,144,2,280.55,140.275,61.5,235,United Kingdom,United Kingdom,1,0.5841226144893933,58.4,Medium Risk,"Loyalty reward, product recommendations, re-engagement email.",Automated Email Drip / App Push Notification
15307,5,1,205.3,205.3,37.0,5,United Kingdom,United Kingdom,1,0.5840201943951203,58.4,Medium Risk,"Loyalty reward, product recommendations, re-engagement email.",Automated Email Drip / App Push Notification
13555,111,2,1590.05,795.025,434.0,111,United Kingdom,United Kingdom,0,0.5839201454812344,58.4,Medium Risk,"Loyalty reward, product recommendations, re-engagement email.",Automated Email Drip / App Push Notification
12615,77,1,634.74,634.74,413.0,77,France,France,0,0.583889434611906,58.4,Medium Risk,"Loyalty reward, product recommendations, re-engagement email.",Automated Email Drip / App Push Notification
17759,78,2,167.15,83.575,38.5,78,United Kingdom,United Kingdom,0,0.5837155787169506,58.4,Medium Risk,"Loyalty reward, product recommendations, re-engagement email.",Automated Email Drip / App Push Notification
15472,22,1,371.56,371.56,251.0,22,United Kingdom,United Kingdom,1,0.583679798175447,58.4,Medium Risk,"Loyalty reward, product recommendations, re-engagement email.",Automated Email Drip / App Push Notification
18242,105,2,694.08,347.04,204.0,123,United Kingdom,United Kingdom,0,0.5836446512807514,58.4,Medium Risk,"Loyalty reward, product recommendations, re-engagement email.",Automated Email Drip / App Push Notification
13273,22,1,138.98,138.98,153.0,22,United Kingdom,United Kingdom,1,0.5835386591183411,58.4,Medium Risk,"Loyalty reward, product recommendations, re-engagement email.",Automated Email Drip / App Push Notification
17526,200,3,872.8,290.93333333333334,46.666666666666664,275,United Kingdom,United Kingdom,0,0.5834722782730339,58.3,Medium Risk,"Loyalty reward, product recommendations, re-engagement email.",Automated Email Drip / App Push Notification
15215,6,1,300.04,300.04,92.0,6,United Kingdom,United Kingdom,0,0.583413423448835,58.3,Medium Risk,"Loyalty reward, product recommendations, re-engagement email.",Automated Email Drip / App Push Notification
18200,15,1,150.35,150.35,104.0,15,United Kingdom,United Kingdom,1,0.5831982099066937,58.3,Medium Risk,"Loyalty reward, product recommendations, re-engagement email.",Automated Email Drip / App Push Notification
16201,19,1,303.8,303.8,208.0,19,United Kingdom,United Kingdom,0,0.5826589347693998,58.3,Medium Risk,"Loyalty reward, product recommendations, re-engagement email.",Automated Email Drip / App Push Notification
15663,15,1,138.14,138.14,106.0,15,United Kingdom,United Kingdom,1,0.5825007545456186,58.3,Medium Risk,"Loyalty reward, product recommendations, re-engagement email.",Automated Email Drip / App Push Notification
15894,162,2,258.25,129.125,82.0,278,United Kingdom,United Kingdom,1,0.5822998911203516,58.2,Medium Risk,"Loyalty reward, product recommendations, re-engagement email.",Automated Email Drip / App Push Notification
18149,125,2,549.68,274.84,140.0,183,United Kingdom,United Kingdom,0,0.5821710041516579,58.2,Medium Risk,"Loyalty reward, product recommendations, re-engagement email.",Automated Email Drip / App Push Notification
12393,155,3,1061.1000000000001,353.70000000000005,174.0,242,Australia,Other,0,0.5821079945861474,58.2,Medium Risk,"Loyalty reward, product recommendations, re-engagement email.",Automated Email Drip / App Push Notification
15092,124,2,457.81,228.905,67.5,193,United Kingdom,United Kingdom,1,0.5814709065023357,58.1,Medium Risk,"Loyalty reward, product recommendations, re-engagement email.",Automated Email Drip / App Push Notification
15353,164,2,770.12,385.06,170.5,277,United Kingdom,United Kingdom,1,0.5814189251897641,58.1,Medium Risk,"Loyalty reward, product recommendations, re-engagement email.",Automated Email Drip / App Push Notification
13692,123,2,871.58,435.79,367.5,145,United Kingdom,United Kingdom,0,0.5814121689538441,58.1,Medium Risk,"Loyalty reward, product recommendations, re-engagement email.",Automated Email Drip / App Push Notification
13662,121,2,516.44,258.22,176.5,168,United Kingdom,United Kingdom,0,0.5813087671148044,58.1,Medium Risk,"Loyalty reward, product recommendations, re-engagement email.",Automated Email Drip / App Push Notification
15813,117,2,1303.9099999999999,651.9549999999999,301.5,149,United Kingdom,United Kingdom,1,0.5812030007615762,58.1,Medium Risk,"Loyalty reward, product recommendations, re-engagement email.",Automated Email Drip / App Push Notification
12378,39,1,4008.62,4008.62,2529.0,39,Switzerland,Other,1,0.5810137682040288,58.1,Medium Risk,"Loyalty reward, product recommendations, re-engagement email.",Automated Email Drip / App Push Notification
15701,20,1,853.9,853.9,472.0,20,United Kingdom,United Kingdom,0,0.5806723487588116,58.1,Medium Risk,"Loyalty reward, product recommendations, re-engagement email.",Automated Email Drip / App Push Notification
14418,17,1,150.44,150.44,148.0,17,United Kingdom,United Kingdom,0,0.5805342543825331,58.1,Medium Risk,"Loyalty reward, product recommendations, re-engagement email.",Automated Email Drip / App Push Notification
13850,38,1,1595.48,1595.48,944.0,38,United Kingdom,United Kingdom,1,0.5799666353563057,58.0,Medium Risk,"Loyalty reward, product recommendations, re-engagement email.",Automated Email Drip / App Push Notification
13889,2,1,416.90000000000003,416.90000000000003,146.0,2,United Kingdom,United Kingdom,1,0.5798545859795995,58.0,Medium Risk,"Loyalty reward, product recommendations, re-engagement email.",Automated Email Drip / App Push Notification
15866,10,1,211.89,211.89,124.0,10,United Kingdom,United Kingdom,1,0.5798463733826626,58.0,Medium Risk,"Loyalty reward, product recommendations, re-engagement email.",Automated Email Drip / App Push Notification
15139,149,2,178.96,89.48,104.0,246,United Kingdom,United Kingdom,1,0.5797613051402655,58.0,Medium Risk,"Loyalty reward, product recommendations, re-engagement email.",Automated Email Drip / App Push Notification
14171,7,1,363.79,363.79,167.0,7,United Kingdom,United Kingdom,1,0.5795912991679871,58.0,Medium Risk,"Loyalty reward, product recommendations, re-engagement email.",Automated Email Drip / App Push Notification
16674,7,1,115.1,115.1,61.0,7,United Kingdom,United Kingdom,0,0.5795572742219454,58.0,Medium Risk,"Loyalty reward, product recommendations, re-engagement email.",Automated Email Drip / App Push Notification
15315,25,1,233.54,233.54,262.0,25,United Kingdom,United Kingdom,0,0.5792883011608679,57.9,Medium Risk,"Loyalty reward, product recommendations, re-engagement email.",Automated Email Drip / App Push Notification
17618,157,2,625.48,312.74,117.5,271,United Kingdom,United Kingdom,0,0.5791876043929488,57.9,Medium Risk,"Loyalty reward, product recommendations, re-engagement email.",Automated Email Drip / App Push Notification
18133,121,1,931.4999999999999,931.4999999999999,1350.0,121,United Kingdom,United Kingdom,1,0.5790486850406797,57.9,Medium Risk,"Loyalty reward, product recommendations, re-engagement email.",Automated Email Drip / App Push Notification
12832,7,1,267.8,267.8,132.0,7,United Kingdom,United Kingdom,0,0.5790056255995126,57.9,Medium Risk,"Loyalty reward, product recommendations, re-engagement email.",Automated Email Drip / App Push Notification
18027,8,1,115.31,115.31,78.0,8,United Kingdom,United Kingdom,1,0.5787138101255228,57.9,Medium Risk,"Loyalty reward, product recommendations, re-engagement email.",Automated Email Drip / App Push Notification
18261,5,1,224.8,224.8,102.0,5,United Kingdom,United Kingdom,0,0.578542184403681,57.9,Medium Risk,"Loyalty reward, product recommendations, re-engagement email.",Automated Email Drip / App Push Notification
17073,18,1,453.79,453.79,307.0,18,United Kingdom,United Kingdom,0,0.5784943209629381,57.8,Medium Risk,"Loyalty reward, product recommendations, re-engagement email.",Automated Email Drip / App Push Notification
14660,10,1,128.95,128.95,104.0,10,United Kingdom,United Kingdom,0,0.578348648944486,57.8,Medium Risk,"Loyalty reward, product recommendations, re-engagement email.",Automated Email Drip / App Push Notification
14452,3,1,127.37,127.37,46.0,3,United Kingdom,United Kingdom,0,0.5783424157519235,57.8,Medium Risk,"Loyalty reward, product recommendations, re-engagement email.",Automated Email Drip / App Push Notification
14220,156,2,632.4,316.2,136.0,267,United Kingdom,United Kingdom,1,0.5783348562915072,57.8,Medium Risk,"Loyalty reward, product recommendations, re-engagement email.",Automated Email Drip / App Push Notification
13244,2,1,121.74000000000001,121.74000000000001,38.0,2,United Kingdom,United Kingdom,1,0.5780899538855083,57.8,Medium Risk,"Loyalty reward, product recommendations, re-engagement email.",Automated Email Drip / App Push Notification
16498,70,2,100.97,50.485,22.5,71,United Kingdom,United Kingdom,1,0.5777912827141767,57.8,Medium Risk,"Loyalty reward, product recommendations, re-engagement email.",Automated Email Drip / App Push Notification
17309,4,1,82.75,82.75,41.0,4,United Kingdom,United Kingdom,1,0.5777724147048117,57.8,Medium Risk,"Loyalty reward, product recommendations, re-engagement email.",Automated Email Drip / App Push Notification
12635,64,1,683.64,683.64,399.0,64,Germany,Germany,0,0.5776956396916408,57.8,Medium Risk,"Loyalty reward, product recommendations, re-engagement email.",Automated Email Drip / App Push Notification
12697,40,2,733.91,366.955,179.5,78,Sweden,Other,0,0.5774203154266253,57.7,Medium Risk,"Loyalty reward, product recommendations, re-engagement email.",Automated Email Drip / App Push Notification
13434,6,1,72.84,72.84,60.0,6,United Kingdom,United Kingdom,0,0.577109337358955,57.7,Medium Risk,"Loyalty reward, product recommendations, re-engagement email.",Automated Email Drip / App Push Notification
13130,3,1,64.0,64.0,32.0,3,United Kingdom,United Kingdom,1,0.5770729303547618,57.7,Medium Risk,"Loyalty reward, product recommendations, re-engagement email.",Automated Email Drip / App Push Notification
12589,54,1,131.5,131.5,83.0,54,France,France,0,0.5767526369808474,57.7,Medium Risk,"Loyalty reward, product recommendations, re-engagement email.",Automated Email Drip / App Push Notification
12412,47,2,890.74,445.37,299.5,78,Denmark,Other,0,0.576615862134725,57.7,Medium Risk,"Loyalty reward, product recommendations, re-engagement email.",Automated Email Drip / App Push Notification
15700,81,2,696.68,348.34,178.5,82,United Kingdom,United Kingdom,1,0.5765681380899759,57.7,Medium Risk,"Loyalty reward, product recommendations, re-engagement email.",Automated Email Drip / App Push Notification
14515,100,2,765.65,382.825,185.5,128,United Kingdom,United Kingdom,0,0.5765153128833298,57.7,Medium Risk,"Loyalty reward, product recommendations, re-engagement email.",Automated Email Drip / App Push Notification
12879,1,1,140.5,140.5,58.0,1,United Kingdom,United Kingdom,0,0.5761340404183132,57.6,Medium Risk,"Loyalty reward, product recommendations, re-engagement email.",Automated Email Drip / App Push Notification
13741,93,2,363.13,181.565,71.5,126,United Kingdom,United Kingdom,0,0.575726927301847,57.6,Medium Risk,"Loyalty reward, product recommendations, re-engagement email.",Automated Email Drip / App Push Notification
14108,11,1,291.33,291.33,209.0,11,United Kingdom,United Kingdom,0,0.5756960875125045,57.6,Medium Risk,"Loyalty reward, product recommendations, re-engagement email.",Automated Email Drip / App Push Notification
17451,15,1,346.01,346.01,267.0,15,United Kingdom,United Kingdom,0,0.5755192174292395,57.6,Medium Risk,"Loyalty reward, product recommendations, re-engagement email.",Automated Email Drip / App Push Notification
12851,6,1,131.81,131.81,106.0,6,United Kingdom,United Kingdom,1,0.5750934042739501,57.5,Medium Risk,"Loyalty reward, product recommendations, re-engagement email.",Automated Email Drip / App Push Notification
15074,14,1,735.67,735.67,431.0,14,United Kingdom,United Kingdom,1,0.574979440744074,57.5,Medium Risk,"Loyalty reward, product recommendations, re-engagement email.",Automated Email Drip / App Push Notification
13650,116,2,745.52,372.76,142.0,177,United Kingdom,United Kingdom,0,0.5748515656790023,57.5,Medium Risk,"Loyalty reward, product recommendations, re-engagement email.",Automated Email Drip / App Push Notification
14146,164,2,1903.73,951.865,405.5,266,United Kingdom,United Kingdom,0,0.5745960075501159,57.5,Medium Risk,"Loyalty reward, product recommendations, re-engagement email.",Automated Email Drip / App Push Notification
17777,9,1,189.79999999999998,189.79999999999998,161.0,9,United Kingdom,United Kingdom,0,0.5745491989802721,57.5,Medium Risk,"Loyalty reward, product recommendations, re-engagement email.",Automated Email Drip / App Push Notification
14523,17,1,241.09,241.09,251.0,17,United Kingdom,United Kingdom,1,0.5743084801360632,57.4,Medium Risk,"Loyalty reward, product recommendations, re-engagement email.",Automated Email Drip / App Push Notification
16484,83,2,404.3,202.15,100.0,100,United Kingdom,United Kingdom,1,0.5743024399296809,57.4,Medium Risk,"Loyalty reward, product recommendations, re-engagement email.",Automated Email Drip / App Push Notification
16400,4,1,303.93,303.93,172.0,4,United Kingdom,United Kingdom,1,0.5742399547995013,57.4,Medium Risk,"Loyalty reward, product recommendations, re-engagement email.",Automated Email Drip / App Push Notification
17854,94,2,311.26,155.63,42.0,136,United Kingdom,United Kingdom,1,0.5739058202093876,57.4,Medium Risk,"Loyalty reward, product recommendations, re-engagement email.",Automated Email Drip / App Push Notification
17481,3,1,260.63,260.63,149.0,3,United Kingdom,United Kingdom,0,0.5738790785942552,57.4,Medium Risk,"Loyalty reward, product recommendations, re-engagement email.",Automated Email Drip / App Push Notification
15648,113,2,639.5,319.75,109.0,176,United Kingdom,United Kingdom,1,0.5736298514247887,57.4,Medium Risk,"Loyalty reward, product recommendations, re-engagement email.",Automated Email Drip / App Push Notification
14208,4,1,151.74,151.74,114.0,4,United Kingdom,United Kingdom,1,0.5735518759357471,57.4,Medium Risk,"Loyalty reward, product recommendations, re-engagement email.",Automated Email Drip / App Push Notification
15488,2,1,91.32000000000001,91.32000000000001,73.0,2,United Kingdom,United Kingdom,1,0.5734318638417077,57.3,Medium Risk,"Loyalty reward, product recommendations, re-engagement email.",Automated Email Drip / App Push Notification
12521,52,1,599.68,599.68,309.0,52,Germany,Germany,1,0.573398220611493,57.3,Medium Risk,"Loyalty reward, product recommendations, re-engagement email.",Automated Email Drip / App Push Notification
14512,97,2,275.28,137.64,61.0,141,United Kingdom,United Kingdom,1,0.5730182794141471,57.3,Medium Risk,"Loyalty reward, product recommendations, re-engagement email.",Automated Email Drip / App Push Notification
16230,99,2,542.03,271.015,182.5,129,United Kingdom,United Kingdom,1,0.5729536330649658,57.3,Medium Risk,"Loyalty reward, product recommendations, re-engagement email.",Automated Email Drip / App Push Notification
13045,8,1,305.28000000000003,305.28000000000003,221.0,8,United Kingdom,United Kingdom,1,0.5727214076840242,57.3,Medium Risk,"Loyalty reward, product recommendations, re-engagement email.",Automated Email Drip / App Push Notification
14436,8,1,89.06,89.06,129.0,8,United Kingdom,United Kingdom,1,0.5726761256156225,57.3,Medium Risk,"Loyalty reward, product recommendations, re-engagement email.",Automated Email Drip / App Push Notification
13591,113,2,776.23,388.115,131.5,176,United Kingdom,United Kingdom,0,0.5726299256670685,57.3,Medium Risk,"Loyalty reward, product recommendations, re-engagement email.",Automated Email Drip / App Push Notification
14824,0,1,441.91,441.91,217.0,0,United Kingdom,United Kingdom,0,0.572414440455801,57.2,Medium Risk,"Loyalty reward, product recommendations, re-engagement email.",Automated Email Drip / App Push Notification
13952,127,2,3251.071,1625.5355,715.5,148,United Kingdom,United Kingdom,1,0.5720117438929821,57.2,Medium Risk,"Loyalty reward, product recommendations, re-engagement email.",Automated Email Drip / App Push Notification
17058,108,2,819.66,409.83,227.5,149,United Kingdom,United Kingdom,0,0.5720046122227754,57.2,Medium Risk,"Loyalty reward, product recommendations, re-engagement email.",Automated Email Drip / App Push Notification
16641,15,1,231.10000000000002,231.10000000000002,256.0,15,United Kingdom,United Kingdom,1,0.5718138307784499,57.2,Medium Risk,"Loyalty reward, product recommendations, re-engagement email.",Automated Email Drip / App Push Notification
13221,149,2,847.41,423.705,122.0,268,United Kingdom,United Kingdom,1,0.5715150615331072,57.2,Medium Risk,"Loyalty reward, product recommendations, re-engagement email.",Automated Email Drip / App Push Notification
13621,26,1,213.85,213.85,343.0,26,United Kingdom,United Kingdom,1,0.5714058139371853,57.1,Medium Risk,"Loyalty reward, product recommendations, re-engagement email.",Automated Email Drip / App Push Notification
13823,1,1,650.42,650.42,325.0,1,United Kingdom,United Kingdom,0,0.5713803582787154,57.1,Medium Risk,"Loyalty reward, product recommendations, re-engagement email.",Automated Email Drip / App Push Notification
13813,44,1,385.14,385.14,177.0,44,Germany,Germany,0,0.5709347743511337,57.1,Medium Risk,"Loyalty reward, product recommendations, re-engagement email.",Automated Email Drip / App Push Notification
15433,123,2,533.3,266.65,267.0,176,United Kingdom,United Kingdom,1,0.5709153843978743,57.1,Medium Risk,"Loyalty reward, product recommendations, re-engagement email.",Automated Email Drip / App Push Notification
16910,0,1,111.78,111.78,93.0,0,United Kingdom,United Kingdom,0,0.5707434163090688,57.1,Medium Risk,"Loyalty reward, product recommendations, re-engagement email.",Automated Email Drip / App Push Notification
16038,86,2,393.33,196.665,114.5,111,United Kingdom,United Kingdom,0,0.5707101905186074,57.1,Medium Risk,"Loyalty reward, product recommendations, re-engagement email.",Automated Email Drip / App Push Notification
15237,112,2,1093.65,546.825,399.0,136,United Kingdom,United Kingdom,0,0.5704141841777242,57.0,Medium Risk,"Loyalty reward, product recommendations, re-engagement email.",Automated Email Drip / App Push Notification
16869,75,2,387.68,193.84,121.0,84,United Kingdom,United Kingdom,0,0.5702182260171331,57.0,Medium Risk,"Loyalty reward, product recommendations, re-engagement email.",Automated Email Drip / App Push Notification
16820,5,1,497.61,497.61,307.0,5,United Kingdom,United Kingdom,1,0.5699638154243921,57.0,Medium Risk,"Loyalty reward, product recommendations, re-engagement email.",Automated Email Drip / App Push Notification
15325,13,1,161.74,161.74,231.0,13,United Kingdom,United Kingdom,1,0.5697645291382128,57.0,Medium Risk,"Loyalty reward, product recommendations, re-engagement email.",Automated Email Drip / App Push Notification
17002,125,2,993.52,496.76,211.0,200,United Kingdom,United Kingdom,0,0.5696318995082946,57.0,Medium Risk,"Loyalty reward, product recommendations, re-engagement email.",Automated Email Drip / App Push Notification
12991,21,1,303.56,303.56,361.0,21,United Kingdom,United Kingdom,0,0.5693979744476426,56.9,Medium Risk,"Loyalty reward, product recommendations, re-engagement email.",Automated Email Drip / App Push Notification
14245,129,2,1693.45,846.725,488.0,173,United Kingdom,United Kingdom,1,0.5693210001179251,56.9,Medium Risk,"Loyalty reward, product recommendations, re-engagement email.",Automated Email Drip / App Push Notification
14546,111,2,874.88,437.44,250.5,158,United Kingdom,United Kingdom,0,0.5692773102964979,56.9,Medium Risk,"Loyalty reward, product recommendations, re-engagement email.",Automated Email Drip / App Push Notification
14885,41,1,765.3199999999999,765.3199999999999,724.0,41,United Kingdom,United Kingdom,1,0.5692458293780341,56.9,Medium Risk,"Loyalty reward, product recommendations, re-engagement email.",Automated Email Drip / App Push Notification
14770,141,2,876.42,438.21,245.0,232,United Kingdom,United Kingdom,1,0.5691044149444152,56.9,Medium Risk,"Loyalty reward, product recommendations, re-engagement email.",Automated Email Drip / App Push Notification
15652,0,1,337.74,337.74,208.0,0,United Kingdom,United Kingdom,1,0.5689548762662909,56.9,Medium Risk,"Loyalty reward, product recommendations, re-engagement email.",Automated Email Drip / App Push Notification
13441,1,1,296.64,296.64,204.0,1,United Kingdom,United Kingdom,1,0.568430897554924,56.8,Medium Risk,"Loyalty reward, product recommendations, re-engagement email.",Automated Email Drip / App Push Notification
14687,16,1,628.38,628.38,470.0,16,United Kingdom,United Kingdom,1,0.5683181807001529,56.8,Medium Risk,"Loyalty reward, product recommendations, re-engagement email.",Automated Email Drip / App Push Notification
15903,137,2,641.6400000000001,320.82000000000005,338.0,204,United Kingdom,United Kingdom,0,0.5682701869451395,56.8,Medium Risk,"Loyalty reward, product recommendations, re-engagement email.",Automated Email Drip / App Push Notification
14067,6,1,224.67,224.67,216.0,6,United Kingdom,United Kingdom,0,0.5682568652551582,56.8,Medium Risk,"Loyalty reward, product recommendations, re-engagement email.",Automated Email Drip / App Push Notification
17277,137,2,1065.3500000000001,532.6750000000001,215.0,232,United Kingdom,United Kingdom,1,0.5682319901223112,56.8,Medium Risk,"Loyalty reward, product recommendations, re-engagement email.",Automated Email Drip / App Push Notification
16629,5,1,227.68,227.68,212.0,5,United Kingdom,United Kingdom,0,0.5679731343708851,56.8,Medium Risk,"Loyalty reward, product recommendations, re-engagement email.",Automated Email Drip / App Push Notification
15690,10,1,111.0,111.0,204.0,10,United Kingdom,United Kingdom,0,0.5678848288411111,56.8,Medium Risk,"Loyalty reward, product recommendations, re-engagement email.",Automated Email Drip / App Push Notification
18024,62,2,389.78,194.89,92.0,62,United Kingdom,United Kingdom,1,0.5677275920822197,56.8,Medium Risk,"Loyalty reward, product recommendations, re-engagement email.",Automated Email Drip / App Push Notification
13077,199,3,576.19,192.06333333333336,202.0,275,United Kingdom,United Kingdom,0,0.5677221730962725,56.8,Medium Risk,"Loyalty reward, product recommendations, re-engagement email.",Automated Email Drip / App Push Notification
17573,3,1,174.71,174.71,177.0,3,United Kingdom,United Kingdom,0,0.5675784105963578,56.8,Medium Risk,"Loyalty reward, product recommendations, re-engagement email.",Automated Email Drip / App Push Notification
13637,96,2,678.65,339.325,175.0,135,United Kingdom,United Kingdom,0,0.5674321955566869,56.7,Medium Risk,"Loyalty reward, product recommendations, re-engagement email.",Automated Email Drip / App Push Notification
13846,151,2,663.9300000000001,331.96500000000003,172.5,269,United Kingdom,United Kingdom,0,0.567158478736669,56.7,Medium Risk,"Loyalty reward, product recommendations, re-engagement email.",Automated Email Drip / App Push Notification
14104,64,2,216.20999999999998,108.10499999999999,36.0,75,United Kingdom,United Kingdom,1,0.5670991984091144,56.7,Medium Risk,"Loyalty reward, product recommendations, re-engagement email.",Automated Email Drip / App Push Notification
15136,5,1,582.9,582.9,374.0,5,United Kingdom,United Kingdom,0,0.5669892675467307,56.7,Medium Risk,"Loyalty reward, product recommendations, re-engagement email.",Automated Email Drip / App Push Notification
13946,111,2,485.96999999999997,242.98499999999999,131.5,177,United Kingdom,United Kingdom,0,0.566827104389359,56.7,Medium Risk,"Loyalty reward, product recommendations, re-engagement email.",Automated Email Drip / App Push Notification
14672,144,2,765.55,382.775,227.0,245,United Kingdom,United Kingdom,1,0.5666783716315245,56.7,Medium Risk,"Loyalty reward, product recommendations, re-engagement email.",Automated Email Drip / App Push Notification
15907,86,2,477.59000000000003,238.79500000000002,118.5,119,United Kingdom,United Kingdom,0,0.5665652203457816,56.7,Medium Risk,"Loyalty reward, product recommendations, re-engagement email.",Automated Email Drip / App Push Notification
12444,31,2,2627.27,1313.635,325.0,80,Norway,Other,0,0.5663788774784475,56.6,Medium Risk,"Loyalty reward, product recommendations, re-engagement email.",Automated Email Drip / App Push Notification
14869,12,1,387.06,387.06,354.0,12,United Kingdom,United Kingdom,0,0.5663687455682359,56.6,Medium Risk,"Loyalty reward, product recommendations, re-engagement email.",Automated Email Drip / App Push Notification
17553,39,1,1487.6,1487.6,1048.0,39,United Kingdom,United Kingdom,1,0.5661735154544812,56.6,Medium Risk,"Loyalty reward, product recommendations, re-engagement email.",Automated Email Drip / App Push Notification
15246,147,2,514.15,257.075,123.5,268,United Kingdom,United Kingdom,1,0.5657493885927435,56.6,Medium Risk,"Loyalty reward, product recommendations, re-engagement email.",Automated Email Drip / App Push Notification
14034,66,2,473.90999999999997,236.95499999999998,153.5,66,United Kingdom,United Kingdom,0,0.5656604288654931,56.6,Medium Risk,"Loyalty reward, product recommendations, re-engagement email.",Automated Email Drip / App Push Notification
17604,126,2,309.36,154.68,84.5,221,United Kingdom,United Kingdom,1,0.5655795944330403,56.6,Medium Risk,"Loyalty reward, product recommendations, re-engagement email.",Automated Email Drip / App Push Notification
14449,156,2,399.91,199.955,166.5,281,United Kingdom,United Kingdom,0,0.5655102868680151,56.6,Medium Risk,"Loyalty reward, product recommendations, re-engagement email.",Automated Email Drip / App Push Notification
14420,8,1,387.52,387.52,334.0,8,United Kingdom,United Kingdom,1,0.5651394415542625,56.5,Medium Risk,"Loyalty reward, product recommendations, re-engagement email.",Automated Email Drip / App Push Notification
17409,94,2,771.85,385.925,52.5,157,United Kingdom,United Kingdom,1,0.5651129689434209,56.5,Medium Risk,"Loyalty reward, product recommendations, re-engagement email.",Automated Email Drip / App Push Notification
14620,115,2,412.78000000000003,206.39000000000001,107.0,193,United Kingdom,United Kingdom,1,0.5650373049655343,56.5,Medium Risk,"Loyalty reward, product recommendations, re-engagement email.",Automated Email Drip / App Push Notification
12913,192,3,866.39,288.7966666666667,115.0,277,United Kingdom,United Kingdom,0,0.5648904626012219,56.5,Medium Risk,"Loyalty reward, product recommendations, re-engagement email.",Automated Email Drip / App Push Notification
12450,65,2,197.88,98.94,64.0,82,Spain,Spain,1,0.5647765238579461,56.5,Medium Risk,"Loyalty reward, product recommendations, re-engagement email.",Automated Email Drip / App Push Notification
14504,152,3,542.71,180.90333333333334,87.66666666666667,187,United Kingdom,United Kingdom,0,0.564393448675321,56.4,Medium Risk,"Loyalty reward, product recommendations, re-engagement email.",Automated Email Drip / App Push Notification
15589,165,3,478.53000000000003,159.51000000000002,81.0,220,United Kingdom,United Kingdom,1,0.5643530942633775,56.4,Medium Risk,"Loyalty reward, product recommendations, re-engagement email.",Automated Email Drip / App Push Notification
16552,152,2,379.73,189.865,109.5,283,United Kingdom,United Kingdom,1,0.5643245128241274,56.4,Medium Risk,"Loyalty reward, product recommendations, re-engagement email.",Automated Email Drip / App Push Notification
14314,16,1,120.0,120.0,296.0,16,United Kingdom,United Kingdom,1,0.5640831782818152,56.4,Medium Risk,"Loyalty reward, product recommendations, re-engagement email.",Automated Email Drip / App Push Notification
12414,126,3,562.41,187.47,100.0,219,Austria,Other,1,0.5639755311841373,56.4,Medium Risk,"Loyalty reward, product recommendations, re-engagement email.",Automated Email Drip / App Push Notification
14050,15,1,485.98,485.98,447.0,15,United Kingdom,United Kingdom,0,0.5638205974242398,56.4,Medium Risk,"Loyalty reward, product recommendations, re-engagement email.",Automated Email Drip / App Push Notification
14301,26,1,640.14,640.14,606.0,26,United Kingdom,United Kingdom,1,0.5635380869677801,56.4,Medium Risk,"Loyalty reward, product recommendations, re-engagement email.",Automated Email Drip / App Push Notification
16554,131,2,314.11,157.055,64.5,241,United Kingdom,United Kingdom,0,0.5631421881545146,56.3,Medium Risk,"Loyalty reward, product recommendations, re-engagement email.",Automated Email Drip / App Push Notification
15724,110,2,218.25,109.125,36.5,194,United Kingdom,United Kingdom,1,0.5628478503862825,56.3,Medium Risk,"Loyalty reward, product recommendations, re-engagement email.",Automated Email Drip / App Push Notification
16340,16,1,534.31,534.31,486.0,16,United Kingdom,United Kingdom,1,0.5628304276329158,56.3,Medium Risk,"Loyalty reward, product recommendations, re-engagement email.",Automated Email Drip / App Push Notification
18013,64,2,187.29,93.645,142.5,64,United Kingdom,United Kingdom,1,0.5626332523511737,56.3,Medium Risk,"Loyalty reward, product recommendations, re-engagement email.",Automated Email Drip / App Push Notification
17391,73,2,508.8,254.4,240.0,74,United Kingdom,United Kingdom,1,0.5625589433826657,56.3,Medium Risk,"Loyalty reward, product recommendations, re-engagement email.",Automated Email Drip / App Push Notification
18222,2,1,443.0,443.0,335.0,2,United Kingdom,United Kingdom,1,0.5625542225420147,56.3,Medium Risk,"Loyalty reward, product recommendations, re-engagement email.",Automated Email Drip / App Push Notification
13099,8,1,207.35999999999999,207.35999999999999,288.0,8,United Kingdom,United Kingdom,1,0.5621064246360518,56.2,Medium Risk,"Loyalty reward, product recommendations, re-engagement email.",Automated Email Drip / App Push Notification
16647,79,2,214.06,107.03,73.0,114,United Kingdom,United Kingdom,1,0.5619808631776217,56.2,Medium Risk,"Loyalty reward, product recommendations, re-engagement email.",Automated Email Drip / App Push Notification
16389,114,2,670.17,335.085,153.5,192,United Kingdom,United Kingdom,0,0.5619388958655901,56.2,Medium Risk,"Loyalty reward, product recommendations, re-engagement email.",Automated Email Drip / App Push Notification
17115,92,2,612.82,306.41,130.0,142,United Kingdom,United Kingdom,0,0.5618651247107241,56.2,Medium Risk,"Loyalty reward, product recommendations, re-engagement email.",Automated Email Drip / App Push Notification
15456,192,3,434.59000000000003,144.86333333333334,211.0,268,United Kingdom,United Kingdom,1,0.5615642397029649,56.2,Medium Risk,"Loyalty reward, product recommendations, re-engagement email.",Automated Email Drip / App Push Notification
13210,3,1,353.48,353.48,316.0,3,United Kingdom,United Kingdom,1,0.5614703894636339,56.1,Medium Risk,"Loyalty reward, product recommendations, re-engagement email.",Automated Email Drip / App Push Notification
12547,107,2,207.79999999999998,103.89999999999999,67.0,190,Spain,Spain,1,0.561079489247849,56.1,Medium Risk,"Loyalty reward, product recommendations, re-engagement email.",Automated Email Drip / App Push Notification
12857,120,2,1106.4,553.2,171.5,212,United Kingdom,United Kingdom,1,0.5609150759777726,56.1,Medium Risk,"Loyalty reward, product recommendations, re-engagement email.",Automated Email Drip / App Push Notification
17004,2,1,905.6,905.6,554.0,2,United Kingdom,United Kingdom,0,0.5604836931932621,56.0,Medium Risk,"Loyalty reward, product recommendations, re-engagement email.",Automated Email Drip / App Push Notification
16761,6,1,316.62,316.62,341.0,6,United Kingdom,United Kingdom,1,0.5598884649072677,56.0,Medium Risk,"Loyalty reward, product recommendations, re-engagement email.",Automated Email Drip / App Push Notification
16163,141,2,856.6,428.3,96.0,274,United Kingdom,United Kingdom,1,0.5598648992928027,56.0,Medium Risk,"Loyalty reward, product recommendations, re-engagement email.",Automated Email Drip / App Push Notification
12937,106,2,428.23,214.115,134.0,176,United Kingdom,United Kingdom,0,0.5598230031493618,56.0,Medium Risk,"Loyalty reward, product recommendations, re-engagement email.",Automated Email Drip / App Push Notification
12689,37,1,511.03,511.03,281.0,37,France,France,0,0.5596928476871518,56.0,Medium Risk,"Loyalty reward, product recommendations, re-engagement email.",Automated Email Drip / App Push Notification
16730,144,2,480.94,240.47,375.0,228,United Kingdom,United Kingdom,0,0.5592972923182866,55.9,Medium Risk,"Loyalty reward, product recommendations, re-engagement email.",Automated Email Drip / App Push Notification
18218,120,2,641.92,320.96,268.0,191,United Kingdom,United Kingdom,1,0.5592456758099598,55.9,Medium Risk,"Loyalty reward, product recommendations, re-engagement email.",Automated Email Drip / App Push Notification
12610,15,2,1256.25,628.125,312.5,35,Italy,Other,0,0.5591340156837485,55.9,Medium Risk,"Loyalty reward, product recommendations, re-engagement email.",Automated Email Drip / App Push Notification
14377,100,2,617.05,308.525,109.5,171,United Kingdom,United Kingdom,1,0.5584927312899385,55.8,Medium Risk,"Loyalty reward, product recommendations, re-engagement email.",Automated Email Drip / App Push Notification
14265,18,2,530.18,265.09,165.0,58,Unspecified,Other,1,0.5583591105901621,55.8,Medium Risk,"Loyalty reward, product recommendations, re-engagement email.",Automated Email Drip / App Push Notification
13644,15,1,851.09,851.09,659.0,15,United Kingdom,United Kingdom,0,0.5583560478763568,55.8,Medium Risk,"Loyalty reward, product recommendations, re-engagement email.",Automated Email Drip / App Push Notification
13726,10,1,292.68,292.68,384.0,10,United Kingdom,United Kingdom,0,0.5578863819775904,55.8,Medium Risk,"Loyalty reward, product recommendations, re-engagement email.",Automated Email Drip / App Push Notification
15258,78,2,623.16,311.58,71.0,126,United Kingdom,United Kingdom,1,0.5576229346769604,55.8,Medium Risk,"Loyalty reward, product recommendations, re-engagement email.",Automated Email Drip / App Push Notification
12897,114,2,216.5,108.25,55.0,211,United Kingdom,United Kingdom,1,0.5569045049261923,55.7,Medium Risk,"Loyalty reward, product recommendations, re-engagement email.",Automated Email Drip / App Push Notification
12717,60,2,1030.98,515.49,253.0,155,Greece,Other,1,0.5568257162628919,55.7,Medium Risk,"Loyalty reward, product recommendations, re-engagement email.",Automated Email Drip / App Push Notification
17889,121,2,201.37,100.685,38.5,231,United Kingdom,United Kingdom,1,0.5566770804382565,55.7,Medium Risk,"Loyalty reward, product recommendations, re-engagement email.",Automated Email Drip / App Push Notification
17075,162,3,696.07,232.02333333333334,80.33333333333333,226,United Kingdom,United Kingdom,0,0.5564405847751178,55.6,Medium Risk,"Loyalty reward, product recommendations, re-engagement email.",Automated Email Drip / App Push Notification
12644,39,1,477.91,477.91,325.0,39,Germany,Germany,1,0.5563478378306754,55.6,Medium Risk,"Loyalty reward, product recommendations, re-engagement email.",Automated Email Drip / App Push Notification
17935,47,2,145.79,72.895,41.0,51,United Kingdom,United Kingdom,1,0.5563077776683337,55.6,Medium Risk,"Loyalty reward, product recommendations, re-engagement email.",Automated Email Drip / App Push Notification
16023,101,2,500.69,250.345,113.5,175,United Kingdom,United Kingdom,0,0.5561928704072895,55.6,Medium Risk,"Loyalty reward, product recommendations, re-engagement email.",Automated Email Drip / App Push Notification
14195,111,2,1012.0,506.0,380.0,161,United Kingdom,United Kingdom,1,0.5561286647710368,55.6,Medium Risk,"Loyalty reward, product recommendations, re-engagement email.",Automated Email Drip / App Push Notification
12688,23,1,4873.8099999999995,4873.8099999999995,3028.0,23,Israel,Other,1,0.5556651266017665,55.6,Medium Risk,"Loyalty reward, product recommendations, re-engagement email.",Automated Email Drip / App Push Notification
15912,87,2,264.62,132.31,92.5,142,United Kingdom,United Kingdom,1,0.5556581749803915,55.6,Medium Risk,"Loyalty reward, product recommendations, re-engagement email.",Automated Email Drip / App Push Notification
13771,108,2,1464.8500000000001,732.4250000000001,412.5,156,United Kingdom,United Kingdom,0,0.5556249448501521,55.6,Medium Risk,"Loyalty reward, product recommendations, re-engagement email.",Automated Email Drip / App Push Notification
13420,59,2,159.85,79.925,50.5,80,United Kingdom,United Kingdom,1,0.5555473514566248,55.6,Medium Risk,"Loyalty reward, product recommendations, re-engagement email.",Automated Email Drip / App Push Notification
13805,38,1,500.24,500.24,728.0,38,United Kingdom,United Kingdom,0,0.555368631564691,55.5,Medium Risk,"Loyalty reward, product recommendations, re-engagement email.",Automated Email Drip / App Push Notification
12370,184,3,2802.66,934.2199999999999,657.3333333333334,269,Cyprus,Other,0,0.5553268921350768,55.5,Medium Risk,"Loyalty reward, product recommendations, re-engagement email.",Automated Email Drip / App Push Notification
15467,54,2,402.56,201.28,117.5,61,United Kingdom,United Kingdom,0,0.5549881518167734,55.5,Medium Risk,"Loyalty reward, product recommendations, re-engagement email.",Automated Email Drip / App Push Notification
14561,71,2,566.99,283.495,187.5,93,United Kingdom,United Kingdom,0,0.5547608224150608,55.5,Medium Risk,"Loyalty reward, product recommendations, re-engagement email.",Automated Email Drip / App Push Notification
13294,99,2,873.74,436.87,226.5,159,United Kingdom,United Kingdom,1,0.5546759330795895,55.5,Medium Risk,"Loyalty reward, product recommendations, re-engagement email.",Automated Email Drip / App Push Notification
16007,90,2,727.67,363.835,290.5,124,United Kingdom,United Kingdom,0,0.5545665067043111,55.5,Medium Risk,"Loyalty reward, product recommendations, re-engagement email.",Automated Email Drip / App Push Notification
13837,121,2,266.59000000000003,133.29500000000002,91.0,227,United Kingdom,United Kingdom,1,0.5543581977573505,55.4,Medium Risk,"Loyalty reward, product recommendations, re-engagement email.",Automated Email Drip / App Push Notification
16833,169,3,671.29,223.76333333333332,102.0,243,United Kingdom,United Kingdom,0,0.5543533922846744,55.4,Medium Risk,"Loyalty reward, product recommendations, re-engagement email.",Automated Email Drip / App Push Notification
15918,100,2,334.23,167.115,76.5,180,United Kingdom,United Kingdom,1,0.554170729329592,55.4,Medium Risk,"Loyalty reward, product recommendations, re-engagement email.",Automated Email Drip / App Push Notification
14360,4,1,1124.49,1124.49,733.0,4,United Kingdom,United Kingdom,0,0.5537214893244942,55.4,Medium Risk,"Loyalty reward, product recommendations, re-engagement email.",Automated Email Drip / App Push Notification
16838,106,2,588.85,294.425,92.5,197,United Kingdom,United Kingdom,1,0.5534432251792176,55.3,Medium Risk,"Loyalty reward, product recommendations, re-engagement email.",Automated Email Drip / App Push Notification
17062,223,4,533.33,133.3325,104.5,279,United Kingdom,United Kingdom,1,0.5533478921641962,55.3,Medium Risk,"Loyalty reward, product recommendations, re-engagement email.",Automated Email Drip / App Push Notification
14553,128,2,312.32,156.16,91.0,248,United Kingdom,United Kingdom,0,0.5524788632583104,55.2,Medium Risk,"Loyalty reward, product recommendations, re-engagement email.",Automated Email Drip / App Push Notification
12571,31,1,248.35,248.35,197.0,31,France,France,0,0.5520905411520988,55.2,Medium Risk,"Loyalty reward, product recommendations, re-engagement email.",Automated Email Drip / App Push Notification
16603,0,1,296.62,296.62,363.0,0,United Kingdom,United Kingdom,0,0.5520689103336857,55.2,Medium Risk,"Loyalty reward, product recommendations, re-engagement email.",Automated Email Drip / App Push Notification
16378,156,3,362.95,120.98333333333333,89.0,220,United Kingdom,United Kingdom,1,0.5515295749781526,55.2,Medium Risk,"Loyalty reward, product recommendations, re-engagement email.",Automated Email Drip / App Push Notification
17838,201,3,1655.0,551.6666666666666,340.6666666666667,281,United Kingdom,United Kingdom,0,0.5510183623727649,55.1,Medium Risk,"Loyalty reward, product recommendations, re-engagement email.",Automated Email Drip / App Push Notification
18121,58,2,653.3,326.65,219.0,64,United Kingdom,United Kingdom,1,0.5510059935746028,55.1,Medium Risk,"Loyalty reward, product recommendations, re-engagement email.",Automated Email Drip / App Push Notification
13827,43,2,300.76,150.38,47.5,52,United Kingdom,United Kingdom,0,0.5509829652813658,55.1,Medium Risk,"Loyalty reward, product recommendations, re-engagement email.",Automated Email Drip / App Push Notification
16109,128,2,611.88,305.94,306.0,218,United Kingdom,United Kingdom,1,0.5509561436460231,55.1,Medium Risk,"Loyalty reward, product recommendations, re-engagement email.",Automated Email Drip / App Push Notification
16449,107,2,707.69,353.845,183.5,190,United Kingdom,United Kingdom,1,0.5508773537664836,55.1,Medium Risk,"Loyalty reward, product recommendations, re-engagement email.",Automated Email Drip / App Push Notification
12534,40,1,1089.18,1089.18,651.0,40,Germany,Germany,1,0.5508119571609604,55.1,Medium Risk,"Loyalty reward, product recommendations, re-engagement email.",Automated Email Drip / App Push Notification
16357,71,2,257.95,128.975,27.5,123,United Kingdom,United Kingdom,0,0.5507987720658392,55.1,Medium Risk,"Loyalty reward, product recommendations, re-engagement email.",Automated Email Drip / App Push Notification
12729,23,1,453.01,453.01,233.0,23,France,France,1,0.5507085812619973,55.1,Medium Risk,"Loyalty reward, product recommendations, re-engagement email.",Automated Email Drip / App Push Notification
16660,120,2,384.36,192.18,114.0,229,United Kingdom,United Kingdom,0,0.5506305347890879,55.1,Medium Risk,"Loyalty reward, product recommendations, re-engagement email.",Automated Email Drip / App Push Notification
18136,121,2,600.85,300.425,147.5,229,United Kingdom,United Kingdom,0,0.5506099361190802,55.1,Medium Risk,"Loyalty reward, product recommendations, re-engagement email.",Automated Email Drip / App Push Notification
14465,156,3,1038.44,346.1466666666667,132.66666666666666,212,United Kingdom,United Kingdom,1,0.5502069959436883,55.0,Medium Risk,"Loyalty reward, product recommendations, re-engagement email.",Automated Email Drip / App Push Notification
14447,105,2,601.03,300.515,156.5,190,United Kingdom,United Kingdom,0,0.549851251594764,55.0,Medium Risk,"Loyalty reward, product recommendations, re-engagement email.",Automated Email Drip / App Push Notification
16037,179,3,855.02,285.00666666666666,142.66666666666666,268,United Kingdom,United Kingdom,1,0.5495035775239879,55.0,Medium Risk,"Loyalty reward, product recommendations, re-engagement email.",Automated Email Drip / App Push Notification
17158,142,2,698.55,349.275,230.5,269,United Kingdom,United Kingdom,0,0.5494777825163425,54.9,Medium Risk,"Loyalty reward, product recommendations, re-engagement email.",Automated Email Drip / App Push Notification
15349,67,2,463.90999999999997,231.95499999999998,160.5,96,United Kingdom,United Kingdom,1,0.5493280607618156,54.9,Medium Risk,"Loyalty reward, product recommendations, re-engagement email.",Automated Email Drip / App Push Notification
12716,42,1,677.9,677.9,503.0,42,France,France,0,0.5489331944122285,54.9,Medium Risk,"Loyalty reward, product recommendations, re-engagement email.",Automated Email Drip / App Push Notification
16053,31,1,1124.19,1124.19,1003.0,31,United Kingdom,United Kingdom,0,0.5489292073084164,54.9,Medium Risk,"Loyalty reward, product recommendations, re-engagement email.",Automated Email Drip / App Push Notification
14338,70,2,588.22,294.11,167.5,105,United Kingdom,United Kingdom,1,0.5487524227595403,54.9,Medium Risk,"Loyalty reward, product recommendations, re-engagement email.",Automated Email Drip / App Push Notification
17630,79,2,503.59999999999997,251.79999999999998,79.0,141,United Kingdom,United Kingdom,1,0.5486791454744099,54.9,Medium Risk,"Loyalty reward, product recommendations, re-engagement email.",Automated Email Drip / App Push Notification
17932,83,2,934.51,467.255,296.5,120,United Kingdom,United Kingdom,0,0.5484561439992319,54.8,Medium Risk,"Loyalty reward, product recommendations, re-engagement email.",Automated Email Drip / App Push Notification
13189,24,1,127.0,127.0,526.0,24,United Kingdom,United Kingdom,0,0.5482569628180245,54.8,Medium Risk,"Loyalty reward, product recommendations, re-engagement email.",Automated Email Drip / App Push Notification
14226,119,2,1692.0,846.0,537.5,178,United Kingdom,United Kingdom,0,0.5479748394018537,54.8,Medium Risk,"Loyalty reward, product recommendations, re-engagement email.",Automated Email Drip / App Push Notification
14700,99,2,1541.1,770.55,424.0,147,United Kingdom,United Kingdom,0,0.5479155244693549,54.8,Medium Risk,"Loyalty reward, product recommendations, re-engagement email.",Automated Email Drip / App Push Notification
13949,4,1,537.9,537.9,542.0,4,United Kingdom,United Kingdom,0,0.5478390589662273,54.8,Medium Risk,"Loyalty reward, product recommendations, re-engagement email.",Automated Email Drip / App Push Notification
13388,40,2,677.1,338.55,141.0,40,United Kingdom,United Kingdom,1,0.5477711323298181,54.8,Medium Risk,"Loyalty reward, product recommendations, re-engagement email.",Automated Email Drip / App Push Notification
17267,36,2,317.2,158.6,79.0,36,United Kingdom,United Kingdom,1,0.5474823515747231,54.7,Medium Risk,"Loyalty reward, product recommendations, re-engagement email.",Automated Email Drip / App Push Notification
12518,19,1,324.83,324.83,187.0,19,Germany,Germany,0,0.5473660271672347,54.7,Medium Risk,"Loyalty reward, product recommendations, re-engagement email.",Automated Email Drip / App Push Notification
14616,152,3,406.08000000000004,135.36,34.666666666666664,227,United Kingdom,United Kingdom,1,0.5473194898563286,54.7,Medium Risk,"Loyalty reward, product recommendations, re-engagement email.",Automated Email Drip / App Push Notification
13405,113,2,557.45,278.725,81.5,227,United Kingdom,United Kingdom,0,0.5468709498631493,54.7,Medium Risk,"Loyalty reward, product recommendations, re-engagement email.",Automated Email Drip / App Push Notification
12808,94,2,281.35,140.675,54.0,278,Portugal,Other,0,0.5468364010734671,54.7,Medium Risk,"Loyalty reward, product recommendations, re-engagement email.",Automated Email Drip / App Push Notification
12492,14,1,126.39000000000001,126.39000000000001,69.0,14,Germany,Germany,0,0.5465929462299873,54.7,Medium Risk,"Loyalty reward, product recommendations, re-engagement email.",Automated Email Drip / App Push Notification
16771,184,3,1651.75,550.5833333333334,350.0,247,United Kingdom,United Kingdom,0,0.5460271812650623,54.6,Medium Risk,"Loyalty reward, product recommendations, re-engagement email.",Automated Email Drip / App Push Notification
13005,83,2,513.7,256.85,86.0,155,United Kingdom,United Kingdom,1,0.5456391546802388,54.6,Medium Risk,"Loyalty reward, product recommendations, re-engagement email.",Automated Email Drip / App Push Notification
13282,71,2,773.1,386.55,86.0,130,United Kingdom,United Kingdom,0,0.5456039825324869,54.6,Medium Risk,"Loyalty reward, product recommendations, re-engagement email.",Automated Email Drip / App Push Notification
16091,64,2,315.06,157.53,77.0,108,United Kingdom,United Kingdom,1,0.5453163935720264,54.5,Medium Risk,"Loyalty reward, product recommendations, re-engagement email.",Automated Email Drip / App Push Notification
14817,109,2,1110.34,555.17,327.5,186,United Kingdom,United Kingdom,1,0.5452599697594086,54.5,Medium Risk,"Loyalty reward, product recommendations, re-engagement email.",Automated Email Drip / App Push Notification
16442,137,2,432.43,216.215,176.0,270,United Kingdom,United Kingdom,0,0.5450679270259687,54.5,Medium Risk,"Loyalty reward, product recommendations, re-engagement email.",Automated Email Drip / App Push Notification
16462,95,2,68.0,34.0,4.0,193,United Kingdom,United Kingdom,0,0.5447391063691818,54.5,Medium Risk,"Loyalty reward, product recommendations, re-engagement email.",Automated Email Drip / App Push Notification
15841,127,2,613.26,306.63,183.0,248,United Kingdom,United Kingdom,0,0.5446999678693337,54.5,Medium Risk,"Loyalty reward, product recommendations, re-engagement email.",Automated Email Drip / App Push Notification
16005,92,2,275.41,137.705,58.5,180,United Kingdom,United Kingdom,0,0.5444445880947395,54.4,Medium Risk,"Loyalty reward, product recommendations, re-engagement email.",Automated Email Drip / App Push Notification
12680,22,1,311.78,311.78,230.0,22,France,France,0,0.5442534399858917,54.4,Medium Risk,"Loyalty reward, product recommendations, re-engagement email.",Automated Email Drip / App Push Notification
13963,217,4,664.54,166.135,115.0,277,United Kingdom,United Kingdom,1,0.5441806298849258,54.4,Medium Risk,"Loyalty reward, product recommendations, re-engagement email.",Automated Email Drip / App Push Notification
17088,92,2,1399.1100000000001,699.5550000000001,262.5,163,United Kingdom,United Kingdom,0,0.543877377375004,54.4,Medium Risk,"Loyalty reward, product recommendations, re-engagement email.",Automated Email Drip / App Push Notification
15214,93,2,651.63,325.815,278.0,152,United Kingdom,United Kingdom,0,0.5433889139826619,54.3,Medium Risk,"Loyalty reward, product recommendations, re-engagement email.",Automated Email Drip / App Push Notification
13678,61,1,232.6,232.6,924.0,61,United Kingdom,United Kingdom,1,0.5433825960112574,54.3,Medium Risk,"Loyalty reward, product recommendations, re-engagement email.",Automated Email Drip / App Push Notification
16634,132,2,217.9,108.95,41.0,281,United Kingdom,United Kingdom,1,0.5433650451706622,54.3,Medium Risk,"Loyalty reward, product recommendations, re-engagement email.",Automated Email Drip / App Push Notification
14024,31,2,327.7,163.85,75.0,33,United Kingdom,United Kingdom,1,0.5427968279204998,54.3,Medium Risk,"Loyalty reward, product recommendations, re-engagement email.",Automated Email Drip / App Push Notification
13647,84,2,803.86,401.93,220.5,144,United Kingdom,United Kingdom,0,0.542556104070545,54.3,Medium Risk,"Loyalty reward, product recommendations, re-engagement email.",Automated Email Drip / App Push Notification
14883,73,2,358.48,179.24,161.0,121,United Kingdom,United Kingdom,0,0.542422234474745,54.2,Medium Risk,"Loyalty reward, product recommendations, re-engagement email.",Automated Email Drip / App Push Notification
15976,74,2,427.64,213.82,137.5,129,United Kingdom,United Kingdom,1,0.5421823376568115,54.2,Medium Risk,"Loyalty reward, product recommendations, re-engagement email.",Automated Email Drip / App Push Notification
14704,52,2,207.5,103.75,50.5,89,United Kingdom,United Kingdom,0,0.5412578044719092,54.1,Medium Risk,"Loyalty reward, product recommendations, re-engagement email.",Automated Email Drip / App Push Notification
15494,30,1,1119.88,1119.88,1071.0,30,United Kingdom,United Kingdom,0,0.5412423828167451,54.1,Medium Risk,"Loyalty reward, product recommendations, re-engagement email.",Automated Email Drip / App Push Notification
16644,87,2,833.78,416.89,413.0,121,United Kingdom,United Kingdom,1,0.5410258637716806,54.1,Medium Risk,"Loyalty reward, product recommendations, re-engagement email.",Automated Email Drip / App Push Notification
13812,14,1,278.74,278.74,191.0,14,Germany,Germany,0,0.5409909640582152,54.1,Medium Risk,"Loyalty reward, product recommendations, re-engagement email.",Automated Email Drip / App Push Notification
12845,176,4,354.09,88.5225,51.0,199,United Kingdom,United Kingdom,1,0.5408006789096489,54.1,Medium Risk,"Loyalty reward, product recommendations, re-engagement email.",Automated Email Drip / App Push Notification
17147,116,2,973.11,486.555,258.5,221,United Kingdom,United Kingdom,0,0.5406173452888652,54.1,Medium Risk,"Loyalty reward, product recommendations, re-engagement email.",Automated Email Drip / App Push Notification
15679,63,2,260.26,130.13,199.0,92,United Kingdom,United Kingdom,0,0.540514056618513,54.1,Medium Risk,"Loyalty reward, product recommendations, re-engagement email.",Automated Email Drip / App Push Notification
17414,94,1,598.0,598.0,1380.0,94,United Kingdom,United Kingdom,0,0.5405041384232038,54.1,Medium Risk,"Loyalty reward, product recommendations, re-engagement email.",Automated Email Drip / App Push Notification
12798,80,1,1607.04,1607.04,2256.0,80,Japan,Other,0,0.5401479932726087,54.0,Medium Risk,"Loyalty reward, product recommendations, re-engagement email.",Automated Email Drip / App Push Notification
15164,117,2,363.23,181.615,71.0,248,United Kingdom,United Kingdom,0,0.5397804360139469,54.0,Medium Risk,"Loyalty reward, product recommendations, re-engagement email.",Automated Email Drip / App Push Notification
13895,52,2,937.3000000000001,468.65000000000003,218.0,74,United Kingdom,United Kingdom,0,0.5396841848144107,54.0,Medium Risk,"Loyalty reward, product recommendations, re-engagement email.",Automated Email Drip / App Push Notification
16330,21,2,48.96,24.48,11.5,21,United Kingdom,United Kingdom,0,0.5396544261777593,54.0,Medium Risk,"Loyalty reward, product recommendations, re-engagement email.",Automated Email Drip / App Push Notification
17749,87,2,674.52,337.26,160.0,165,United Kingdom,United Kingdom,1,0.5395867215021647,54.0,Medium Risk,"Loyalty reward, product recommendations, re-engagement email.",Automated Email Drip / App Push Notification
14719,88,2,488.12,244.06,199.0,158,United Kingdom,United Kingdom,0,0.5394503370714661,53.9,Medium Risk,"Loyalty reward, product recommendations, re-engagement email.",Automated Email Drip / App Push Notification
17580,162,3,215.72,71.90666666666667,29.333333333333332,267,United Kingdom,United Kingdom,1,0.5393399939341388,53.9,Medium Risk,"Loyalty reward, product recommendations, re-engagement email.",Automated Email Drip / App Push Notification
16734,23,2,302.40999999999997,151.20499999999998,54.0,23,United Kingdom,United Kingdom,0,0.5393121083053468,53.9,Medium Risk,"Loyalty reward, product recommendations, re-engagement email.",Automated Email Drip / App Push Notification
17361,95,2,263.92,131.96,31.5,201,United Kingdom,United Kingdom,0,0.5392103729201684,53.9,Medium Risk,"Loyalty reward, product recommendations, re-engagement email.",Automated Email Drip / App Push Notification
12461,3,2,826.88,413.44,143.5,64,Switzerland,Other,1,0.5390920647489217,53.9,Medium Risk,"Loyalty reward, product recommendations, re-engagement email.",Automated Email Drip / App Push Notification
14001,142,2,1309.14,654.57,316.0,282,United Kingdom,United Kingdom,0,0.5390511391932465,53.9,Medium Risk,"Loyalty reward, product recommendations, re-engagement email.",Automated Email Drip / App Push Notification
12413,145,2,563.9,281.95,102.5,246,France,France,0,0.5387379052940887,53.9,Medium Risk,"Loyalty reward, product recommendations, re-engagement email.",Automated Email Drip / App Push Notification
12642,17,1,366.45,366.45,277.0,17,Germany,Germany,0,0.538633002078316,53.9,Medium Risk,"Loyalty reward, product recommendations, re-engagement email.",Automated Email Drip / App Push Notification
17505,71,2,1145.84,572.92,278.0,115,United Kingdom,United Kingdom,1,0.5384712715016353,53.8,Medium Risk,"Loyalty reward, product recommendations, re-engagement email.",Automated Email Drip / App Push Notification
15267,65,2,1407.76,703.88,352.0,92,United Kingdom,United Kingdom,0,0.5382828398205383,53.8,Medium Risk,"Loyalty reward, product recommendations, re-engagement email.",Automated Email Drip / App Push Notification
15104,106,2,993.54,496.77,317.5,191,United Kingdom,United Kingdom,1,0.5382494361487944,53.8,Medium Risk,"Loyalty reward, product recommendations, re-engagement email.",Automated Email Drip / App Push Notification
14998,79,2,414.87,207.435,129.0,150,United Kingdom,United Kingdom,1,0.537862515333428,53.8,Medium Risk,"Loyalty reward, product recommendations, re-engagement email.",Automated Email Drip / App Push Notification
16877,61,2,188.98,94.49,52.0,117,United Kingdom,United Kingdom,0,0.5374310066658353,53.7,Medium Risk,"Loyalty reward, product recommendations, re-engagement email.",Automated Email Drip / App Push Notification
13310,115,2,817.65,408.825,197.5,233,United Kingdom,United Kingdom,0,0.5370699037770154,53.7,Medium Risk,"Loyalty reward, product recommendations, re-engagement email.",Automated Email Drip / App Push Notification
17704,78,2,885.19,442.595,171.5,149,United Kingdom,United Kingdom,1,0.537003774288089,53.7,Medium Risk,"Loyalty reward, product recommendations, re-engagement email.",Automated Email Drip / App Push Notification
16226,112,3,255.12,85.04,64.0,144,United Kingdom,United Kingdom,1,0.5368562873459812,53.7,Medium Risk,"Loyalty reward, product recommendations, re-engagement email.",Automated Email Drip / App Push Notification
17856,142,3,1142.63,380.8766666666667,192.33333333333334,191,United Kingdom,United Kingdom,0,0.5367469809673557,53.7,Medium Risk,"Loyalty reward, product recommendations, re-engagement email.",Automated Email Drip / App Push Notification
15952,68,2,309.2,154.6,70.0,134,United Kingdom,United Kingdom,0,0.5366944777871455,53.7,Medium Risk,"Loyalty reward, product recommendations, re-engagement email.",Automated Email Drip / App Push Notification
17033,123,2,608.1,304.05,95.0,268,United Kingdom,United Kingdom,0,0.5364673834875292,53.6,Medium Risk,"Loyalty reward, product recommendations, re-engagement email.",Automated Email Drip / App Push Notification
16041,50,2,2739.8,1369.9,522.0,50,United Kingdom,United Kingdom,0,0.5364516248899885,53.6,Medium Risk,"Loyalty reward, product recommendations, re-engagement email.",Automated Email Drip / App Push Notification
13735,85,2,1409.69,704.845,359.5,143,United Kingdom,United Kingdom,0,0.5361233929532304,53.6,Medium Risk,"Loyalty reward, product recommendations, re-engagement email.",Automated Email Drip / App Push Notification
13124,161,2,2516.47,1258.235,800.5,268,United Kingdom,United Kingdom,0,0.5360012165775039,53.6,Medium Risk,"Loyalty reward, product recommendations, re-engagement email.",Automated Email Drip / App Push Notification
14176,206,4,576.9000000000001,144.22500000000002,52.25,277,United Kingdom,United Kingdom,1,0.5359149490778593,53.6,Medium Risk,"Loyalty reward, product recommendations, re-engagement email.",Automated Email Drip / App Push Notification
15449,94,2,647.7,323.85,258.0,171,United Kingdom,United Kingdom,0,0.5359088457997725,53.6,Medium Risk,"Loyalty reward, product recommendations, re-engagement email.",Automated Email Drip / App Push Notification
13487,122,2,408.8,204.4,106.5,262,United Kingdom,United Kingdom,0,0.5356073531207719,53.6,Medium Risk,"Loyalty reward, product recommendations, re-engagement email.",Automated Email Drip / App Push Notification
12816,5,2,572.2,286.1,64.0,85,Poland,Other,1,0.5355118014682262,53.6,Medium Risk,"Loyalty reward, product recommendations, re-engagement email.",Automated Email Drip / App Push Notification
14331,33,2,462.65999999999997,231.32999999999998,126.0,44,United Kingdom,United Kingdom,1,0.5354563042473067,53.5,Medium Risk,"Loyalty reward, product recommendations, re-engagement email.",Automated Email Drip / App Push Notification
18180,46,2,601.85,300.925,276.5,52,United Kingdom,United Kingdom,0,0.535189591146196,53.5,Medium Risk,"Loyalty reward, product recommendations, re-engagement email.",Automated Email Drip / App Push Notification
17795,89,2,342.83,171.415,152.5,174,United Kingdom,United Kingdom,1,0.5350408651078801,53.5,Medium Risk,"Loyalty reward, product recommendations, re-engagement email.",Automated Email Drip / App Push Notification
16952,18,2,167.61,83.805,46.0,18,United Kingdom,United Kingdom,1,0.5348649621151145,53.5,Medium Risk,"Loyalty reward, product recommendations, re-engagement email.",Automated Email Drip / App Push Notification
12463,84,3,985.79,328.59666666666664,192.33333333333334,151,Belgium,Other,0,0.5347889482191498,53.5,Medium Risk,"Loyalty reward, product recommendations, re-engagement email.",Automated Email Drip / App Push Notification
17579,47,2,270.86,135.43,65.0,88,United Kingdom,United Kingdom,0,0.5340628911986125,53.4,Medium Risk,"Loyalty reward, product recommendations, re-engagement email.",Automated Email Drip / App Push Notification
12513,22,1,612.29,612.29,462.0,22,France,France,1,0.5340398378345902,53.4,Medium Risk,"Loyalty reward, product recommendations, re-engagement email.",Automated Email Drip / App Push Notification
14320,116,2,477.79,238.895,162.5,242,United Kingdom,United Kingdom,1,0.5337876109731557,53.4,Medium Risk,"Loyalty reward, product recommendations, re-engagement email.",Automated Email Drip / App Push Notification
13309,116,2,546.64,273.32,308.0,218,United Kingdom,United Kingdom,0,0.5336736544998129,53.4,Medium Risk,"Loyalty reward, product recommendations, re-engagement email.",Automated Email Drip / App Push Notification
14514,110,2,403.11,201.555,86.5,240,United Kingdom,United Kingdom,0,0.5335016474016886,53.4,Medium Risk,"Loyalty reward, product recommendations, re-engagement email.",Automated Email Drip / App Push Notification
17173,26,2,961.26,480.63,119.0,40,United Kingdom,United Kingdom,0,0.5331696134492132,53.3,Medium Risk,"Loyalty reward, product recommendations, re-engagement email.",Automated Email Drip / App Push Notification
12432,79,3,4016.66,1338.8866666666665,475.6666666666667,81,Norway,Other,0,0.5326945616610281,53.3,Medium Risk,"Loyalty reward, product recommendations, re-engagement email.",Automated Email Drip / App Push Notification
12597,92,2,1428.81,714.405,337.5,177,Spain,Spain,0,0.5319529144858359,53.2,Medium Risk,"Loyalty reward, product recommendations, re-engagement email.",Automated Email Drip / App Push Notification
17180,150,3,552.8,184.26666666666665,172.0,225,United Kingdom,United Kingdom,0,0.5318101440276982,53.2,Medium Risk,"Loyalty reward, product recommendations, re-engagement email.",Automated Email Drip / App Push Notification
14818,78,2,409.63,204.815,101.0,163,United Kingdom,United Kingdom,0,0.5318064412909184,53.2,Medium Risk,"Loyalty reward, product recommendations, re-engagement email.",Automated Email Drip / App Push Notification
14880,94,2,347.67,173.835,118.5,198,United Kingdom,United Kingdom,0,0.5316811813785354,53.2,Medium Risk,"Loyalty reward, product recommendations, re-engagement email.",Automated Email Drip / App Push Notification
13835,64,2,537.34,268.67,145.5,124,United Kingdom,United Kingdom,0,0.5314191822460969,53.1,Medium Risk,"Loyalty reward, product recommendations, re-engagement email.",Automated Email Drip / App Push Notification
14823,89,3,321.43,107.14333333333333,29.333333333333332,104,United Kingdom,United Kingdom,1,0.5311665374663388,53.1,Medium Risk,"Loyalty reward, product recommendations, re-engagement email.",Automated Email Drip / App Push Notification
13575,43,2,218.75,109.375,56.5,85,United Kingdom,United Kingdom,0,0.5306308623291924,53.1,Medium Risk,"Loyalty reward, product recommendations, re-engagement email.",Automated Email Drip / App Push Notification
14684,124,2,493.44,246.72,135.0,272,United Kingdom,United Kingdom,0,0.5306034913812722,53.1,Medium Risk,"Loyalty reward, product recommendations, re-engagement email.",Automated Email Drip / App Push Notification
13277,25,2,125.9,62.95,43.0,43,United Kingdom,United Kingdom,0,0.5302188488803151,53.0,Medium Risk,"Loyalty reward, product recommendations, re-engagement email.",Automated Email Drip / App Push Notification
14662,144,3,512.28,170.76,107.33333333333333,225,United Kingdom,United Kingdom,0,0.5300173961353792,53.0,Medium Risk,"Loyalty reward, product recommendations, re-engagement email.",Automated Email Drip / App Push Notification
13167,40,2,417.55,208.775,223.5,53,United Kingdom,United Kingdom,0,0.529952985112605,53.0,Medium Risk,"Loyalty reward, product recommendations, re-engagement email.",Automated Email Drip / App Push Notification
12526,3,1,520.3,520.3,318.0,3,Germany,Germany,0,0.5297390759207523,53.0,Medium Risk,"Loyalty reward, product recommendations, re-engagement email.",Automated Email Drip / App Push Notification
17272,108,2,1409.44,704.72,580.5,172,United Kingdom,United Kingdom,0,0.5294977277935522,52.9,Medium Risk,"Loyalty reward, product recommendations, re-engagement email.",Automated Email Drip / App Push Notification
14855,28,2,645.65,322.825,133.5,44,United Kingdom,United Kingdom,1,0.5294300257602463,52.9,Medium Risk,"Loyalty reward, product recommendations, re-engagement email.",Automated Email Drip / App Push Notification
13038,93,2,591.76,295.88,140.0,200,United Kingdom,United Kingdom,0,0.5291904610108155,52.9,Medium Risk,"Loyalty reward, product recommendations, re-engagement email.",Automated Email Drip / App Push Notification
17043,87,2,324.96999999999997,162.48499999999999,178.5,175,United Kingdom,United Kingdom,0,0.5289817375561233,52.9,Medium Risk,"Loyalty reward, product recommendations, re-engagement email.",Automated Email Drip / App Push Notification
15620,130,2,875.01,437.505,300.0,267,United Kingdom,United Kingdom,0,0.5287834608170432,52.9,Medium Risk,"Loyalty reward, product recommendations, re-engagement email.",Automated Email Drip / App Push Notification
15181,84,2,434.99999999999994,217.49999999999997,126.0,179,United Kingdom,United Kingdom,0,0.52872670277858,52.9,Medium Risk,"Loyalty reward, product recommendations, re-engagement email.",Automated Email Drip / App Push Notification
13592,115,3,205.51,68.50333333333333,23.666666666666668,173,United Kingdom,United Kingdom,0,0.5285878743135137,52.9,Medium Risk,"Loyalty reward, product recommendations, re-engagement email.",Automated Email Drip / App Push Notification
18081,22,2,208.05,104.025,27.5,43,United Kingdom,United Kingdom,0,0.5283351897523291,52.8,Medium Risk,"Loyalty reward, product recommendations, re-engagement email.",Automated Email Drip / App Push Notification
17483,43,2,274.74,137.37,49.0,92,United Kingdom,United Kingdom,0,0.5278788517955874,52.8,Medium Risk,"Loyalty reward, product recommendations, re-engagement email.",Automated Email Drip / App Push Notification
16496,117,2,1185.04,592.52,392.0,226,United Kingdom,United Kingdom,0,0.527827248300177,52.8,Medium Risk,"Loyalty reward, product recommendations, re-engagement email.",Automated Email Drip / App Push Notification
13730,45,2,752.6,376.3,244.0,71,United Kingdom,United Kingdom,1,0.5275335957758599,52.8,Medium Risk,"Loyalty reward, product recommendations, re-engagement email.",Automated Email Drip / App Push Notification
17550,106,3,267.16,89.05333333333334,28.666666666666668,152,United Kingdom,United Kingdom,1,0.5274857387751085,52.7,Medium Risk,"Loyalty reward, product recommendations, re-engagement email.",Automated Email Drip / App Push Notification
12360,22,2,1618.28,809.14,337.0,110,Austria,Other,0,0.526978049038216,52.7,Medium Risk,"Loyalty reward, product recommendations, re-engagement email.",Automated Email Drip / App Push Notification
13476,88,2,1238.47,619.235,208.5,190,United Kingdom,United Kingdom,1,0.5269189912922438,52.7,Medium Risk,"Loyalty reward, product recommendations, re-engagement email.",Automated Email Drip / App Push Notification
14891,57,2,554.38,277.19,252.5,97,United Kingdom,United Kingdom,1,0.5266981752372051,52.7,Medium Risk,"Loyalty reward, product recommendations, re-engagement email.",Automated Email Drip / App Push Notification
17351,78,2,427.3,213.65,46.0,182,United Kingdom,United Kingdom,0,0.526578119680046,52.7,Medium Risk,"Loyalty reward, product recommendations, re-engagement email.",Automated Email Drip / App Push Notification
16832,93,3,199.15,66.38333333333334,11.0,126,United Kingdom,United Kingdom,1,0.5262521355537726,52.6,Medium Risk,"Loyalty reward, product recommendations, re-engagement email.",Automated Email Drip / App Push Notification
14475,95,2,622.17,311.085,121.5,214,United Kingdom,United Kingdom,0,0.526073198955473,52.6,Medium Risk,"Loyalty reward, product recommendations, re-engagement email.",Automated Email Drip / App Push Notification
14905,67,2,616.15,308.075,143.5,143,United Kingdom,United Kingdom,1,0.5256288460879,52.6,Medium Risk,"Loyalty reward, product recommendations, re-engagement email.",Automated Email Drip / App Push Notification
17019,171,3,995.93,331.97666666666663,219.33333333333334,277,United Kingdom,United Kingdom,0,0.5254679539888605,52.5,Medium Risk,"Loyalty reward, product recommendations, re-engagement email.",Automated Email Drip / App Push Notification
16929,37,2,428.88,214.44,163.0,65,United Kingdom,United Kingdom,0,0.5250564688009122,52.5,Medium Risk,"Loyalty reward, product recommendations, re-engagement email.",Automated Email Drip / App Push Notification
17781,68,2,188.02,94.01,17.0,162,United Kingdom,United Kingdom,1,0.5249171618440196,52.5,Medium Risk,"Loyalty reward, product recommendations, re-engagement email.",Automated Email Drip / App Push Notification
12990,94,2,263.9,131.95,65.0,219,United Kingdom,United Kingdom,0,0.5242660983017575,52.4,Medium Risk,"Loyalty reward, product recommendations, re-engagement email.",Automated Email Drip / App Push Notification
15081,117,2,248.05,124.025,56.5,276,United Kingdom,United Kingdom,0,0.5242528232436813,52.4,Medium Risk,"Loyalty reward, product recommendations, re-engagement email.",Automated Email Drip / App Push Notification
14477,93,2,523.0,261.5,150.0,206,United Kingdom,United Kingdom,0,0.5241709853296019,52.4,Medium Risk,"Loyalty reward, product recommendations, re-engagement email.",Automated Email Drip / App Push Notification
15329,43,2,754.0,377.0,193.0,81,United Kingdom,United Kingdom,0,0.5241294711326501,52.4,Medium Risk,"Loyalty reward, product recommendations, re-engagement email.",Automated Email Drip / App Push Notification
17265,48,2,550.01,275.005,194.5,90,United Kingdom,United Kingdom,1,0.5239552315513007,52.4,Medium Risk,"Loyalty reward, product recommendations, re-engagement email.",Automated Email Drip / App Push Notification
16593,99,2,255.5,127.75,42.5,237,United Kingdom,United Kingdom,0,0.5230656218725399,52.3,Medium Risk,"Loyalty reward, product recommendations, re-engagement email.",Automated Email Drip / App Push Notification
14264,64,2,333.97,166.985,35.0,155,United Kingdom,United Kingdom,1,0.5228875736756091,52.3,Medium Risk,"Loyalty reward, product recommendations, re-engagement email.",Automated Email Drip / App Push Notification
16010,155,3,392.4,130.79999999999998,67.33333333333333,272,United Kingdom,United Kingdom,1,0.5226594221101019,52.3,Medium Risk,"Loyalty reward, product recommendations, re-engagement email.",Automated Email Drip / App Push Notification
15605,161,3,690.1800000000001,230.06000000000003,88.66666666666667,282,United Kingdom,United Kingdom,0,0.5224447155621933,52.2,Medium Risk,"Loyalty reward, product recommendations, re-engagement email.",Automated Email Drip / App Push Notification
15732,121,2,294.12,147.06,107.5,281,United Kingdom,United Kingdom,1,0.5222858265991456,52.2,Medium Risk,"Loyalty reward, product recommendations, re-engagement email.",Automated Email Drip / App Push Notification
14335,5,1,347.5,347.5,337.0,5,Germany,Germany,0,0.5221627115542601,52.2,Medium Risk,"Loyalty reward, product recommendations, re-engagement email.",Automated Email Drip / App Push Notification
16012,38,2,1132.12,566.06,275.5,64,United Kingdom,United Kingdom,0,0.5220857211540363,52.2,Medium Risk,"Loyalty reward, product recommendations, re-engagement email.",Automated Email Drip / App Push Notification
17708,97,2,263.33,131.665,45.0,234,United Kingdom,United Kingdom,1,0.5218328223119231,52.2,Medium Risk,"Loyalty reward, product recommendations, re-engagement email.",Automated Email Drip / App Push Notification
18190,101,2,284.46000000000004,142.23000000000002,70.0,240,United Kingdom,United Kingdom,1,0.521650841763915,52.2,Medium Risk,"Loyalty reward, product recommendations, re-engagement email.",Automated Email Drip / App Push Notification
13659,115,2,1563.0,781.5,441.0,230,United Kingdom,United Kingdom,1,0.5212698786354626,52.1,Medium Risk,"Loyalty reward, product recommendations, re-engagement email.",Automated Email Drip / App Push Notification
14053,33,2,260.25,130.125,107.5,69,United Kingdom,United Kingdom,1,0.5212493987455761,52.1,Medium Risk,"Loyalty reward, product recommendations, re-engagement email.",Automated Email Drip / App Push Notification
16325,64,2,416.02000000000004,208.01000000000002,60.0,155,United Kingdom,United Kingdom,0,0.521135993231905,52.1,Medium Risk,"Loyalty reward, product recommendations, re-engagement email.",Automated Email Drip / App Push Notification
18145,114,2,1023.78,511.89,431.5,222,United Kingdom,United Kingdom,0,0.5206209770390536,52.1,Medium Risk,"Loyalty reward, product recommendations, re-engagement email.",Automated Email Drip / App Push Notification
13940,26,2,391.06,195.53,120.0,53,United Kingdom,United Kingdom,0,0.5206167239039974,52.1,Medium Risk,"Loyalty reward, product recommendations, re-engagement email.",Automated Email Drip / App Push Notification
12493,75,2,433.74,216.87,103.5,106,France,France,1,0.52058817797854,52.1,Medium Risk,"Loyalty reward, product recommendations, re-engagement email.",Automated Email Drip / App Push Notification
12679,115,2,906.38,453.19,203.5,193,France,France,0,0.5205391878972576,52.1,Medium Risk,"Loyalty reward, product recommendations, re-engagement email.",Automated Email Drip / App Push Notification
13531,114,2,483.8,241.9,87.0,275,United Kingdom,United Kingdom,1,0.5197374354468819,52.0,Medium Risk,"Loyalty reward, product recommendations, re-engagement email.",Automated Email Drip / App Push Notification
18150,49,2,413.28,206.64,118.0,111,United Kingdom,United Kingdom,0,0.5197251776693542,52.0,Medium Risk,"Loyalty reward, product recommendations, re-engagement email.",Automated Email Drip / App Push Notification
13928,16,2,225.45000000000002,112.72500000000001,43.5,42,United Kingdom,United Kingdom,0,0.5191775368232077,51.9,Medium Risk,"Loyalty reward, product recommendations, re-engagement email.",Automated Email Drip / App Push Notification
13486,37,2,819.61,409.805,264.5,64,United Kingdom,United Kingdom,0,0.519025775498957,51.9,Medium Risk,"Loyalty reward, product recommendations, re-engagement email.",Automated Email Drip / App Push Notification
12348,158,3,1487.24,495.74666666666667,708.0,267,Finland,Other,0,0.5186888418437534,51.9,Medium Risk,"Loyalty reward, product recommendations, re-engagement email.",Automated Email Drip / App Push Notification
18043,116,2,421.59,210.795,114.5,276,United Kingdom,United Kingdom,0,0.5186565292769381,51.9,Medium Risk,"Loyalty reward, product recommendations, re-engagement email.",Automated Email Drip / App Push Notification
14162,83,2,289.36,144.68,71.0,202,United Kingdom,United Kingdom,1,0.5183821974693574,51.8,Medium Risk,"Loyalty reward, product recommendations, re-engagement email.",Automated Email Drip / App Push Notification
14656,78,2,291.05,145.525,60.0,192,United Kingdom,United Kingdom,1,0.5182781043500133,51.8,Medium Risk,"Loyalty reward, product recommendations, re-engagement email.",Automated Email Drip / App Push Notification
12352,171,5,1561.81,312.36199999999997,50.8,206,Norway,Other,0,0.517963708340589,51.8,Medium Risk,"Loyalty reward, product recommendations, re-engagement email.",Automated Email Drip / App Push Notification
17930,71,2,694.14,347.07,260.5,148,United Kingdom,United Kingdom,0,0.5174019129917159,51.7,Medium Risk,"Loyalty reward, product recommendations, re-engagement email.",Automated Email Drip / App Push Notification
13470,8,2,165.0,82.5,50.0,24,United Kingdom,United Kingdom,1,0.5172036823205228,51.7,Medium Risk,"Loyalty reward, product recommendations, re-engagement email.",Automated Email Drip / App Push Notification
14501,93,2,251.21,125.605,80.5,229,United Kingdom,United Kingdom,1,0.5155241073012956,51.6,Medium Risk,"Loyalty reward, product recommendations, re-engagement email.",Automated Email Drip / App Push Notification
12999,105,3,455.88,151.96,114.0,155,United Kingdom,United Kingdom,1,0.5154929812153652,51.5,Medium Risk,"Loyalty reward, product recommendations, re-engagement email.",Automated Email Drip / App Push Notification
12541,82,2,536.14,268.07,209.5,190,Spain,Spain,0,0.5154924040134479,51.5,Medium Risk,"Loyalty reward, product recommendations, re-engagement email.",Automated Email Drip / App Push Notification
17633,12,2,648.61,324.305,137.5,29,United Kingdom,United Kingdom,0,0.5154899402157309,51.5,Medium Risk,"Loyalty reward, product recommendations, re-engagement email.",Automated Email Drip / App Push Notification
12653,58,2,2209.85,1104.925,459.5,206,Israel,Other,1,0.5150805801349504,51.5,Medium Risk,"Loyalty reward, product recommendations, re-engagement email.",Automated Email Drip / App Push Notification
15402,58,2,626.77,313.385,347.0,105,United Kingdom,United Kingdom,1,0.514788183812176,51.5,Medium Risk,"Loyalty reward, product recommendations, re-engagement email.",Automated Email Drip / App Push Notification
14965,5,2,596.09,298.045,181.5,5,United Kingdom,United Kingdom,1,0.5146775259924359,51.5,Medium Risk,"Loyalty reward, product recommendations, re-engagement email.",Automated Email Drip / App Push Notification
14422,79,2,1032.15,516.075,270.5,176,United Kingdom,United Kingdom,0,0.514486065330012,51.4,Medium Risk,"Loyalty reward, product recommendations, re-engagement email.",Automated Email Drip / App Push Notification
13461,48,2,884.2,442.1,418.0,73,United Kingdom,United Kingdom,0,0.5144595761442337,51.4,Medium Risk,"Loyalty reward, product recommendations, re-engagement email.",Automated Email Drip / App Push Notification
14896,114,2,468.77000000000004,234.38500000000002,139.5,275,United Kingdom,United Kingdom,1,0.5143968541113291,51.4,Medium Risk,"Loyalty reward, product recommendations, re-engagement email.",Automated Email Drip / App Push Notification
13808,3,2,723.1,361.55,162.0,6,United Kingdom,United Kingdom,0,0.5143968393849933,51.4,Medium Risk,"Loyalty reward, product recommendations, re-engagement email.",Automated Email Drip / App Push Notification
16173,1,2,635.05,317.525,121.0,7,United Kingdom,United Kingdom,0,0.5143437607171568,51.4,Medium Risk,"Loyalty reward, product recommendations, re-engagement email.",Automated Email Drip / App Push Notification
15440,45,2,237.66,118.83,62.5,118,United Kingdom,United Kingdom,0,0.51413889509379,51.4,Medium Risk,"Loyalty reward, product recommendations, re-engagement email.",Automated Email Drip / App Push Notification
14342,46,2,419.74,209.87,88.0,119,United Kingdom,United Kingdom,0,0.5140356141778015,51.4,Medium Risk,"Loyalty reward, product recommendations, re-engagement email.",Automated Email Drip / App Push Notification
12728,166,3,617.31,205.76999999999998,85.33333333333333,241,France,France,0,0.5136806492004686,51.4,Medium Risk,"Loyalty reward, product recommendations, re-engagement email.",Automated Email Drip / App Push Notification
15116,44,2,790.97,395.485,127.5,114,United Kingdom,United Kingdom,0,0.5134929189693394,51.3,Medium Risk,"Loyalty reward, product recommendations, re-engagement email.",Automated Email Drip / App Push Notification
14669,151,3,1259.24,419.74666666666667,256.6666666666667,242,United Kingdom,United Kingdom,1,0.5134600015993666,51.3,Medium Risk,"Loyalty reward, product recommendations, re-engagement email.",Automated Email Drip / App Push Notification
15045,61,2,735.66,367.83,57.0,167,United Kingdom,United Kingdom,1,0.5132582458918026,51.3,Medium Risk,"Loyalty reward, product recommendations, re-engagement email.",Automated Email Drip / App Push Notification
13220,95,3,726.49,242.16333333333333,44.0,146,United Kingdom,United Kingdom,0,0.5131022021533513,51.3,Medium Risk,"Loyalty reward, product recommendations, re-engagement email.",Automated Email Drip / App Push Notification
18146,50,2,160.35000000000002,80.17500000000001,76.5,129,United Kingdom,United Kingdom,1,0.5127037720963201,51.3,Medium Risk,"Loyalty reward, product recommendations, re-engagement email.",Automated Email Drip / App Push Notification
16706,7,2,411.55,205.775,110.0,23,United Kingdom,United Kingdom,0,0.5126218327499424,51.3,Medium Risk,"Loyalty reward, product recommendations, re-engagement email.",Automated Email Drip / App Push Notification
15394,113,2,1436.44,718.22,273.0,268,United Kingdom,United Kingdom,0,0.512339676385577,51.2,Medium Risk,"Loyalty reward, product recommendations, re-engagement email.",Automated Email Drip / App Push Notification
16828,2,2,128.5,64.25,29.5,21,United Kingdom,United Kingdom,1,0.5123196662083719,51.2,Medium Risk,"Loyalty reward, product recommendations, re-engagement email.",Automated Email Drip / App Push Notification
15411,33,2,382.21,191.105,77.5,92,United Kingdom,United Kingdom,0,0.5121684781213935,51.2,Medium Risk,"Loyalty reward, product recommendations, re-engagement email.",Automated Email Drip / App Push Notification
18155,80,2,266.56,133.28,98.0,201,United Kingdom,United Kingdom,0,0.5119186520035659,51.2,Medium Risk,"Loyalty reward, product recommendations, re-engagement email.",Automated Email Drip / App Push Notification
13933,18,2,608.7900000000001,304.39500000000004,102.5,57,United Kingdom,United Kingdom,1,0.5109203313009307,51.1,Medium Risk,"Loyalty reward, product recommendations, re-engagement email.",Automated Email Drip / App Push Notification
18143,26,2,1000.16,500.08,285.0,51,United Kingdom,United Kingdom,1,0.5107867676821045,51.1,Medium Risk,"Loyalty reward, product recommendations, re-engagement email.",Automated Email Drip / App Push Notification
17064,92,2,457.40000000000003,228.70000000000002,93.5,236,United Kingdom,United Kingdom,0,0.5106763122513952,51.1,Medium Risk,"Loyalty reward, product recommendations, re-engagement email.",Automated Email Drip / App Push Notification
14305,23,2,1048.45,524.225,291.0,44,United Kingdom,United Kingdom,0,0.510464219915692,51.0,Medium Risk,"Loyalty reward, product recommendations, re-engagement email.",Automated Email Drip / App Push Notification
16987,79,3,629.45,209.8166666666667,34.333333333333336,114,United Kingdom,United Kingdom,0,0.5104127936895207,51.0,Medium Risk,"Loyalty reward, product recommendations, re-engagement email.",Automated Email Drip / App Push Notification
13453,75,2,356.97999999999996,178.48999999999998,67.0,199,United Kingdom,United Kingdom,1,0.5100137185796563,51.0,Medium Risk,"Loyalty reward, product recommendations, re-engagement email.",Automated Email Drip / App Push Notification
17648,102,3,1107.39,369.13000000000005,96.33333333333333,159,United Kingdom,United Kingdom,0,0.5092872198445718,50.9,Medium Risk,"Loyalty reward, product recommendations, re-engagement email.",Automated Email Drip / App Push Notification
13118,117,3,799.7,266.56666666666666,91.33333333333333,198,United Kingdom,United Kingdom,0,0.5089894162643573,50.9,Medium Risk,"Loyalty reward, product recommendations, re-engagement email.",Automated Email Drip / App Push Notification
14985,107,2,292.01,146.005,128.0,267,United Kingdom,United Kingdom,1,0.5088471091182692,50.9,Medium Risk,"Loyalty reward, product recommendations, re-engagement email.",Automated Email Drip / App Push Notification
16356,107,3,211.77,70.59,31.0,187,United Kingdom,United Kingdom,1,0.5087818689172171,50.9,Medium Risk,"Loyalty reward, product recommendations, re-engagement email.",Automated Email Drip / App Push Notification
13994,15,2,419.56,209.78,66.5,57,United Kingdom,United Kingdom,0,0.5086600768019022,50.9,Medium Risk,"Loyalty reward, product recommendations, re-engagement email.",Automated Email Drip / App Push Notification
17446,86,2,120.9,60.45,99.0,219,United Kingdom,United Kingdom,1,0.5085518892961822,50.9,Medium Risk,"Loyalty reward, product recommendations, re-engagement email.",Automated Email Drip / App Push Notification
14198,54,2,356.95,178.475,83.5,148,United Kingdom,United Kingdom,0,0.5084332552895486,50.8,Medium Risk,"Loyalty reward, product recommendations, re-engagement email.",Automated Email Drip / App Push Notification
12933,80,2,357.49,178.745,189.0,193,United Kingdom,United Kingdom,0,0.5082643779680996,50.8,Medium Risk,"Loyalty reward, product recommendations, re-engagement email.",Automated Email Drip / App Push Notification
12539,171,3,4517.69,1505.8966666666665,540.3333333333334,243,Spain,Spain,0,0.5080406177649308,50.8,Medium Risk,"Loyalty reward, product recommendations, re-engagement email.",Automated Email Drip / App Push Notification
17707,94,2,152.4,76.2,72.0,245,United Kingdom,United Kingdom,1,0.507732958176527,50.8,Medium Risk,"Loyalty reward, product recommendations, re-engagement email.",Automated Email Drip / App Push Notification
15747,29,2,525.37,262.685,140.5,82,United Kingdom,United Kingdom,0,0.5073580886368584,50.7,Medium Risk,"Loyalty reward, product recommendations, re-engagement email.",Automated Email Drip / App Push Notification
17703,18,2,490.96,245.48,188.0,47,United Kingdom,United Kingdom,0,0.5071042499193834,50.7,Medium Risk,"Loyalty reward, product recommendations, re-engagement email.",Automated Email Drip / App Push Notification
12456,40,2,2265.4,1132.7,536.5,164,Switzerland,Other,0,0.5070000546647951,50.7,Medium Risk,"Loyalty reward, product recommendations, re-engagement email.",Automated Email Drip / App Push Notification
14002,43,2,529.73,264.865,438.5,65,United Kingdom,United Kingdom,1,0.5069284932475135,50.7,Medium Risk,"Loyalty reward, product recommendations, re-engagement email.",Automated Email Drip / App Push Notification
16906,96,3,392.99,130.99666666666667,61.0,158,United Kingdom,United Kingdom,0,0.5067180534283574,50.7,Medium Risk,"Loyalty reward, product recommendations, re-engagement email.",Automated Email Drip / App Push Notification
15265,60,2,1506.1200000000001,753.0600000000001,306.0,145,United Kingdom,United Kingdom,1,0.5065609719883979,50.7,Medium Risk,"Loyalty reward, product recommendations, re-engagement email.",Automated Email Drip / App Push Notification
16431,122,3,623.28,207.76,147.33333333333334,206,United Kingdom,United Kingdom,1,0.5061954486841692,50.6,Medium Risk,"Loyalty reward, product recommendations, re-engagement email.",Automated Email Drip / App Push Notification
13159,15,2,843.09,421.545,313.5,25,United Kingdom,United Kingdom,0,0.5061867466712169,50.6,Medium Risk,"Loyalty reward, product recommendations, re-engagement email.",Automated Email Drip / App Push Notification
17912,219,5,310.06,62.012,36.8,274,United Kingdom,United Kingdom,1,0.5059576352138017,50.6,Medium Risk,"Loyalty reward, product recommendations, re-engagement email.",Automated Email Drip / App Push Notification
14625,105,2,899.63,449.815,167.5,270,United Kingdom,United Kingdom,1,0.5058264574339385,50.6,Medium Risk,"Loyalty reward, product recommendations, re-engagement email.",Automated Email Drip / App Push Notification
15334,66,3,350.82,116.94,91.0,82,United Kingdom,United Kingdom,1,0.5057171078560864,50.6,Medium Risk,"Loyalty reward, product recommendations, re-engagement email.",Automated Email Drip / App Push Notification
15881,221,5,501.39000000000004,100.278,52.0,273,United Kingdom,United Kingdom,1,0.5056317077335104,50.6,Medium Risk,"Loyalty reward, product recommendations, re-engagement email.",Automated Email Drip / App Push Notification
14038,53,2,1086.42,543.21,350.5,116,United Kingdom,United Kingdom,0,0.505301130736001,50.5,Medium Risk,"Loyalty reward, product recommendations, re-engagement email.",Automated Email Drip / App Push Notification
17926,42,2,397.29,198.645,153.0,113,United Kingdom,United Kingdom,1,0.5052721817691289,50.5,Medium Risk,"Loyalty reward, product recommendations, re-engagement email.",Automated Email Drip / App Push Notification
17837,57,3,376.51,125.50333333333333,34.0,72,United Kingdom,United Kingdom,0,0.5045622789403829,50.5,Medium Risk,"Loyalty reward, product recommendations, re-engagement email.",Automated Email Drip / App Push Notification
14765,21,2,95.5,47.75,11.0,85,United Kingdom,United Kingdom,0,0.5036030167680535,50.4,Medium Risk,"Loyalty reward, product recommendations, re-engagement email.",Automated Email Drip / App Push Notification
13248,34,2,465.68,232.84,152.5,98,United Kingdom,United Kingdom,1,0.5034181282008778,50.3,Medium Risk,"Loyalty reward, product recommendations, re-engagement email.",Automated Email Drip / App Push Notification
15421,124,3,739.36,246.45333333333335,126.33333333333333,219,United Kingdom,United Kingdom,0,0.5033486915015427,50.3,Medium Risk,"Loyalty reward, product recommendations, re-engagement email.",Automated Email Drip / App Push Notification
17990,146,3,630.84,210.28,138.0,271,United Kingdom,United Kingdom,1,0.5031994440832402,50.3,Medium Risk,"Loyalty reward, product recommendations, re-engagement email.",Automated Email Drip / App Push Notification
12363,19,2,552.0,276.0,204.0,151,Unspecified,Other,1,0.5031525183051707,50.3,Medium Risk,"Loyalty reward, product recommendations, re-engagement email.",Automated Email Drip / App Push Notification
17298,10,2,498.42,249.21,193.5,34,United Kingdom,United Kingdom,1,0.5029706355466175,50.3,Medium Risk,"Loyalty reward, product recommendations, re-engagement email.",Automated Email Drip / App Push Notification
12909,111,3,1528.37,509.45666666666665,262.0,162,United Kingdom,United Kingdom,0,0.502613503157866,50.3,Medium Risk,"Loyalty reward, product recommendations, re-engagement email.",Automated Email Drip / App Push Notification
13505,76,3,2583.12,861.04,420.3333333333333,142,Switzerland,Other,0,0.5025384053853444,50.3,Medium Risk,"Loyalty reward, product recommendations, re-engagement email.",Automated Email Drip / App Push Notification
16943,121,3,816.73,272.24333333333334,48.333333333333336,227,United Kingdom,United Kingdom,1,0.5021816447835933,50.2,Medium Risk,"Loyalty reward, product recommendations, re-engagement email.",Automated Email Drip / App Push Notification
14918,25,2,1610.15,805.075,337.5,64,United Kingdom,United Kingdom,1,0.502164824134115,50.2,Medium Risk,"Loyalty reward, product recommendations, re-engagement email.",Automated Email Drip / App Push Notification
16905,146,3,822.18,274.06,86.66666666666667,281,United Kingdom,United Kingdom,0,0.5021328220550955,50.2,Medium Risk,"Loyalty reward, product recommendations, re-engagement email.",Automated Email Drip / App Push Notification
17695,41,2,765.34,382.67,389.5,81,United Kingdom,United Kingdom,1,0.5019631908111455,50.2,Medium Risk,"Loyalty reward, product recommendations, re-engagement email.",Automated Email Drip / App Push Notification
15182,63,2,622.85,311.425,126.5,178,United Kingdom,United Kingdom,1,0.501840926992429,50.2,Medium Risk,"Loyalty reward, product recommendations, re-engagement email.",Automated Email Drip / App Push Notification
13134,93,3,885.74,295.24666666666667,110.0,149,United Kingdom,United Kingdom,0,0.5016923004127033,50.2,Medium Risk,"Loyalty reward, product recommendations, re-engagement email.",Automated Email Drip / App Push Notification
15198,1,2,193.64,96.82,60.0,33,United Kingdom,United Kingdom,1,0.5016230648463641,50.2,Medium Risk,"Loyalty reward, product recommendations, re-engagement email.",Automated Email Drip / App Push Notification
13492,45,3,1269.84,423.28,136.0,124,Switzerland,Other,1,0.5011635361949848,50.1,Medium Risk,"Loyalty reward, product recommendations, re-engagement email.",Automated Email Drip / App Push Notification
15786,23,1,3147.64,3147.64,2286.0,23,United Kingdom,United Kingdom,0,0.501095185236723,50.1,Medium Risk,"Loyalty reward, product recommendations, re-engagement email.",Automated Email Drip / App Push Notification
17631,46,2,416.5,208.25,92.5,141,United Kingdom,United Kingdom,0,0.5009834023695008,50.1,Medium Risk,"Loyalty reward, product recommendations, re-engagement email.",Automated Email Drip / App Push Notification
16244,121,2,1522.75,761.375,427.5,282,United Kingdom,United Kingdom,1,0.5008470480908294,50.1,Medium Risk,"Loyalty reward, product recommendations, re-engagement email.",Automated Email Drip / App Push Notification
16589,16,2,214.68,107.34,78.0,70,United Kingdom,United Kingdom,0,0.4996541009870521,50.0,Medium Risk,"Loyalty reward, product recommendations, re-engagement email.",Automated Email Drip / App Push Notification
15743,23,2,434.05,217.025,59.5,94,United Kingdom,United Kingdom,0,0.49941467530214223,49.9,Medium Risk,"Loyalty reward, product recommendations, re-engagement email.",Automated Email Drip / App Push Notification
18017,78,2,344.0,172.0,100.0,219,United Kingdom,United Kingdom,0,0.4993441593815766,49.9,Medium Risk,"Loyalty reward, product recommendations, re-engagement email.",Automated Email Drip / App Push Notification
16723,0,2,576.4,288.2,199.0,17,United Kingdom,United Kingdom,1,0.49897739212634806,49.9,Medium Risk,"Loyalty reward, product recommendations, re-engagement email.",Automated Email Drip / App Push Notification
17252,26,2,348.91,174.455,96.0,95,United Kingdom,United Kingdom,1,0.4986210451196485,49.9,Medium Risk,"Loyalty reward, product recommendations, re-engagement email.",Automated Email Drip / App Push Notification
16099,47,2,592.1,296.05,181.0,135,United Kingdom,United Kingdom,0,0.4985691139671475,49.9,Medium Risk,"Loyalty reward, product recommendations, re-engagement email.",Automated Email Drip / App Push Notification
13856,78,3,388.5,129.5,164.66666666666666,112,United Kingdom,United Kingdom,1,0.49779080941838544,49.8,Medium Risk,"Loyalty reward, product recommendations, re-engagement email.",Automated Email Drip / App Push Notification
17642,29,2,712.29,356.145,237.0,85,United Kingdom,United Kingdom,1,0.4977178249085189,49.8,Medium Risk,"Loyalty reward, product recommendations, re-engagement email.",Automated Email Drip / App Push Notification
13929,78,2,842.65,421.325,71.5,235,United Kingdom,United Kingdom,1,0.49744742471985964,49.7,Medium Risk,"Loyalty reward, product recommendations, re-engagement email.",Automated Email Drip / App Push Notification
16866,50,3,207.73999999999998,69.24666666666666,20.0,71,United Kingdom,United Kingdom,1,0.49721612562569334,49.7,Medium Risk,"Loyalty reward, product recommendations, re-engagement email.",Automated Email Drip / App Push Notification
16714,128,3,1129.06,376.3533333333333,196.33333333333334,226,United Kingdom,United Kingdom,1,0.4970299883724083,49.7,Medium Risk,"Loyalty reward, product recommendations, re-engagement email.",Automated Email Drip / App Push Notification
13617,22,2,365.7,182.85,94.0,89,United Kingdom,United Kingdom,0,0.49685566614925736,49.7,Medium Risk,"Loyalty reward, product recommendations, re-engagement email.",Automated Email Drip / App Push Notification
15232,22,2,612.06,306.03,343.0,50,United Kingdom,United Kingdom,1,0.49661475492161544,49.7,Medium Risk,"Loyalty reward, product recommendations, re-engagement email.",Automated Email Drip / App Push Notification
13334,100,2,2708.59,1354.295,671.5,215,United Kingdom,United Kingdom,0,0.496340278154442,49.6,Medium Risk,"Loyalty reward, product recommendations, re-engagement email.",Automated Email Drip / App Push Notification
15808,215,4,3651.27,912.8175,326.25,278,United Kingdom,United Kingdom,1,0.4962860211924629,49.6,Medium Risk,"Loyalty reward, product recommendations, re-engagement email.",Automated Email Drip / App Push Notification
13821,54,2,385.64,192.82,76.5,171,United Kingdom,United Kingdom,1,0.4962315898184915,49.6,Medium Risk,"Loyalty reward, product recommendations, re-engagement email.",Automated Email Drip / App Push Notification
14511,1,2,329.89,164.945,72.5,43,United Kingdom,United Kingdom,0,0.4958718713326762,49.6,Medium Risk,"Loyalty reward, product recommendations, re-engagement email.",Automated Email Drip / App Push Notification
16488,24,2,354.57,177.285,309.5,58,United Kingdom,United Kingdom,0,0.4958552881004307,49.6,Medium Risk,"Loyalty reward, product recommendations, re-engagement email.",Automated Email Drip / App Push Notification
17353,38,2,1740.0,870.0,600.0,63,United Kingdom,United Kingdom,1,0.49583825432911527,49.6,Medium Risk,"Loyalty reward, product recommendations, re-engagement email.",Automated Email Drip / App Push Notification
17152,104,3,1689.5,563.1666666666666,172.33333333333334,172,United Kingdom,United Kingdom,1,0.49572227552669607,49.6,Medium Risk,"Loyalty reward, product recommendations, re-engagement email.",Automated Email Drip / App Push Notification
16571,85,2,896.79,448.395,445.5,191,United Kingdom,United Kingdom,0,0.4956496315613554,49.6,Medium Risk,"Loyalty reward, product recommendations, re-engagement email.",Automated Email Drip / App Push Notification
14645,66,2,597.09,298.545,190.5,185,United Kingdom,United Kingdom,1,0.49541214362068864,49.5,Medium Risk,"Loyalty reward, product recommendations, re-engagement email.",Automated Email Drip / App Push Notification
13079,0,2,59.5,29.75,5.0,49,United Kingdom,United Kingdom,0,0.49536012390448364,49.5,Medium Risk,"Loyalty reward, product recommendations, re-engagement email.",Automated Email Drip / App Push Notification
14481,74,2,636.51,318.255,244.5,196,United Kingdom,United Kingdom,1,0.4951969322895176,49.5,Medium Risk,"Loyalty reward, product recommendations, re-engagement email.",Automated Email Drip / App Push Notification
18248,32,2,804.02,402.01,255.5,95,United Kingdom,United Kingdom,1,0.49513394396000016,49.5,Medium Risk,"Loyalty reward, product recommendations, re-engagement email.",Automated Email Drip / App Push Notification
14116,2,2,628.87,314.435,190.0,31,United Kingdom,United Kingdom,0,0.4951029590475031,49.5,Medium Risk,"Loyalty reward, product recommendations, re-engagement email.",Automated Email Drip / App Push Notification
16398,63,2,1705.8,852.9,379.0,163,United Kingdom,United Kingdom,1,0.49494803629558587,49.5,Medium Risk,"Loyalty reward, product recommendations, re-engagement email.",Automated Email Drip / App Push Notification
16043,120,3,676.49,225.49666666666667,114.0,227,United Kingdom,United Kingdom,0,0.4946017179546101,49.5,Medium Risk,"Loyalty reward, product recommendations, re-engagement email.",Automated Email Drip / App Push Notification
17024,8,2,56.25,28.125,22.5,67,United Kingdom,United Kingdom,0,0.4943884253248973,49.4,Medium Risk,"Loyalty reward, product recommendations, re-engagement email.",Automated Email Drip / App Push Notification
17229,5,2,318.76,159.38,92.5,52,United Kingdom,United Kingdom,1,0.4941846503179114,49.4,Medium Risk,"Loyalty reward, product recommendations, re-engagement email.",Automated Email Drip / App Push Notification
15806,67,2,521.88,260.94,206.5,186,United Kingdom,United Kingdom,0,0.493970552703939,49.4,Medium Risk,"Loyalty reward, product recommendations, re-engagement email.",Automated Email Drip / App Push Notification
14500,21,2,335.85,167.925,53.5,99,United Kingdom,United Kingdom,0,0.49350886440730946,49.4,Medium Risk,"Loyalty reward, product recommendations, re-engagement email.",Automated Email Drip / App Push Notification
15227,125,3,876.8199999999999,292.2733333333333,196.33333333333334,226,United Kingdom,United Kingdom,0,0.49346040663450974,49.3,Medium Risk,"Loyalty reward, product recommendations, re-engagement email.",Automated Email Drip / App Push Notification
17734,46,2,540.21,270.105,171.5,143,United Kingdom,United Kingdom,0,0.4930921360186431,49.3,Medium Risk,"Loyalty reward, product recommendations, re-engagement email.",Automated Email Drip / App Push Notification
14233,121,3,959.1,319.7,136.66666666666666,227,United Kingdom,United Kingdom,0,0.49307817470353854,49.3,Medium Risk,"Loyalty reward, product recommendations, re-engagement email.",Automated Email Drip / App Push Notification
16883,96,2,272.48,136.24,51.5,281,United Kingdom,United Kingdom,1,0.4930207771397604,49.3,Medium Risk,"Loyalty reward, product recommendations, re-engagement email.",Automated Email Drip / App Push Notification
18232,67,3,500.62,166.87333333333333,92.33333333333333,106,United Kingdom,United Kingdom,0,0.49289824376996366,49.3,Medium Risk,"Loyalty reward, product recommendations, re-engagement email.",Automated Email Drip / App Push Notification
17096,52,2,443.94,221.97,89.0,171,United Kingdom,United Kingdom,0,0.49273578265408635,49.3,Medium Risk,"Loyalty reward, product recommendations, re-engagement email.",Automated Email Drip / App Push Notification
16969,43,2,478.96000000000004,239.48000000000002,370.0,101,United Kingdom,United Kingdom,0,0.4926957373819494,49.3,Medium Risk,"Loyalty reward, product recommendations, re-engagement email.",Automated Email Drip / App Push Notification
15179,143,3,1455.12,485.03999999999996,431.3333333333333,228,United Kingdom,United Kingdom,0,0.49257950626902025,49.3,Medium Risk,"Loyalty reward, product recommendations, re-engagement email.",Automated Email Drip / App Push Notification
13085,67,2,416.08000000000004,208.04000000000002,108.0,204,United Kingdom,United Kingdom,1,0.49252120471203736,49.3,Medium Risk,"Loyalty reward, product recommendations, re-engagement email.",Automated Email Drip / App Push Notification
15563,110,2,735.62,367.81,371.0,268,United Kingdom,United Kingdom,0,0.49223759006012624,49.2,Medium Risk,"Loyalty reward, product recommendations, re-engagement email.",Automated Email Drip / App Push Notification
15799,94,2,481.24,240.62,269.5,243,United Kingdom,United Kingdom,0,0.4921812769418626,49.2,Medium Risk,"Loyalty reward, product recommendations, re-engagement email.",Automated Email Drip / App Push Notification
15643,101,3,664.0,221.33333333333334,82.0,191,United Kingdom,United Kingdom,1,0.4920613899610871,49.2,Medium Risk,"Loyalty reward, product recommendations, re-engagement email.",Automated Email Drip / App Push Notification
17515,115,3,571.37,190.45666666666668,73.33333333333333,227,United Kingdom,United Kingdom,0,0.49195580318567816,49.2,Medium Risk,"Loyalty reward, product recommendations, re-engagement email.",Automated Email Drip / App Push Notification
15759,127,3,253.04,84.34666666666666,20.0,267,United Kingdom,United Kingdom,1,0.49175277879707585,49.2,Medium Risk,"Loyalty reward, product recommendations, re-engagement email.",Automated Email Drip / App Push Notification
17026,94,2,154.82999999999998,77.41499999999999,48.5,279,United Kingdom,United Kingdom,1,0.4906476459833839,49.1,Medium Risk,"Loyalty reward, product recommendations, re-engagement email.",Automated Email Drip / App Push Notification
13186,3,2,1301.94,650.97,273.5,38,United Kingdom,United Kingdom,0,0.4901643581087965,49.0,Medium Risk,"Loyalty reward, product recommendations, re-engagement email.",Automated Email Drip / App Push Notification
13533,92,3,269.09,89.69666666666666,67.33333333333333,177,United Kingdom,United Kingdom,1,0.48997098579547466,49.0,Medium Risk,"Loyalty reward, product recommendations, re-engagement email.",Automated Email Drip / App Push Notification
16748,127,3,910.2,303.40000000000003,164.0,243,United Kingdom,United Kingdom,0,0.48964542337164124,49.0,Medium Risk,"Loyalty reward, product recommendations, re-engagement email.",Automated Email Drip / App Push Notification
13495,141,3,1072.43,357.4766666666667,161.66666666666666,277,United Kingdom,United Kingdom,0,0.48946048653323526,48.9,Medium Risk,"Loyalty reward, product recommendations, re-engagement email.",Automated Email Drip / App Push Notification
16511,54,2,565.7,282.85,133.5,176,United Kingdom,United Kingdom,0,0.4893104245307978,48.9,Medium Risk,"Loyalty reward, product recommendations, re-engagement email.",Automated Email Drip / App Push Notification
18142,66,2,1019.52,509.76,638.0,125,United Kingdom,United Kingdom,1,0.4890305520816378,48.9,Medium Risk,"Loyalty reward, product recommendations, re-engagement email.",Automated Email Drip / App Push Notification
15734,24,2,1339.45,669.725,173.0,109,United Kingdom,United Kingdom,1,0.48898335255679515,48.9,Medium Risk,"Loyalty reward, product recommendations, re-engagement email.",Automated Email Drip / App Push Notification
13562,50,2,1209.73,604.865,263.5,155,United Kingdom,United Kingdom,0,0.4885771700039475,48.9,Medium Risk,"Loyalty reward, product recommendations, re-engagement email.",Automated Email Drip / App Push Notification
12585,143,2,2040.1,1020.05,639.5,260,Germany,Germany,1,0.4885615806674233,48.9,Medium Risk,"Loyalty reward, product recommendations, re-engagement email.",Automated Email Drip / App Push Notification
13384,38,2,1755.84,877.92,531.0,88,United Kingdom,United Kingdom,0,0.48853698154159336,48.9,Medium Risk,"Loyalty reward, product recommendations, re-engagement email.",Automated Email Drip / App Push Notification
17653,9,2,343.34,171.67,343.5,29,United Kingdom,United Kingdom,0,0.48817480472400737,48.8,Medium Risk,"Loyalty reward, product recommendations, re-engagement email.",Automated Email Drip / App Push Notification
18064,42,2,814.0,407.0,192.0,144,United Kingdom,United Kingdom,1,0.48737098842304893,48.7,Medium Risk,"Loyalty reward, product recommendations, re-engagement email.",Automated Email Drip / App Push Notification
16014,61,2,514.38,257.19,111.0,200,United Kingdom,United Kingdom,0,0.48706883996309447,48.7,Medium Risk,"Loyalty reward, product recommendations, re-engagement email.",Automated Email Drip / App Push Notification
13632,83,3,812.26,270.75333333333333,103.33333333333333,152,United Kingdom,United Kingdom,0,0.48695331150614685,48.7,Medium Risk,"Loyalty reward, product recommendations, re-engagement email.",Automated Email Drip / App Push Notification
14077,91,3,310.4,103.46666666666665,49.333333333333336,183,United Kingdom,United Kingdom,0,0.4868469154854082,48.7,Medium Risk,"Loyalty reward, product recommendations, re-engagement email.",Automated Email Drip / App Push Notification
16102,8,2,1392.8400000000001,696.4200000000001,388.0,38,United Kingdom,United Kingdom,0,0.4865318603477808,48.7,Medium Risk,"Loyalty reward, product recommendations, re-engagement email.",Automated Email Drip / App Push Notification
14019,7,2,800.53,400.265,276.5,47,United Kingdom,United Kingdom,0,0.48581961508821675,48.6,Medium Risk,"Loyalty reward, product recommendations, re-engagement email.",Automated Email Drip / App Push Notification
12359,99,3,3495.73,1165.2433333333333,321.6666666666667,241,Cyprus,Other,0,0.4854794839340968,48.5,Medium Risk,"Loyalty reward, product recommendations, re-engagement email.",Automated Email Drip / App Push Notification
17312,48,3,644.3,214.76666666666665,124.0,68,United Kingdom,United Kingdom,1,0.48481876342784214,48.5,Medium Risk,"Loyalty reward, product recommendations, re-engagement email.",Automated Email Drip / App Push Notification
13791,37,2,1516.0,758.0,600.0,77,United Kingdom,United Kingdom,1,0.48446497884554957,48.4,Medium Risk,"Loyalty reward, product recommendations, re-engagement email.",Automated Email Drip / App Push Notification
13900,92,3,740.95,246.98333333333335,143.33333333333334,172,United Kingdom,United Kingdom,1,0.4841868155267037,48.4,Medium Risk,"Loyalty reward, product recommendations, re-engagement email.",Automated Email Drip / App Push Notification
16657,58,2,414.79,207.395,298.5,164,United Kingdom,United Kingdom,0,0.4839963028597255,48.4,Medium Risk,"Loyalty reward, product recommendations, re-engagement email.",Automated Email Drip / App Push Notification
12704,15,3,1100.92,366.97333333333336,155.0,79,Finland,Other,0,0.4838291558426518,48.4,Medium Risk,"Loyalty reward, product recommendations, re-engagement email.",Automated Email Drip / App Push Notification
16567,103,2,865.6,432.8,498.0,246,United Kingdom,United Kingdom,1,0.4836620832518251,48.4,Medium Risk,"Loyalty reward, product recommendations, re-engagement email.",Automated Email Drip / App Push Notification
13888,29,2,595.67,297.835,127.0,127,United Kingdom,United Kingdom,1,0.48359619609488125,48.4,Medium Risk,"Loyalty reward, product recommendations, re-engagement email.",Automated Email Drip / App Push Notification
18018,17,2,122.14,61.07,27.5,108,United Kingdom,United Kingdom,1,0.483510731401312,48.4,Medium Risk,"Loyalty reward, product recommendations, re-engagement email.",Automated Email Drip / App Push Notification
13675,60,2,486.82000000000005,243.41000000000003,165.0,194,United Kingdom,United Kingdom,1,0.4835100009835929,48.4,Medium Risk,"Loyalty reward, product recommendations, re-engagement email.",Automated Email Drip / App Push Notification
14037,85,2,147.20000000000002,73.60000000000001,23.0,274,United Kingdom,United Kingdom,1,0.4835025186026289,48.4,Medium Risk,"Loyalty reward, product recommendations, re-engagement email.",Automated Email Drip / App Push Notification
17955,108,4,557.3,139.325,68.25,129,United Kingdom,United Kingdom,1,0.4833545974367288,48.3,Medium Risk,"Loyalty reward, product recommendations, re-engagement email.",Automated Email Drip / App Push Notification
16676,122,3,1098.5,366.1666666666667,137.33333333333334,246,United Kingdom,United Kingdom,0,0.48321405687190067,48.3,Medium Risk,"Loyalty reward, product recommendations, re-engagement email.",Automated Email Drip / App Push Notification
13373,68,2,2055.58,1027.79,472.0,185,United Kingdom,United Kingdom,0,0.48317042921421427,48.3,Medium Risk,"Loyalty reward, product recommendations, re-engagement email.",Automated Email Drip / App Push Notification
16040,57,2,876.1800000000001,438.09000000000003,254.5,178,United Kingdom,United Kingdom,0,0.4830670384661906,48.3,Medium Risk,"Loyalty reward, product recommendations, re-engagement email.",Automated Email Drip / App Push Notification
15053,65,2,478.6,239.3,257.0,191,United Kingdom,United Kingdom,0,0.4829469730761561,48.3,Medium Risk,"Loyalty reward, product recommendations, re-engagement email.",Automated Email Drip / App Push Notification
13955,63,2,322.96,161.48,77.0,215,United Kingdom,United Kingdom,1,0.48294584567432003,48.3,Medium Risk,"Loyalty reward, product recommendations, re-engagement email.",Automated Email Drip / App Push Notification
13456,64,3,855.0600000000001,285.02000000000004,87.0,116,United Kingdom,United Kingdom,0,0.4827317480577447,48.3,Medium Risk,"Loyalty reward, product recommendations, re-engagement email.",Automated Email Drip / App Push Notification
16979,57,2,555.65,277.825,67.5,207,United Kingdom,United Kingdom,0,0.48221254600984065,48.2,Medium Risk,"Loyalty reward, product recommendations, re-engagement email.",Automated Email Drip / App Push Notification
13614,73,2,778.88,389.44,121.5,240,United Kingdom,United Kingdom,0,0.482135102055903,48.2,Medium Risk,"Loyalty reward, product recommendations, re-engagement email.",Automated Email Drip / App Push Notification
15675,64,2,225.39,112.695,242.5,189,United Kingdom,United Kingdom,0,0.48190027355353376,48.2,Medium Risk,"Loyalty reward, product recommendations, re-engagement email.",Automated Email Drip / App Push Notification
17444,57,3,2940.04,980.0133333333333,706.3333333333334,82,Canada,Other,1,0.4812898432630279,48.1,Medium Risk,"Loyalty reward, product recommendations, re-engagement email.",Automated Email Drip / App Push Notification
16139,21,2,306.37,153.185,77.5,116,United Kingdom,United Kingdom,0,0.48115151327502964,48.1,Medium Risk,"Loyalty reward, product recommendations, re-engagement email.",Automated Email Drip / App Push Notification
15665,77,2,2222.21,1111.105,827.0,152,United Kingdom,United Kingdom,1,0.4807419785908975,48.1,Medium Risk,"Loyalty reward, product recommendations, re-engagement email.",Automated Email Drip / App Push Notification
17828,19,3,1076.66,358.8866666666667,160.33333333333334,94,Malta,Other,0,0.48032704935293197,48.0,Medium Risk,"Loyalty reward, product recommendations, re-engagement email.",Automated Email Drip / App Push Notification
17931,43,2,408.36,204.18,124.5,165,United Kingdom,United Kingdom,1,0.4798624286677693,48.0,Medium Risk,"Loyalty reward, product recommendations, re-engagement email.",Automated Email Drip / App Push Notification
14740,106,3,1448.21,482.7366666666667,245.0,193,United Kingdom,United Kingdom,1,0.4798428600781087,48.0,Medium Risk,"Loyalty reward, product recommendations, re-engagement email.",Automated Email Drip / App Push Notification
16637,33,2,530.55,265.275,175.5,135,United Kingdom,United Kingdom,0,0.479177760987539,47.9,Medium Risk,"Loyalty reward, product recommendations, re-engagement email.",Automated Email Drip / App Push Notification
17646,128,3,1008.39,336.13,107.66666666666667,274,United Kingdom,United Kingdom,1,0.4786814273218644,47.9,Medium Risk,"Loyalty reward, product recommendations, re-engagement email.",Automated Email Drip / App Push Notification
12468,97,2,729.5400000000001,364.77000000000004,183.0,225,Germany,Germany,1,0.47854217895973594,47.9,Medium Risk,"Loyalty reward, product recommendations, re-engagement email.",Automated Email Drip / App Push Notification
13410,96,3,545.04,181.67999999999998,100.0,200,United Kingdom,United Kingdom,0,0.4784874405537776,47.8,Medium Risk,"Loyalty reward, product recommendations, re-engagement email.",Automated Email Drip / App Push Notification
14336,107,3,1114.39,371.46333333333337,329.6666666666667,185,United Kingdom,United Kingdom,0,0.4781767203948625,47.8,Medium Risk,"Loyalty reward, product recommendations, re-engagement email.",Automated Email Drip / App Push Notification
15118,43,1,244.8,244.8,1440.0,43,United Kingdom,United Kingdom,1,0.47812743367065896,47.8,Medium Risk,"Loyalty reward, product recommendations, re-engagement email.",Automated Email Drip / App Push Notification
17299,9,2,268.19,134.095,140.0,82,United Kingdom,United Kingdom,0,0.4774232113182659,47.7,Medium Risk,"Loyalty reward, product recommendations, re-engagement email.",Automated Email Drip / App Push Notification
18173,108,3,1728.8400000000001,576.2800000000001,342.6666666666667,184,United Kingdom,United Kingdom,0,0.47741266109246155,47.7,Medium Risk,"Loyalty reward, product recommendations, re-engagement email.",Automated Email Drip / App Push Notification
14175,80,2,1205.99,602.995,313.0,239,United Kingdom,United Kingdom,0,0.4771877883914446,47.7,Medium Risk,"Loyalty reward, product recommendations, re-engagement email.",Automated Email Drip / App Push Notification
15561,59,3,449.66999999999996,149.89,31.666666666666668,125,United Kingdom,United Kingdom,0,0.4771044960226352,47.7,Medium Risk,"Loyalty reward, product recommendations, re-engagement email.",Automated Email Drip / App Push Notification
14456,40,3,636.65,212.21666666666667,192.0,51,United Kingdom,United Kingdom,0,0.47672923353475805,47.7,Medium Risk,"Loyalty reward, product recommendations, re-engagement email.",Automated Email Drip / App Push Notification
17554,32,2,1249.89,624.945,704.5,57,United Kingdom,United Kingdom,0,0.4762470930051294,47.6,Medium Risk,"Loyalty reward, product recommendations, re-engagement email.",Automated Email Drip / App Push Notification
13643,8,2,259.40000000000003,129.70000000000002,63.0,95,United Kingdom,United Kingdom,0,0.4761747303392006,47.6,Medium Risk,"Loyalty reward, product recommendations, re-engagement email.",Automated Email Drip / App Push Notification
18263,65,2,811.4,405.7,524.0,162,United Kingdom,United Kingdom,0,0.4759787208800299,47.6,Medium Risk,"Loyalty reward, product recommendations, re-engagement email.",Automated Email Drip / App Push Notification
17242,17,2,1135.04,567.52,305.5,89,United Kingdom,United Kingdom,1,0.47576446181434856,47.6,Medium Risk,"Loyalty reward, product recommendations, re-engagement email.",Automated Email Drip / App Push Notification
13427,29,2,464.86,232.43,215.5,124,United Kingdom,United Kingdom,0,0.47537704951330906,47.5,Medium Risk,"Loyalty reward, product recommendations, re-engagement email.",Automated Email Drip / App Push Notification
17214,158,4,611.97,152.9925,44.25,268,United Kingdom,United Kingdom,0,0.47513318695534235,47.5,Medium Risk,"Loyalty reward, product recommendations, re-engagement email.",Automated Email Drip / App Push Notification
16128,53,2,694.7,347.35,183.0,192,United Kingdom,United Kingdom,0,0.4750227216867481,47.5,Medium Risk,"Loyalty reward, product recommendations, re-engagement email.",Automated Email Drip / App Push Notification
18179,161,4,1103.16,275.79,182.25,245,United Kingdom,United Kingdom,0,0.474844067245223,47.5,Medium Risk,"Loyalty reward, product recommendations, re-engagement email.",Automated Email Drip / App Push Notification
14491,84,2,340.93,170.465,69.5,282,United Kingdom,United Kingdom,1,0.4746580117928648,47.5,Medium Risk,"Loyalty reward, product recommendations, re-engagement email.",Automated Email Drip / App Push Notification
14744,207,5,928.03,185.606,103.8,276,United Kingdom,United Kingdom,0,0.4745734303428679,47.5,Medium Risk,"Loyalty reward, product recommendations, re-engagement email.",Automated Email Drip / App Push Notification
18211,46,2,268.7,134.35,76.0,188,United Kingdom,United Kingdom,0,0.47445736181808446,47.4,Medium Risk,"Loyalty reward, product recommendations, re-engagement email.",Automated Email Drip / App Push Notification
16898,86,2,313.77,156.885,122.0,278,United Kingdom,United Kingdom,0,0.4742638895425962,47.4,Medium Risk,"Loyalty reward, product recommendations, re-engagement email.",Automated Email Drip / App Push Notification
15027,77,3,966.9699999999999,322.3233333333333,174.33333333333334,147,United Kingdom,United Kingdom,0,0.47410542517043786,47.4,Medium Risk,"Loyalty reward, product recommendations, re-engagement email.",Automated Email Drip / App Push Notification
17472,100,3,697.54,232.51333333333332,151.66666666666666,208,United Kingdom,United Kingdom,1,0.4739806273625075,47.4,Medium Risk,"Loyalty reward, product recommendations, re-engagement email.",Automated Email Drip / App Push Notification
15062,127,3,814.04,271.34666666666664,180.33333333333334,268,United Kingdom,United Kingdom,0,0.47397387398859303,47.4,Medium Risk,"Loyalty reward, product recommendations, re-engagement email.",Automated Email Drip / App Push Notification
15306,2,2,657.07,328.535,256.0,57,United Kingdom,United Kingdom,0,0.47395468091096826,47.4,Medium Risk,"Loyalty reward, product recommendations, re-engagement email.",Automated Email Drip / App Push Notification
15681,92,3,703.22,234.40666666666667,150.0,189,United Kingdom,United Kingdom,0,0.4739100419917917,47.4,Medium Risk,"Loyalty reward, product recommendations, re-engagement email.",Automated Email Drip / App Push Notification
18170,21,2,655.51,327.755,124.5,126,United Kingdom,United Kingdom,0,0.47387706703052923,47.4,Medium Risk,"Loyalty reward, product recommendations, re-engagement email.",Automated Email Drip / App Push Notification
18202,109,3,1396.99,465.66333333333336,193.66666666666666,220,United Kingdom,United Kingdom,1,0.47379158219260364,47.4,Medium Risk,"Loyalty reward, product recommendations, re-engagement email.",Automated Email Drip / App Push Notification
12763,47,2,494.08,247.04,158.0,278,Japan,Other,1,0.47341693102162025,47.3,Medium Risk,"Loyalty reward, product recommendations, re-engagement email.",Automated Email Drip / App Push Notification
14834,29,2,429.3,214.65,90.0,149,United Kingdom,United Kingdom,0,0.4732344864203688,47.3,Medium Risk,"Loyalty reward, product recommendations, re-engagement email.",Automated Email Drip / App Push Notification
15656,87,3,563.63,187.87666666666667,67.33333333333333,193,United Kingdom,United Kingdom,0,0.4732294352427298,47.3,Medium Risk,"Loyalty reward, product recommendations, re-engagement email.",Automated Email Drip / App Push Notification
16940,78,2,1868.36,934.18,618.0,199,United Kingdom,United Kingdom,0,0.4728857977153931,47.3,Medium Risk,"Loyalty reward, product recommendations, re-engagement email.",Automated Email Drip / App Push Notification
12924,107,3,655.27,218.42333333333332,95.0,237,United Kingdom,United Kingdom,0,0.4728285328207722,47.3,Medium Risk,"Loyalty reward, product recommendations, re-engagement email.",Automated Email Drip / App Push Notification
17979,78,3,494.54,164.84666666666666,90.66666666666667,169,United Kingdom,United Kingdom,0,0.47232617177309155,47.2,Medium Risk,"Loyalty reward, product recommendations, re-engagement email.",Automated Email Drip / App Push Notification
17527,19,2,606.62,303.31,103.0,127,United Kingdom,United Kingdom,0,0.47223954023342285,47.2,Medium Risk,"Loyalty reward, product recommendations, re-engagement email.",Automated Email Drip / App Push Notification
13811,93,3,814.5,271.5,22.666666666666668,148,Germany,Germany,1,0.4722369315048762,47.2,Medium Risk,"Loyalty reward, product recommendations, re-engagement email.",Automated Email Drip / App Push Notification
16539,129,3,1053.61,351.2033333333333,140.33333333333334,282,United Kingdom,United Kingdom,0,0.4721592370510565,47.2,Medium Risk,"Loyalty reward, product recommendations, re-engagement email.",Automated Email Drip / App Push Notification
17802,89,2,632.4200000000001,316.21000000000004,203.5,281,United Kingdom,United Kingdom,0,0.4714472022541133,47.1,Medium Risk,"Loyalty reward, product recommendations, re-engagement email.",Automated Email Drip / App Push Notification
16872,14,2,464.68000000000006,232.34000000000003,227.0,93,United Kingdom,United Kingdom,0,0.4711825403351767,47.1,Medium Risk,"Loyalty reward, product recommendations, re-engagement email.",Automated Email Drip / App Push Notification
18125,111,3,933.9,311.3,230.33333333333334,225,United Kingdom,United Kingdom,0,0.47115075271918017,47.1,Medium Risk,"Loyalty reward, product recommendations, re-engagement email.",Automated Email Drip / App Push Notification
14231,93,3,925.71,308.57,136.33333333333334,198,United Kingdom,United Kingdom,1,0.47099693337495524,47.1,Medium Risk,"Loyalty reward, product recommendations, re-engagement email.",Automated Email Drip / App Push Notification
17370,1,2,228.06,114.03,109.0,79,United Kingdom,United Kingdom,0,0.47079138723952163,47.1,Medium Risk,"Loyalty reward, product recommendations, re-engagement email.",Automated Email Drip / App Push Notification
13168,108,3,953.0600000000001,317.68666666666667,181.66666666666666,227,United Kingdom,United Kingdom,0,0.47063911828772215,47.1,Medium Risk,"Loyalty reward, product recommendations, re-engagement email.",Automated Email Drip / App Push Notification
13754,61,2,282.59999999999997,141.29999999999998,107.0,226,United Kingdom,United Kingdom,1,0.4705740496778896,47.1,Medium Risk,"Loyalty reward, product recommendations, re-engagement email.",Automated Email Drip / App Push Notification
13107,85,2,935.22,467.61,408.0,243,United Kingdom,United Kingdom,0,0.4700151166815748,47.0,Medium Risk,"Loyalty reward, product recommendations, re-engagement email.",Automated Email Drip / App Push Notification
14548,60,2,652.8,326.4,128.0,227,United Kingdom,United Kingdom,1,0.4698166635133502,47.0,Medium Risk,"Loyalty reward, product recommendations, re-engagement email.",Automated Email Drip / App Push Notification
14499,43,2,367.81,183.905,94.0,188,United Kingdom,United Kingdom,0,0.4694068878636141,46.9,Medium Risk,"Loyalty reward, product recommendations, re-engagement email.",Automated Email Drip / App Push Notification
15549,67,2,1619.88,809.94,328.0,225,United Kingdom,United Kingdom,0,0.4693792339491287,46.9,Medium Risk,"Loyalty reward, product recommendations, re-engagement email.",Automated Email Drip / App Push Notification
16034,105,3,437.7,145.9,80.66666666666667,242,United Kingdom,United Kingdom,1,0.4691404799234414,46.9,Medium Risk,"Loyalty reward, product recommendations, re-engagement email.",Automated Email Drip / App Push Notification
15674,123,4,1379.66,344.915,156.5,164,United Kingdom,United Kingdom,0,0.4688783698200642,46.9,Medium Risk,"Loyalty reward, product recommendations, re-engagement email.",Automated Email Drip / App Push Notification
15208,72,2,323.52,161.76,77.0,262,United Kingdom,United Kingdom,0,0.4685833880840681,46.9,Medium Risk,"Loyalty reward, product recommendations, re-engagement email.",Automated Email Drip / App Push Notification
14759,22,2,870.85,435.425,123.5,142,United Kingdom,United Kingdom,0,0.4681422231234614,46.8,Medium Risk,"Loyalty reward, product recommendations, re-engagement email.",Automated Email Drip / App Push Notification
14161,125,3,1097.6200000000001,365.8733333333334,150.0,278,United Kingdom,United Kingdom,1,0.46785565592660217,46.8,Medium Risk,"Loyalty reward, product recommendations, re-engagement email.",Automated Email Drip / App Push Notification
13203,30,2,309.86,154.93,137.0,151,United Kingdom,United Kingdom,0,0.46776929953391444,46.8,Medium Risk,"Loyalty reward, product recommendations, re-engagement email.",Automated Email Drip / App Push Notification
12609,95,2,800.73,400.365,259.0,227,Germany,Germany,0,0.4677423304374321,46.8,Medium Risk,"Loyalty reward, product recommendations, re-engagement email.",Automated Email Drip / App Push Notification
17420,80,2,391.51,195.755,84.5,283,United Kingdom,United Kingdom,0,0.4675252893393198,46.8,Medium Risk,"Loyalty reward, product recommendations, re-engagement email.",Automated Email Drip / App Push Notification
17969,75,2,228.2,114.1,76.0,270,United Kingdom,United Kingdom,1,0.46742539230968355,46.7,Medium Risk,"Loyalty reward, product recommendations, re-engagement email.",Automated Email Drip / App Push Notification
14798,53,2,97.4,48.7,52.0,219,United Kingdom,United Kingdom,0,0.46732100572514695,46.7,Medium Risk,"Loyalty reward, product recommendations, re-engagement email.",Automated Email Drip / App Push Notification
13883,128,4,1742.78,435.695,226.0,162,United Kingdom,United Kingdom,0,0.46717721287943337,46.7,Medium Risk,"Loyalty reward, product recommendations, re-engagement email.",Automated Email Drip / App Push Notification
13238,73,2,318.85,159.425,68.5,269,United Kingdom,United Kingdom,0,0.4667768165370727,46.7,Medium Risk,"Loyalty reward, product recommendations, re-engagement email.",Automated Email Drip / App Push Notification
15376,26,2,977.22,488.61,266.5,131,United Kingdom,United Kingdom,0,0.4667249132636686,46.7,Medium Risk,"Loyalty reward, product recommendations, re-engagement email.",Automated Email Drip / App Push Notification
16859,54,2,747.81,373.905,413.5,170,United Kingdom,United Kingdom,1,0.46659896617493984,46.7,Medium Risk,"Loyalty reward, product recommendations, re-engagement email.",Automated Email Drip / App Push Notification
13217,31,3,533.98,177.99333333333334,87.33333333333333,66,United Kingdom,United Kingdom,1,0.4663454595101113,46.6,Medium Risk,"Loyalty reward, product recommendations, re-engagement email.",Automated Email Drip / App Push Notification
17105,68,2,665.78,332.89,346.5,215,United Kingdom,United Kingdom,1,0.4661981137126886,46.6,Medium Risk,"Loyalty reward, product recommendations, re-engagement email.",Automated Email Drip / App Push Notification
15920,63,4,167.5,41.875,24.75,63,United Kingdom,United Kingdom,1,0.4661832596988439,46.6,Medium Risk,"Loyalty reward, product recommendations, re-engagement email.",Automated Email Drip / App Push Notification
13064,62,2,659.25,329.625,142.0,236,United Kingdom,United Kingdom,0,0.466124291559642,46.6,Medium Risk,"Loyalty reward, product recommendations, re-engagement email.",Automated Email Drip / App Push Notification
16146,66,3,734.13,244.71,142.33333333333334,141,United Kingdom,United Kingdom,1,0.4660403967277859,46.6,Medium Risk,"Loyalty reward, product recommendations, re-engagement email.",Automated Email Drip / App Push Notification
12759,81,2,1082.52,541.26,315.0,185,Netherlands,Netherlands,0,0.4659190597975948,46.6,Medium Risk,"Loyalty reward, product recommendations, re-engagement email.",Automated Email Drip / App Push Notification
15289,47,2,697.98,348.99,384.0,159,United Kingdom,United Kingdom,0,0.46567909486009285,46.6,Medium Risk,"Loyalty reward, product recommendations, re-engagement email.",Automated Email Drip / App Push Notification
12625,121,2,2683.82,1341.91,806.0,228,Germany,Germany,1,0.46559550738574473,46.6,Medium Risk,"Loyalty reward, product recommendations, re-engagement email.",Automated Email Drip / App Push Notification
16728,76,3,548.31,182.76999999999998,106.66666666666667,173,United Kingdom,United Kingdom,0,0.4655788633405031,46.6,Medium Risk,"Loyalty reward, product recommendations, re-engagement email.",Automated Email Drip / App Push Notification
16362,0,3,360.65,120.21666666666665,48.333333333333336,0,United Kingdom,United Kingdom,0,0.4654023570078851,46.5,Medium Risk,"Loyalty reward, product recommendations, re-engagement email.",Automated Email Drip / App Push Notification
13611,80,2,636.72,318.36,210.0,269,United Kingdom,United Kingdom,0,0.46525300295224203,46.5,Medium Risk,"Loyalty reward, product recommendations, re-engagement email.",Automated Email Drip / App Push Notification
17133,99,3,2478.79,826.2633333333333,375.0,175,United Kingdom,United Kingdom,0,0.46516727946024694,46.5,Medium Risk,"Loyalty reward, product recommendations, re-engagement email.",Automated Email Drip / App Push Notification
17625,49,2,1227.13,613.565,419.0,167,United Kingdom,United Kingdom,0,0.4650963126734051,46.5,Medium Risk,"Loyalty reward, product recommendations, re-engagement email.",Automated Email Drip / App Push Notification
15407,93,3,740.73,246.91,109.66666666666667,214,United Kingdom,United Kingdom,0,0.46495199605816506,46.5,Medium Risk,"Loyalty reward, product recommendations, re-engagement email.",Automated Email Drip / App Push Notification
17765,68,3,367.63,122.54333333333334,47.666666666666664,166,United Kingdom,United Kingdom,1,0.46477800213320997,46.5,Medium Risk,"Loyalty reward, product recommendations, re-engagement email.",Automated Email Drip / App Push Notification
14145,66,3,2851.2,950.4,192.0,126,United Kingdom,United Kingdom,0,0.4647565433841855,46.5,Medium Risk,"Loyalty reward, product recommendations, re-engagement email.",Automated Email Drip / App Push Notification
16788,32,2,594.39,297.195,152.0,163,United Kingdom,United Kingdom,1,0.46472700918509735,46.5,Medium Risk,"Loyalty reward, product recommendations, re-engagement email.",Automated Email Drip / App Push Notification
16754,281,1,2002.4,2002.4,4280.0,281,United Kingdom,United Kingdom,1,0.4645529056588202,46.5,Medium Risk,"Loyalty reward, product recommendations, re-engagement email.",Automated Email Drip / App Push Notification
13656,74,2,379.65,189.825,245.0,246,United Kingdom,United Kingdom,1,0.4643382398041981,46.4,Medium Risk,"Loyalty reward, product recommendations, re-engagement email.",Automated Email Drip / App Push Notification
15781,47,2,211.3,105.65,33.0,215,United Kingdom,United Kingdom,0,0.4642040914333012,46.4,Medium Risk,"Loyalty reward, product recommendations, re-engagement email.",Automated Email Drip / App Push Notification
17440,66,3,186.42000000000002,62.14000000000001,82.0,157,United Kingdom,United Kingdom,1,0.4641685439800512,46.4,Medium Risk,"Loyalty reward, product recommendations, re-engagement email.",Automated Email Drip / App Push Notification
12451,127,2,5307.82,2653.91,2052.5,234,Switzerland,Other,0,0.4640487376877254,46.4,Medium Risk,"Loyalty reward, product recommendations, re-engagement email.",Automated Email Drip / App Push Notification
16214,80,3,1062.75,354.25,140.0,178,United Kingdom,United Kingdom,1,0.46376327819203095,46.4,Medium Risk,"Loyalty reward, product recommendations, re-engagement email.",Automated Email Drip / App Push Notification
16324,37,3,408.59000000000003,136.1966666666667,90.0,86,United Kingdom,United Kingdom,1,0.46326754189006164,46.3,Medium Risk,"Loyalty reward, product recommendations, re-engagement email.",Automated Email Drip / App Push Notification
18235,29,2,749.8,374.9,353.0,126,United Kingdom,United Kingdom,0,0.4631528093453463,46.3,Medium Risk,"Loyalty reward, product recommendations, re-engagement email.",Automated Email Drip / App Push Notification
12668,168,3,2924.4700000000003,974.8233333333334,444.6666666666667,265,Germany,Germany,0,0.4624972573746731,46.2,Medium Risk,"Loyalty reward, product recommendations, re-engagement email.",Automated Email Drip / App Push Notification
15829,8,2,636.14,318.07,498.0,50,United Kingdom,United Kingdom,1,0.46210491071039583,46.2,Medium Risk,"Loyalty reward, product recommendations, re-engagement email.",Automated Email Drip / App Push Notification
16805,83,2,460.59,230.295,269.5,269,United Kingdom,United Kingdom,1,0.4619577732643567,46.2,Medium Risk,"Loyalty reward, product recommendations, re-engagement email.",Automated Email Drip / App Push Notification
12908,85,2,750.0,375.0,600.0,222,United Kingdom,United Kingdom,1,0.4613553754015163,46.1,Medium Risk,"Loyalty reward, product recommendations, re-engagement email.",Automated Email Drip / App Push Notification
14096,0,3,244.68,81.56,32.333333333333336,11,United Kingdom,United Kingdom,0,0.4609954912556202,46.1,Medium Risk,"Loyalty reward, product recommendations, re-engagement email.",Automated Email Drip / App Push Notification
16174,35,3,1009.5500000000001,336.5166666666667,217.0,61,United Kingdom,United Kingdom,1,0.4607928997731025,46.1,Medium Risk,"Loyalty reward, product recommendations, re-engagement email.",Automated Email Drip / App Push Notification
17754,51,2,575.06,287.53,422.0,169,United Kingdom,United Kingdom,0,0.460668319460113,46.1,Medium Risk,"Loyalty reward, product recommendations, re-engagement email.",Automated Email Drip / App Push Notification
15756,62,3,359.89,119.96333333333332,55.333333333333336,158,United Kingdom,United Kingdom,0,0.4603186599766728,46.0,Medium Risk,"Loyalty reward, product recommendations, re-engagement email.",Automated Email Drip / App Push Notification
13517,16,2,1612.18,806.09,490.5,89,United Kingdom,United Kingdom,0,0.46030313909431125,46.0,Medium Risk,"Loyalty reward, product recommendations, re-engagement email.",Automated Email Drip / App Push Notification
15653,2,2,877.4399999999999,438.71999999999997,600.0,25,United Kingdom,United Kingdom,1,0.4601077461937684,46.0,Medium Risk,"Loyalty reward, product recommendations, re-engagement email.",Automated Email Drip / App Push Notification
14323,24,2,605.0600000000001,302.53000000000003,175.0,148,United Kingdom,United Kingdom,1,0.46005385247306296,46.0,Medium Risk,"Loyalty reward, product recommendations, re-engagement email.",Automated Email Drip / App Push Notification
14978,145,4,1527.23,381.8075,103.75,240,United Kingdom,United Kingdom,0,0.46002398289109164,46.0,Medium Risk,"Loyalty reward, product recommendations, re-engagement email.",Automated Email Drip / App Push Notification
16261,22,2,409.99,204.995,97.0,155,United Kingdom,United Kingdom,0,0.45929988579795306,45.9,Medium Risk,"Loyalty reward, product recommendations, re-engagement email.",Automated Email Drip / App Push Notification
18204,19,2,1358.87,679.435,453.5,101,United Kingdom,United Kingdom,0,0.45903523007152613,45.9,Medium Risk,"Loyalty reward, product recommendations, re-engagement email.",Automated Email Drip / App Push Notification
18151,44,2,653.35,326.675,177.5,199,United Kingdom,United Kingdom,1,0.458798380931609,45.9,Medium Risk,"Loyalty reward, product recommendations, re-engagement email.",Automated Email Drip / App Push Notification
12654,107,3,337.75,112.58333333333333,50.333333333333336,204,Germany,Germany,0,0.45805227905100504,45.8,Medium Risk,"Loyalty reward, product recommendations, re-engagement email.",Automated Email Drip / App Push Notification
13623,119,4,539.17,134.7925,37.25,206,United Kingdom,United Kingdom,0,0.45788551621078527,45.8,Medium Risk,"Loyalty reward, product recommendations, re-engagement email.",Automated Email Drip / App Push Notification
14021,64,3,631.9,210.63333333333333,64.0,165,United Kingdom,United Kingdom,1,0.4576114060122191,45.8,Medium Risk,"Loyalty reward, product recommendations, re-engagement email.",Automated Email Drip / App Push Notification
15512,65,2,121.0,60.5,34.0,269,United Kingdom,United Kingdom,1,0.4574147817524796,45.7,Medium Risk,"Loyalty reward, product recommendations, re-engagement email.",Automated Email Drip / App Push Notification
15240,101,3,1045.38,348.46000000000004,251.66666666666666,221,United Kingdom,United Kingdom,0,0.4572722552766309,45.7,Medium Risk,"Loyalty reward, product recommendations, re-engagement email.",Automated Email Drip / App Push Notification
12590,120,2,9864.26,4932.13,2141.5,120,Germany,Germany,1,0.45707590391980474,45.7,Medium Risk,"Loyalty reward, product recommendations, re-engagement email.",Automated Email Drip / App Push Notification
16245,31,2,769.7,384.85,215.0,166,United Kingdom,United Kingdom,0,0.4569720074292758,45.7,Medium Risk,"Loyalty reward, product recommendations, re-engagement email.",Automated Email Drip / App Push Notification
14626,32,2,1571.29,785.645,439.5,142,United Kingdom,United Kingdom,0,0.45689725990398944,45.7,Medium Risk,"Loyalty reward, product recommendations, re-engagement email.",Automated Email Drip / App Push Notification
16566,79,3,463.88,154.62666666666667,72.0,202,United Kingdom,United Kingdom,0,0.45684622957243654,45.7,Medium Risk,"Loyalty reward, product recommendations, re-engagement email.",Automated Email Drip / App Push Notification
16235,96,3,665.29,221.76333333333332,83.66666666666667,241,United Kingdom,United Kingdom,0,0.456481138358911,45.6,Medium Risk,"Loyalty reward, product recommendations, re-engagement email.",Automated Email Drip / App Push Notification
12510,52,2,982.5699999999999,491.28499999999997,176.5,234,Spain,Spain,1,0.4561069685716778,45.6,Medium Risk,"Loyalty reward, product recommendations, re-engagement email.",Automated Email Drip / App Push Notification
16232,52,3,725.04,241.67999999999998,146.0,124,United Kingdom,United Kingdom,0,0.4560760292254447,45.6,Medium Risk,"Loyalty reward, product recommendations, re-engagement email.",Automated Email Drip / App Push Notification
13951,85,3,674.45,224.8166666666667,153.0,203,United Kingdom,United Kingdom,1,0.45606160630211945,45.6,Medium Risk,"Loyalty reward, product recommendations, re-engagement email.",Automated Email Drip / App Push Notification
14532,145,4,932.85,233.2125,71.0,261,United Kingdom,United Kingdom,1,0.4560103977840582,45.6,Medium Risk,"Loyalty reward, product recommendations, re-engagement email.",Automated Email Drip / App Push Notification
12560,21,2,1436.31,718.155,410.0,52,Germany,Germany,0,0.455961306118475,45.6,Medium Risk,"Loyalty reward, product recommendations, re-engagement email.",Automated Email Drip / App Push Notification
17731,37,3,963.74,321.24666666666667,116.66666666666667,92,United Kingdom,United Kingdom,0,0.455942491966156,45.6,Medium Risk,"Loyalty reward, product recommendations, re-engagement email.",Automated Email Drip / App Push Notification
17410,5,2,419.55,209.775,74.5,124,United Kingdom,United Kingdom,0,0.4558095142860697,45.6,Medium Risk,"Loyalty reward, product recommendations, re-engagement email.",Automated Email Drip / App Push Notification
15384,79,2,642.41,321.205,298.0,269,United Kingdom,United Kingdom,1,0.45524257832370946,45.5,Medium Risk,"Loyalty reward, product recommendations, re-engagement email.",Automated Email Drip / App Push Notification
14450,90,3,483.25,161.08333333333334,80.33333333333333,230,United Kingdom,United Kingdom,1,0.4552206976646169,45.5,Medium Risk,"Loyalty reward, product recommendations, re-engagement email.",Automated Email Drip / App Push Notification
12891,95,3,331.0,110.33333333333333,316.6666666666667,202,United Kingdom,United Kingdom,1,0.4550488629063995,45.5,Medium Risk,"Loyalty reward, product recommendations, re-engagement email.",Automated Email Drip / App Push Notification
14958,56,3,483.72999999999996,161.2433333333333,42.666666666666664,155,United Kingdom,United Kingdom,1,0.4547281561287305,45.5,Medium Risk,"Loyalty reward, product recommendations, re-engagement email.",Automated Email Drip / App Push Notification
13265,93,3,1450.66,483.55333333333334,375.3333333333333,183,United Kingdom,United Kingdom,0,0.45470839287068865,45.5,Medium Risk,"Loyalty reward, product recommendations, re-engagement email.",Automated Email Drip / App Push Notification
14790,29,2,364.04,182.02,192.0,163,United Kingdom,United Kingdom,0,0.4546204775486938,45.5,Medium Risk,"Loyalty reward, product recommendations, re-engagement email.",Automated Email Drip / App Push Notification
15777,150,4,1047.11,261.7775,94.5,270,United Kingdom,United Kingdom,1,0.4545655668597131,45.5,Medium Risk,"Loyalty reward, product recommendations, re-engagement email.",Automated Email Drip / App Push Notification
12919,26,3,441.65,147.21666666666667,67.66666666666667,79,United Kingdom,United Kingdom,0,0.45422756004093967,45.4,Medium Risk,"Loyalty reward, product recommendations, re-engagement email.",Automated Email Drip / App Push Notification
17029,20,2,716.0,358.0,200.0,146,United Kingdom,United Kingdom,1,0.4541982680162638,45.4,Medium Risk,"Loyalty reward, product recommendations, re-engagement email.",Automated Email Drip / App Push Notification
15238,4,2,772.78,386.39,288.5,93,United Kingdom,United Kingdom,0,0.45404591078154155,45.4,Medium Risk,"Loyalty reward, product recommendations, re-engagement email.",Automated Email Drip / App Push Notification
16385,67,2,273.82,136.91,76.0,275,United Kingdom,United Kingdom,0,0.4539674983772009,45.4,Medium Risk,"Loyalty reward, product recommendations, re-engagement email.",Automated Email Drip / App Push Notification
12700,65,2,2149.05,1074.525,688.0,124,France,France,0,0.4537476661142754,45.4,Medium Risk,"Loyalty reward, product recommendations, re-engagement email.",Automated Email Drip / App Push Notification
12828,8,3,415.51,138.50333333333333,52.333333333333336,39,United Kingdom,United Kingdom,0,0.45374095637434536,45.4,Medium Risk,"Loyalty reward, product recommendations, re-engagement email.",Automated Email Drip / App Push Notification
12685,2,2,1606.42,803.21,458.5,3,France,France,0,0.45360214165336005,45.4,Medium Risk,"Loyalty reward, product recommendations, re-engagement email.",Automated Email Drip / App Push Notification
17375,108,3,400.1,133.36666666666667,122.33333333333333,270,United Kingdom,United Kingdom,1,0.4533339855017281,45.3,Medium Risk,"Loyalty reward, product recommendations, re-engagement email.",Automated Email Drip / App Push Notification
12724,82,2,280.36,140.18,89.0,241,France,France,0,0.4533204724995746,45.3,Medium Risk,"Loyalty reward, product recommendations, re-engagement email.",Automated Email Drip / App Push Notification
16242,74,3,846.59,282.19666666666666,125.0,186,United Kingdom,United Kingdom,0,0.4529422899846378,45.3,Medium Risk,"Loyalty reward, product recommendations, re-engagement email.",Automated Email Drip / App Push Notification
16989,7,2,890.7,445.35,543.0,60,United Kingdom,United Kingdom,0,0.4528570716113694,45.3,Medium Risk,"Loyalty reward, product recommendations, re-engagement email.",Automated Email Drip / App Push Notification
17656,15,3,927.65,309.21666666666664,154.33333333333334,38,United Kingdom,United Kingdom,0,0.4527007196300496,45.3,Medium Risk,"Loyalty reward, product recommendations, re-engagement email.",Automated Email Drip / App Push Notification
14267,72,3,1516.24,505.41333333333336,176.66666666666666,170,United Kingdom,United Kingdom,1,0.45263053833374567,45.3,Medium Risk,"Loyalty reward, product recommendations, re-engagement email.",Automated Email Drip / App Push Notification
12994,29,2,645.47,322.735,151.5,178,United Kingdom,United Kingdom,0,0.4525785313238065,45.3,Medium Risk,"Loyalty reward, product recommendations, re-engagement email.",Automated Email Drip / App Push Notification
14047,109,3,635.92,211.97333333333333,70.0,282,United Kingdom,United Kingdom,0,0.4525126114990278,45.3,Medium Risk,"Loyalty reward, product recommendations, re-engagement email.",Automated Email Drip / App Push Notification
17092,35,2,629.32,314.66,195.0,186,United Kingdom,United Kingdom,0,0.45186331201738944,45.2,Medium Risk,"Loyalty reward, product recommendations, re-engagement email.",Automated Email Drip / App Push Notification
15107,220,6,319.5,53.25,28.166666666666668,281,United Kingdom,United Kingdom,1,0.451171234452136,45.1,Medium Risk,"Loyalty reward, product recommendations, re-engagement email.",Automated Email Drip / App Push Notification
15146,74,2,1327.16,663.58,736.5,200,United Kingdom,United Kingdom,1,0.45034023553118424,45.0,Medium Risk,"Loyalty reward, product recommendations, re-engagement email.",Automated Email Drip / App Push Notification
14691,6,2,1274.68,637.34,232.0,122,United Kingdom,United Kingdom,0,0.4503310001442072,45.0,Medium Risk,"Loyalty reward, product recommendations, re-engagement email.",Automated Email Drip / App Push Notification
14867,95,3,710.28,236.76,109.33333333333333,245,United Kingdom,United Kingdom,1,0.45020927112307874,45.0,Medium Risk,"Loyalty reward, product recommendations, re-engagement email.",Automated Email Drip / App Push Notification
14535,36,2,1652.81,826.405,483.0,158,United Kingdom,United Kingdom,0,0.44975791576236734,45.0,Medium Risk,"Loyalty reward, product recommendations, re-engagement email.",Automated Email Drip / App Push Notification
14522,1,2,760.6999999999999,380.34999999999997,209.5,107,United Kingdom,United Kingdom,0,0.44966144248058837,45.0,Medium Risk,"Loyalty reward, product recommendations, re-engagement email.",Automated Email Drip / App Push Notification
15889,66,2,420.07,210.035,103.0,278,United Kingdom,United Kingdom,1,0.44952360265155866,45.0,Medium Risk,"Loyalty reward, product recommendations, re-engagement email.",Automated Email Drip / App Push Notification
18036,14,2,253.69,126.845,76.5,155,United Kingdom,United Kingdom,0,0.44894991469911816,44.9,Medium Risk,"Loyalty reward, product recommendations, re-engagement email.",Automated Email Drip / App Push Notification
17373,43,2,287.3,143.65,100.0,222,United Kingdom,United Kingdom,0,0.44879664235062683,44.9,Medium Risk,"Loyalty reward, product recommendations, re-engagement email.",Automated Email Drip / App Push Notification
12517,35,2,1521.45,760.725,417.0,99,Germany,Germany,0,0.44861651811884806,44.9,Medium Risk,"Loyalty reward, product recommendations, re-engagement email.",Automated Email Drip / App Push Notification
17849,127,4,605.8000000000001,151.45000000000002,28.5,243,United Kingdom,United Kingdom,1,0.44824212820370474,44.8,Medium Risk,"Loyalty reward, product recommendations, re-engagement email.",Automated Email Drip / App Push Notification
13136,52,3,1226.68,408.8933333333334,225.66666666666666,122,United Kingdom,United Kingdom,0,0.44821177038348753,44.8,Medium Risk,"Loyalty reward, product recommendations, re-engagement email.",Automated Email Drip / App Push Notification
15098,91,3,39916.5,13305.5,40.333333333333336,91,United Kingdom,United Kingdom,1,0.44820310421079035,44.8,Medium Risk,"Loyalty reward, product recommendations, re-engagement email.",Automated Email Drip / App Push Notification
17739,106,3,1070.77,356.92333333333335,137.0,269,United Kingdom,United Kingdom,0,0.4481646025248432,44.8,Medium Risk,"Loyalty reward, product recommendations, re-engagement email.",Automated Email Drip / App Push Notification
14584,78,4,1033.06,258.265,95.25,107,United Kingdom,United Kingdom,1,0.4480825767463984,44.8,Medium Risk,"Loyalty reward, product recommendations, re-engagement email.",Automated Email Drip / App Push Notification
14163,61,3,1659.39,553.13,196.33333333333334,148,United Kingdom,United Kingdom,0,0.4477275257277628,44.8,Medium Risk,"Loyalty reward, product recommendations, re-engagement email.",Automated Email Drip / App Push Notification
13655,23,2,932.97,466.485,302.5,151,United Kingdom,United Kingdom,1,0.4473099901465953,44.7,Medium Risk,"Loyalty reward, product recommendations, re-engagement email.",Automated Email Drip / App Push Notification
13510,4,2,897.81,448.905,371.5,93,United Kingdom,United Kingdom,0,0.4469823479255838,44.7,Medium Risk,"Loyalty reward, product recommendations, re-engagement email.",Automated Email Drip / App Push Notification
15582,9,2,541.51,270.755,203.5,129,United Kingdom,United Kingdom,0,0.4468513543387891,44.7,Medium Risk,"Loyalty reward, product recommendations, re-engagement email.",Automated Email Drip / App Push Notification
16774,25,3,542.2,180.73333333333335,75.33333333333333,88,United Kingdom,United Kingdom,0,0.4467732785521094,44.7,Medium Risk,"Loyalty reward, product recommendations, re-engagement email.",Automated Email Drip / App Push Notification
16770,146,4,649.38,162.345,91.25,281,United Kingdom,United Kingdom,0,0.44629101957118905,44.6,Medium Risk,"Loyalty reward, product recommendations, re-engagement email.",Automated Email Drip / App Push Notification
15800,16,2,696.89,348.445,166.0,156,United Kingdom,United Kingdom,1,0.44622301567122796,44.6,Medium Risk,"Loyalty reward, product recommendations, re-engagement email.",Automated Email Drip / App Push Notification
14643,79,2,693.8100000000001,346.90500000000003,407.5,267,United Kingdom,United Kingdom,1,0.44605869219549843,44.6,Medium Risk,"Loyalty reward, product recommendations, re-engagement email.",Automated Email Drip / App Push Notification
12664,53,3,1957.48,652.4933333333333,168.33333333333334,232,Finland,Other,0,0.44589239201327874,44.6,Medium Risk,"Loyalty reward, product recommendations, re-engagement email.",Automated Email Drip / App Push Notification
15117,30,2,675.73,337.865,542.5,125,United Kingdom,United Kingdom,0,0.44578231952569747,44.6,Medium Risk,"Loyalty reward, product recommendations, re-engagement email.",Automated Email Drip / App Push Notification
13715,190,5,1077.39,215.478,112.4,282,United Kingdom,United Kingdom,1,0.44523891610130595,44.5,Medium Risk,"Loyalty reward, product recommendations, re-engagement email.",Automated Email Drip / App Push Notification
17134,16,2,413.2,206.6,49.0,174,United Kingdom,United Kingdom,1,0.4450470009550505,44.5,Medium Risk,"Loyalty reward, product recommendations, re-engagement email.",Automated Email Drip / App Push Notification
17615,39,3,329.6,109.86666666666667,46.666666666666664,131,United Kingdom,United Kingdom,1,0.4449522443454775,44.5,Medium Risk,"Loyalty reward, product recommendations, re-engagement email.",Automated Email Drip / App Push Notification
16871,120,4,2037.82,509.455,215.25,180,United Kingdom,United Kingdom,0,0.4447037981213612,44.5,Medium Risk,"Loyalty reward, product recommendations, re-engagement email.",Automated Email Drip / App Push Notification
13015,106,4,1763.04,440.76,176.25,158,United Kingdom,United Kingdom,0,0.4439421672310134,44.4,Medium Risk,"Loyalty reward, product recommendations, re-engagement email.",Automated Email Drip / App Push Notification
16418,2,2,368.36,184.18,87.0,135,United Kingdom,United Kingdom,0,0.44378914120018154,44.4,Medium Risk,"Loyalty reward, product recommendations, re-engagement email.",Automated Email Drip / App Push Notification
15108,51,4,1300.25,325.0625,124.75,137,European Community,Other,1,0.44368950137521673,44.4,Medium Risk,"Loyalty reward, product recommendations, re-engagement email.",Automated Email Drip / App Push Notification
12624,15,2,641.13,320.565,177.5,87,France,France,1,0.44304470593325235,44.3,Medium Risk,"Loyalty reward, product recommendations, re-engagement email.",Automated Email Drip / App Push Notification
15587,52,2,456.84,228.42,78.0,261,United Kingdom,United Kingdom,0,0.44272967424721776,44.3,Medium Risk,"Loyalty reward, product recommendations, re-engagement email.",Automated Email Drip / App Push Notification
13029,48,2,773.1999999999999,386.59999999999997,46.0,262,United Kingdom,United Kingdom,0,0.4425991223225835,44.3,Medium Risk,"Loyalty reward, product recommendations, re-engagement email.",Automated Email Drip / App Push Notification
14482,8,2,465.95000000000005,232.97500000000002,117.0,148,United Kingdom,United Kingdom,0,0.4425734243321124,44.3,Medium Risk,"Loyalty reward, product recommendations, re-engagement email.",Automated Email Drip / App Push Notification
13192,4,2,911.94,455.97,297.5,114,United Kingdom,United Kingdom,1,0.4425032658011266,44.3,Medium Risk,"Loyalty reward, product recommendations, re-engagement email.",Automated Email Drip / App Push Notification
15834,75,3,1783.22,594.4066666666666,225.66666666666666,186,United Kingdom,United Kingdom,0,0.442266956779663,44.2,Medium Risk,"Loyalty reward, product recommendations, re-engagement email.",Automated Email Drip / App Push Notification
16309,15,2,706.57,353.285,233.5,150,United Kingdom,United Kingdom,1,0.4417081710644618,44.2,Medium Risk,"Loyalty reward, product recommendations, re-engagement email.",Automated Email Drip / App Push Notification
12429,82,3,2844.88,948.2933333333334,348.3333333333333,275,Denmark,Other,0,0.44160822346588424,44.2,Medium Risk,"Loyalty reward, product recommendations, re-engagement email.",Automated Email Drip / App Push Notification
12915,58,2,363.65,181.825,46.5,282,United Kingdom,United Kingdom,1,0.441357463677247,44.1,Medium Risk,"Loyalty reward, product recommendations, re-engagement email.",Automated Email Drip / App Push Notification
15730,1,2,777.22,388.61,244.5,116,United Kingdom,United Kingdom,0,0.4412867616907662,44.1,Medium Risk,"Loyalty reward, product recommendations, re-engagement email.",Automated Email Drip / App Push Notification
15985,32,2,1142.42,571.21,543.0,146,United Kingdom,United Kingdom,1,0.44070142545648583,44.1,Medium Risk,"Loyalty reward, product recommendations, re-engagement email.",Automated Email Drip / App Push Notification
14803,71,3,845.55,281.84999999999997,123.33333333333333,201,United Kingdom,United Kingdom,1,0.4405181414050919,44.1,Medium Risk,"Loyalty reward, product recommendations, re-engagement email.",Automated Email Drip / App Push Notification
15110,36,2,376.55,188.275,60.5,228,United Kingdom,United Kingdom,0,0.4404813170286524,44.0,Medium Risk,"Loyalty reward, product recommendations, re-engagement email.",Automated Email Drip / App Push Notification
16889,104,3,1578.67,526.2233333333334,308.3333333333333,246,United Kingdom,United Kingdom,1,0.4404434857045137,44.0,Medium Risk,"Loyalty reward, product recommendations, re-engagement email.",Automated Email Drip / App Push Notification
14778,36,2,730.86,365.43,153.0,218,United Kingdom,United Kingdom,1,0.44016068341999975,44.0,Medium Risk,"Loyalty reward, product recommendations, re-engagement email.",Automated Email Drip / App Push Notification
14273,45,3,450.05,150.01666666666668,65.33333333333333,151,United Kingdom,United Kingdom,0,0.4397668845586153,44.0,Medium Risk,"Loyalty reward, product recommendations, re-engagement email.",Automated Email Drip / App Push Notification
15530,59,3,1163.69,387.8966666666667,218.0,156,United Kingdom,United Kingdom,0,0.43949117142385014,43.9,Medium Risk,"Loyalty reward, product recommendations, re-engagement email.",Automated Email Drip / App Push Notification
17921,57,3,595.47,198.49,96.0,175,United Kingdom,United Kingdom,0,0.4392972774465809,43.9,Medium Risk,"Loyalty reward, product recommendations, re-engagement email.",Automated Email Drip / App Push Notification
15780,93,3,475.28000000000003,158.42666666666668,73.33333333333333,267,United Kingdom,United Kingdom,1,0.43911789813582486,43.9,Medium Risk,"Loyalty reward, product recommendations, re-engagement email.",Automated Email Drip / App Push Notification
18016,95,3,482.86,160.95333333333335,68.33333333333333,273,United Kingdom,United Kingdom,0,0.438940409523392,43.9,Medium Risk,"Loyalty reward, product recommendations, re-engagement email.",Automated Email Drip / App Push Notification
16342,17,3,283.71,94.57,48.333333333333336,89,United Kingdom,United Kingdom,0,0.4385078907492684,43.9,Medium Risk,"Loyalty reward, product recommendations, re-engagement email.",Automated Email Drip / App Push Notification
15618,1,3,419.041,139.68033333333332,71.66666666666667,46,United Kingdom,United Kingdom,0,0.4382916627866637,43.8,Medium Risk,"Loyalty reward, product recommendations, re-engagement email.",Automated Email Drip / App Push Notification
14708,63,2,701.1800000000001,350.59000000000003,205.0,278,United Kingdom,United Kingdom,0,0.43787958116158887,43.8,Medium Risk,"Loyalty reward, product recommendations, re-engagement email.",Automated Email Drip / App Push Notification
13772,6,2,682.97,341.485,154.0,149,United Kingdom,United Kingdom,0,0.43755320651426216,43.8,Medium Risk,"Loyalty reward, product recommendations, re-engagement email.",Automated Email Drip / App Push Notification
15031,19,2,261.79,130.895,57.5,191,United Kingdom,United Kingdom,0,0.4374041634688905,43.7,Medium Risk,"Loyalty reward, product recommendations, re-engagement email.",Automated Email Drip / App Push Notification
18069,89,3,978.32,326.1066666666667,208.66666666666666,236,United Kingdom,United Kingdom,0,0.4367260959420962,43.7,Medium Risk,"Loyalty reward, product recommendations, re-engagement email.",Automated Email Drip / App Push Notification
16768,13,2,286.49,143.245,44.0,181,United Kingdom,United Kingdom,0,0.4363828151121752,43.6,Medium Risk,"Loyalty reward, product recommendations, re-engagement email.",Automated Email Drip / App Push Notification
17744,160,4,1288.96,322.24,421.5,267,United Kingdom,United Kingdom,0,0.43597735410069366,43.6,Medium Risk,"Loyalty reward, product recommendations, re-engagement email.",Automated Email Drip / App Push Notification
13764,53,2,943.29,471.645,292.0,246,United Kingdom,United Kingdom,0,0.43585867100145786,43.6,Medium Risk,"Loyalty reward, product recommendations, re-engagement email.",Automated Email Drip / App Push Notification
16621,57,3,609.41,203.13666666666666,62.333333333333336,187,United Kingdom,United Kingdom,0,0.43580152386309035,43.6,Medium Risk,"Loyalty reward, product recommendations, re-engagement email.",Automated Email Drip / App Push Notification
17463,85,3,1227.59,409.19666666666666,239.33333333333334,222,United Kingdom,United Kingdom,0,0.43558032402032193,43.6,Medium Risk,"Loyalty reward, product recommendations, re-engagement email.",Automated Email Drip / App Push Notification
15493,59,3,1286.95,428.98333333333335,119.33333333333333,180,United Kingdom,United Kingdom,0,0.43534410396020184,43.5,Medium Risk,"Loyalty reward, product recommendations, re-engagement email.",Automated Email Drip / App Push Notification
17827,151,4,1580.47,395.1175,239.25,274,United Kingdom,United Kingdom,0,0.43529868658327975,43.5,Medium Risk,"Loyalty reward, product recommendations, re-engagement email.",Automated Email Drip / App Push Notification
17262,136,4,955.3600000000001,238.84000000000003,81.75,275,United Kingdom,United Kingdom,0,0.43454858317667483,43.5,Medium Risk,"Loyalty reward, product recommendations, re-engagement email.",Automated Email Drip / App Push Notification
15713,52,2,356.7,178.35,75.0,275,United Kingdom,United Kingdom,1,0.434264131731861,43.4,Medium Risk,"Loyalty reward, product recommendations, re-engagement email.",Automated Email Drip / App Push Notification
14875,17,2,1465.3200000000002,732.6600000000001,279.0,172,United Kingdom,United Kingdom,1,0.4342275535164723,43.4,Medium Risk,"Loyalty reward, product recommendations, re-engagement email.",Automated Email Drip / App Push Notification
17651,65,4,1148.01,287.0025,170.5,86,United Kingdom,United Kingdom,0,0.4338903659546317,43.4,Medium Risk,"Loyalty reward, product recommendations, re-engagement email.",Automated Email Drip / App Push Notification
18273,5,2,153.0,76.5,30.0,167,United Kingdom,United Kingdom,0,0.4335556842529986,43.4,Medium Risk,"Loyalty reward, product recommendations, re-engagement email.",Automated Email Drip / App Push Notification
14871,87,3,335.3,111.76666666666667,36.333333333333336,270,United Kingdom,United Kingdom,0,0.4331855833838761,43.3,Medium Risk,"Loyalty reward, product recommendations, re-engagement email.",Automated Email Drip / App Push Notification
15032,165,3,4959.1,1653.0333333333335,989.3333333333334,275,United Kingdom,United Kingdom,1,0.4330182824893819,43.3,Medium Risk,"Loyalty reward, product recommendations, re-engagement email.",Automated Email Drip / App Push Notification
12695,16,2,333.90000000000003,166.95000000000002,86.0,119,France,France,0,0.43265730625392246,43.3,Medium Risk,"Loyalty reward, product recommendations, re-engagement email.",Automated Email Drip / App Push Notification
12449,1,3,2724.58,908.1933333333333,343.0,96,Belgium,Other,0,0.432655780339375,43.3,Medium Risk,"Loyalty reward, product recommendations, re-engagement email.",Automated Email Drip / App Push Notification
14167,74,3,389.85,129.95000000000002,34.333333333333336,240,United Kingdom,United Kingdom,0,0.4324085220160417,43.2,Medium Risk,"Loyalty reward, product recommendations, re-engagement email.",Automated Email Drip / App Push Notification
13523,109,3,2369.24,789.7466666666666,276.0,275,United Kingdom,United Kingdom,0,0.4322925880385827,43.2,Medium Risk,"Loyalty reward, product recommendations, re-engagement email.",Automated Email Drip / App Push Notification
16709,109,4,1984.5900000000001,496.14750000000004,130.25,191,United Kingdom,United Kingdom,0,0.4322237100063336,43.2,Medium Risk,"Loyalty reward, product recommendations, re-engagement email.",Automated Email Drip / App Push Notification
15810,79,3,1361.19,453.73,285.3333333333333,206,United Kingdom,United Kingdom,0,0.4316056126652778,43.2,Medium Risk,"Loyalty reward, product recommendations, re-engagement email.",Automated Email Drip / App Push Notification
18237,1,3,725.55,241.85,155.0,43,United Kingdom,United Kingdom,0,0.43114126800818986,43.1,Medium Risk,"Loyalty reward, product recommendations, re-engagement email.",Automated Email Drip / App Push Notification
13814,1,2,1579.12,789.56,432.0,46,Germany,Germany,1,0.4310815757063055,43.1,Medium Risk,"Loyalty reward, product recommendations, re-engagement email.",Automated Email Drip / App Push Notification
15380,50,2,582.5600000000001,291.28000000000003,108.0,274,United Kingdom,United Kingdom,0,0.43085318381331733,43.1,Medium Risk,"Loyalty reward, product recommendations, re-engagement email.",Automated Email Drip / App Push Notification
16188,50,3,755.03,251.67666666666665,215.0,152,United Kingdom,United Kingdom,0,0.4307060646583282,43.1,Medium Risk,"Loyalty reward, product recommendations, re-engagement email.",Automated Email Drip / App Push Notification
14441,4,2,697.4000000000001,348.70000000000005,106.0,165,United Kingdom,United Kingdom,0,0.4306487869412433,43.1,Medium Risk,"Loyalty reward, product recommendations, re-engagement email.",Automated Email Drip / App Push Notification
16780,9,2,422.24,211.12,135.0,168,United Kingdom,United Kingdom,1,0.43054507489804755,43.1,Medium Risk,"Loyalty reward, product recommendations, re-engagement email.",Automated Email Drip / App Push Notification
17259,57,2,581.23,290.615,194.0,277,United Kingdom,United Kingdom,1,0.43029834212324075,43.0,Medium Risk,"Loyalty reward, product recommendations, re-engagement email.",Automated Email Drip / App Push Notification
14214,65,3,899.16,299.71999999999997,223.66666666666666,187,United Kingdom,United Kingdom,0,0.43029315896663733,43.0,Medium Risk,"Loyalty reward, product recommendations, re-engagement email.",Automated Email Drip / App Push Notification
13988,72,3,1923.5,641.1666666666666,430.0,164,United Kingdom,United Kingdom,0,0.4302695238971698,43.0,Medium Risk,"Loyalty reward, product recommendations, re-engagement email.",Automated Email Drip / App Push Notification
15898,136,4,997.94,249.485,105.25,278,United Kingdom,United Kingdom,0,0.4302419203263128,43.0,Medium Risk,"Loyalty reward, product recommendations, re-engagement email.",Automated Email Drip / App Push Notification
16283,30,3,586.35,195.45000000000002,147.0,117,United Kingdom,United Kingdom,0,0.4301574256355334,43.0,Medium Risk,"Loyalty reward, product recommendations, re-engagement email.",Automated Email Drip / App Push Notification
15505,23,3,2091.14,697.0466666666666,321.3333333333333,64,United Kingdom,United Kingdom,0,0.42994652045961634,43.0,Medium Risk,"Loyalty reward, product recommendations, re-engagement email.",Automated Email Drip / App Push Notification
14628,0,2,671.96,335.98,136.0,151,United Kingdom,United Kingdom,1,0.4299201524750655,43.0,Medium Risk,"Loyalty reward, product recommendations, re-engagement email.",Automated Email Drip / App Push Notification
13799,26,2,688.86,344.43,201.0,203,United Kingdom,United Kingdom,1,0.42991548774883337,43.0,Medium Risk,"Loyalty reward, product recommendations, re-engagement email.",Automated Email Drip / App Push Notification
13705,54,2,522.68,261.34,118.5,283,United Kingdom,United Kingdom,0,0.42969973294288416,43.0,Medium Risk,"Loyalty reward, product recommendations, re-engagement email.",Automated Email Drip / App Push Notification
15594,3,2,788.22,394.11,232.0,144,United Kingdom,United Kingdom,0,0.42958533482408867,43.0,Medium Risk,"Loyalty reward, product recommendations, re-engagement email.",Automated Email Drip / App Push Notification
14005,43,3,696.56,232.18666666666664,288.0,125,United Kingdom,United Kingdom,0,0.4293575470440425,42.9,Medium Risk,"Loyalty reward, product recommendations, re-engagement email.",Automated Email Drip / App Push Notification
18062,82,3,720.52,240.17333333333332,132.0,247,United Kingdom,United Kingdom,1,0.4290887396994008,42.9,Medium Risk,"Loyalty reward, product recommendations, re-engagement email.",Automated Email Drip / App Push Notification
15577,60,3,258.88,86.29333333333334,29.666666666666668,214,United Kingdom,United Kingdom,1,0.42871383844855665,42.9,Medium Risk,"Loyalty reward, product recommendations, re-engagement email.",Automated Email Drip / App Push Notification
16475,53,3,459.3,153.1,106.0,183,United Kingdom,United Kingdom,0,0.42869162859173676,42.9,Medium Risk,"Loyalty reward, product recommendations, re-engagement email.",Automated Email Drip / App Push Notification
12473,24,2,1175.75,587.875,426.5,101,Germany,Germany,0,0.42852859399489934,42.9,Medium Risk,"Loyalty reward, product recommendations, re-engagement email.",Automated Email Drip / App Push Notification
17429,37,3,524.9200000000001,174.97333333333336,208.0,128,United Kingdom,United Kingdom,1,0.4277052469633298,42.8,Medium Risk,"Loyalty reward, product recommendations, re-engagement email.",Automated Email Drip / App Push Notification
13548,5,2,678.16,339.08,218.0,153,United Kingdom,United Kingdom,1,0.4276649703617583,42.8,Medium Risk,"Loyalty reward, product recommendations, re-engagement email.",Automated Email Drip / App Push Notification
12758,26,2,2791.59,1395.795,1067.5,186,Portugal,Other,1,0.4274668791445215,42.7,Medium Risk,"Loyalty reward, product recommendations, re-engagement email.",Automated Email Drip / App Push Notification
13092,121,4,439.75,109.9375,23.75,269,United Kingdom,United Kingdom,0,0.4271826845512946,42.7,Medium Risk,"Loyalty reward, product recommendations, re-engagement email.",Automated Email Drip / App Push Notification
13141,123,4,1401.03,350.2575,235.5,224,United Kingdom,United Kingdom,0,0.4270381410467556,42.7,Medium Risk,"Loyalty reward, product recommendations, re-engagement email.",Automated Email Drip / App Push Notification
16750,30,3,416.12,138.70666666666668,46.0,141,United Kingdom,United Kingdom,0,0.42692758215803717,42.7,Medium Risk,"Loyalty reward, product recommendations, re-engagement email.",Automated Email Drip / App Push Notification
14346,30,2,1021.58,510.79,302.5,206,United Kingdom,United Kingdom,1,0.4266829883697348,42.7,Medium Risk,"Loyalty reward, product recommendations, re-engagement email.",Automated Email Drip / App Push Notification
17179,87,3,711.79,237.26333333333332,96.66666666666667,270,United Kingdom,United Kingdom,1,0.4264518928176967,42.6,Medium Risk,"Loyalty reward, product recommendations, re-engagement email.",Automated Email Drip / App Push Notification
14829,93,3,531.63,177.21,121.33333333333333,281,United Kingdom,United Kingdom,0,0.426448150729612,42.6,Medium Risk,"Loyalty reward, product recommendations, re-engagement email.",Automated Email Drip / App Push Notification
12535,1,2,716.35,358.175,109.5,96,France,France,1,0.42620897738359953,42.6,Medium Risk,"Loyalty reward, product recommendations, re-engagement email.",Automated Email Drip / App Push Notification
16473,74,3,316.11,105.37,65.33333333333333,246,United Kingdom,United Kingdom,1,0.4261977394047547,42.6,Medium Risk,"Loyalty reward, product recommendations, re-engagement email.",Automated Email Drip / App Push Notification
13037,47,3,881.07,293.69,143.66666666666666,165,United Kingdom,United Kingdom,1,0.42600295508601466,42.6,Medium Risk,"Loyalty reward, product recommendations, re-engagement email.",Automated Email Drip / App Push Notification
16081,94,3,992.37,330.79,158.66666666666666,276,United Kingdom,United Kingdom,0,0.425923476662452,42.6,Medium Risk,"Loyalty reward, product recommendations, re-engagement email.",Automated Email Drip / App Push Notification
16520,95,3,1046.57,348.8566666666666,186.0,274,United Kingdom,United Kingdom,1,0.4256192591503835,42.6,Medium Risk,"Loyalty reward, product recommendations, re-engagement email.",Automated Email Drip / App Push Notification
13242,21,3,270.40000000000003,90.13333333333334,43.333333333333336,123,United Kingdom,United Kingdom,1,0.4253856256432708,42.5,Medium Risk,"Loyalty reward, product recommendations, re-engagement email.",Automated Email Drip / App Push Notification
16744,6,3,399.11,133.03666666666666,80.0,82,United Kingdom,United Kingdom,0,0.4241288576903465,42.4,Medium Risk,"Loyalty reward, product recommendations, re-engagement email.",Automated Email Drip / App Push Notification
14794,113,4,679.54,169.885,77.75,243,United Kingdom,United Kingdom,0,0.4237755541255481,42.4,Medium Risk,"Loyalty reward, product recommendations, re-engagement email.",Automated Email Drip / App Push Notification
16493,82,3,782.29,260.7633333333333,235.33333333333334,239,United Kingdom,United Kingdom,0,0.4233847416606964,42.3,Medium Risk,"Loyalty reward, product recommendations, re-engagement email.",Automated Email Drip / App Push Notification
16808,8,2,288.42,144.21,98.0,183,United Kingdom,United Kingdom,1,0.42322915040412873,42.3,Medium Risk,"Loyalty reward, product recommendations, re-engagement email.",Automated Email Drip / App Push Notification
16809,45,3,470.69,156.89666666666668,123.66666666666667,171,United Kingdom,United Kingdom,0,0.4228173276070156,42.3,Medium Risk,"Loyalty reward, product recommendations, re-engagement email.",Automated Email Drip / App Push Notification
17164,61,3,1270.42,423.47333333333336,267.3333333333333,182,United Kingdom,United Kingdom,0,0.42257744426593763,42.3,Medium Risk,"Loyalty reward, product recommendations, re-engagement email.",Automated Email Drip / App Push Notification
14461,57,3,2103.06,701.02,255.33333333333334,171,United Kingdom,United Kingdom,1,0.42257437072753584,42.3,Medium Risk,"Loyalty reward, product recommendations, re-engagement email.",Automated Email Drip / App Push Notification
16618,120,4,1441.29,360.3225,192.75,232,United Kingdom,United Kingdom,0,0.4223406628589642,42.2,Medium Risk,"Loyalty reward, product recommendations, re-engagement email.",Automated Email Drip / App Push Notification
14177,5,3,299.46,99.82,48.0,89,United Kingdom,United Kingdom,0,0.42219688713919584,42.2,Medium Risk,"Loyalty reward, product recommendations, re-engagement email.",Automated Email Drip / App Push Notification
13122,3,2,922.39,461.195,292.5,149,United Kingdom,United Kingdom,1,0.4220771492968498,42.2,Medium Risk,"Loyalty reward, product recommendations, re-engagement email.",Automated Email Drip / App Push Notification
17589,60,3,1843.07,614.3566666666667,435.6666666666667,149,United Kingdom,United Kingdom,0,0.422024112514123,42.2,Medium Risk,"Loyalty reward, product recommendations, re-engagement email.",Automated Email Drip / App Push Notification
16224,50,3,865.88,288.62666666666667,266.0,159,United Kingdom,United Kingdom,0,0.4215839797978248,42.2,Medium Risk,"Loyalty reward, product recommendations, re-engagement email.",Automated Email Drip / App Push Notification
14737,38,2,1081.75,540.875,151.5,262,United Kingdom,United Kingdom,0,0.42140192726940023,42.1,Medium Risk,"Loyalty reward, product recommendations, re-engagement email.",Automated Email Drip / App Push Notification
15364,5,2,913.19,456.595,246.5,163,United Kingdom,United Kingdom,1,0.4213482769290255,42.1,Medium Risk,"Loyalty reward, product recommendations, re-engagement email.",Automated Email Drip / App Push Notification
18221,25,3,706.86,235.62,148.66666666666666,120,United Kingdom,United Kingdom,0,0.421266551480681,42.1,Medium Risk,"Loyalty reward, product recommendations, re-engagement email.",Automated Email Drip / App Push Notification
15172,45,3,886.74,295.58,279.3333333333333,146,United Kingdom,United Kingdom,0,0.4207367776594836,42.1,Medium Risk,"Loyalty reward, product recommendations, re-engagement email.",Automated Email Drip / App Push Notification
16031,1,2,547.9,273.95,210.5,156,United Kingdom,United Kingdom,1,0.4201728690401584,42.0,Medium Risk,"Loyalty reward, product recommendations, re-engagement email.",Automated Email Drip / App Push Notification
16394,80,3,933.1,311.03333333333336,468.0,199,United Kingdom,United Kingdom,0,0.42011145804866956,42.0,Medium Risk,"Loyalty reward, product recommendations, re-engagement email.",Automated Email Drip / App Push Notification
13956,47,3,676.07,225.35666666666668,127.0,180,United Kingdom,United Kingdom,0,0.41971197862816895,42.0,Medium Risk,"Loyalty reward, product recommendations, re-engagement email.",Automated Email Drip / App Push Notification
15768,25,3,621.8299999999999,207.27666666666664,81.33333333333333,135,United Kingdom,United Kingdom,1,0.4196167674135759,42.0,Medium Risk,"Loyalty reward, product recommendations, re-engagement email.",Automated Email Drip / App Push Notification
17616,83,3,571.1999999999999,190.39999999999998,74.66666666666667,277,United Kingdom,United Kingdom,1,0.4195844966000405,42.0,Medium Risk,"Loyalty reward, product recommendations, re-engagement email.",Automated Email Drip / App Push Notification
13003,15,3,149.05,49.68333333333334,34.333333333333336,124,United Kingdom,United Kingdom,1,0.4178641847897918,41.8,Medium Risk,"Loyalty reward, product recommendations, re-engagement email.",Automated Email Drip / App Push Notification
15071,3,2,982.07,491.035,134.5,185,United Kingdom,United Kingdom,1,0.41782280293391955,41.8,Medium Risk,"Loyalty reward, product recommendations, re-engagement email.",Automated Email Drip / App Push Notification
15809,93,4,399.21,99.8025,62.75,212,United Kingdom,United Kingdom,0,0.4176536272792057,41.8,Medium Risk,"Loyalty reward, product recommendations, re-engagement email.",Automated Email Drip / App Push Notification
12787,1,2,344.65999999999997,172.32999999999998,105.0,102,Netherlands,Netherlands,0,0.41752079540865983,41.8,Medium Risk,"Loyalty reward, product recommendations, re-engagement email.",Automated Email Drip / App Push Notification
16107,12,3,1494.1200000000001,498.04,166.66666666666666,92,United Kingdom,United Kingdom,0,0.4157868491578674,41.6,Medium Risk,"Loyalty reward, product recommendations, re-engagement email.",Automated Email Drip / App Push Notification
13865,46,3,383.34000000000003,127.78000000000002,51.333333333333336,199,United Kingdom,United Kingdom,0,0.4157675312440264,41.6,Medium Risk,"Loyalty reward, product recommendations, re-engagement email.",Automated Email Drip / App Push Notification
17738,58,3,1571.49,523.83,237.0,191,United Kingdom,United Kingdom,0,0.4157663456313525,41.6,Medium Risk,"Loyalty reward, product recommendations, re-engagement email.",Automated Email Drip / App Push Notification
17685,176,5,1512.72,302.544,177.6,281,United Kingdom,United Kingdom,0,0.41561167187141423,41.6,Medium Risk,"Loyalty reward, product recommendations, re-engagement email.",Automated Email Drip / App Push Notification
17227,82,3,473.75,157.91666666666666,98.66666666666667,278,United Kingdom,United Kingdom,0,0.4155823162665458,41.6,Medium Risk,"Loyalty reward, product recommendations, re-engagement email.",Automated Email Drip / App Push Notification
14178,7,3,477.29,159.09666666666666,129.0,91,United Kingdom,United Kingdom,0,0.4155467658338882,41.6,Medium Risk,"Loyalty reward, product recommendations, re-engagement email.",Automated Email Drip / App Push Notification
12749,40,3,2755.23,918.41,360.0,122,United Kingdom,United Kingdom,0,0.4153141715686601,41.5,Medium Risk,"Loyalty reward, product recommendations, re-engagement email.",Automated Email Drip / App Push Notification
17256,16,2,240.0,120.0,70.5,221,United Kingdom,United Kingdom,1,0.41510707928621493,41.5,Medium Risk,"Loyalty reward, product recommendations, re-engagement email.",Automated Email Drip / App Push Notification
17897,82,3,541.8100000000001,180.60333333333335,74.0,283,United Kingdom,United Kingdom,1,0.41503035295534,41.5,Medium Risk,"Loyalty reward, product recommendations, re-engagement email.",Automated Email Drip / App Push Notification
17742,22,2,355.11,177.555,44.5,242,United Kingdom,United Kingdom,1,0.41501991358152557,41.5,Medium Risk,"Loyalty reward, product recommendations, re-engagement email.",Automated Email Drip / App Push Notification
15462,3,3,234.6,78.2,57.333333333333336,96,United Kingdom,United Kingdom,1,0.41484710314387485,41.5,Medium Risk,"Loyalty reward, product recommendations, re-engagement email.",Automated Email Drip / App Push Notification
15079,122,4,895.61,223.9025,97.25,275,United Kingdom,United Kingdom,1,0.41454860037136004,41.5,Medium Risk,"Loyalty reward, product recommendations, re-engagement email.",Automated Email Drip / App Push Notification
17469,18,3,1050.27,350.09,147.66666666666666,114,United Kingdom,United Kingdom,0,0.41448264456281547,41.4,Medium Risk,"Loyalty reward, product recommendations, re-engagement email.",Automated Email Drip / App Push Notification
15434,16,3,587.28,195.76,159.66666666666666,109,United Kingdom,United Kingdom,0,0.4144582237704465,41.4,Medium Risk,"Loyalty reward, product recommendations, re-engagement email.",Automated Email Drip / App Push Notification
14915,0,2,307.48,153.74,56.0,187,United Kingdom,United Kingdom,1,0.41443224677426016,41.4,Medium Risk,"Loyalty reward, product recommendations, re-engagement email.",Automated Email Drip / App Push Notification
15065,74,3,2858.75,952.9166666666666,393.6666666666667,200,United Kingdom,United Kingdom,0,0.4142809270922987,41.4,Medium Risk,"Loyalty reward, product recommendations, re-engagement email.",Automated Email Drip / App Push Notification
14623,25,3,606.16,202.0533333333333,88.33333333333333,144,United Kingdom,United Kingdom,0,0.4139725000566094,41.4,Medium Risk,"Loyalty reward, product recommendations, re-engagement email.",Automated Email Drip / App Push Notification
14657,64,3,638.94,212.98000000000002,113.0,235,United Kingdom,United Kingdom,0,0.41347827781809615,41.3,Medium Risk,"Loyalty reward, product recommendations, re-engagement email.",Automated Email Drip / App Push Notification
16835,37,2,180.85,90.425,30.5,282,United Kingdom,United Kingdom,1,0.4128475444431308,41.3,Medium Risk,"Loyalty reward, product recommendations, re-engagement email.",Automated Email Drip / App Push Notification
16807,52,3,1121.59,373.8633333333333,259.3333333333333,180,United Kingdom,United Kingdom,1,0.4126656296392894,41.3,Medium Risk,"Loyalty reward, product recommendations, re-engagement email.",Automated Email Drip / App Push Notification
16549,33,2,780.36,390.18,256.5,243,United Kingdom,United Kingdom,0,0.4124899364750706,41.2,Medium Risk,"Loyalty reward, product recommendations, re-engagement email.",Automated Email Drip / App Push Notification
17571,55,3,559.55,186.51666666666665,161.66666666666666,207,United Kingdom,United Kingdom,0,0.41240157618326817,41.2,Medium Risk,"Loyalty reward, product recommendations, re-engagement email.",Automated Email Drip / App Push Notification
15128,36,3,1170.24,390.08,335.6666666666667,129,United Kingdom,United Kingdom,0,0.41198127945121527,41.2,Medium Risk,"Loyalty reward, product recommendations, re-engagement email.",Automated Email Drip / App Push Notification
16370,26,3,944.49,314.83,173.0,134,United Kingdom,United Kingdom,0,0.41194357965279177,41.2,Medium Risk,"Loyalty reward, product recommendations, re-engagement email.",Automated Email Drip / App Push Notification
16103,67,4,1156.4,289.1,97.0,143,United Kingdom,United Kingdom,0,0.4118420228058677,41.2,Medium Risk,"Loyalty reward, product recommendations, re-engagement email.",Automated Email Drip / App Push Notification
15089,3,3,2036.28,678.76,396.3333333333333,37,United Kingdom,United Kingdom,0,0.4108457403050948,41.1,Medium Risk,"Loyalty reward, product recommendations, re-engagement email.",Automated Email Drip / App Push Notification
15953,121,4,824.04,206.01,112.5,278,United Kingdom,United Kingdom,0,0.4106240940103284,41.1,Medium Risk,"Loyalty reward, product recommendations, re-engagement email.",Automated Email Drip / App Push Notification
12722,24,3,929.65,309.8833333333333,186.33333333333334,60,France,France,0,0.41059004180488107,41.1,Medium Risk,"Loyalty reward, product recommendations, re-engagement email.",Automated Email Drip / App Push Notification
13435,19,3,1088.1200000000001,362.7066666666667,298.0,98,United Kingdom,United Kingdom,0,0.41013856673443827,41.0,Medium Risk,"Loyalty reward, product recommendations, re-engagement email.",Automated Email Drip / App Push Notification
15106,50,3,1032.83,344.27666666666664,274.0,178,United Kingdom,United Kingdom,0,0.40987839449925656,41.0,Medium Risk,"Loyalty reward, product recommendations, re-engagement email.",Automated Email Drip / App Push Notification
16395,77,3,964.3,321.43333333333334,298.6666666666667,240,United Kingdom,United Kingdom,0,0.4095670182009487,41.0,Medium Risk,"Loyalty reward, product recommendations, re-engagement email.",Automated Email Drip / App Push Notification
14463,7,3,529.62,176.54,59.666666666666664,114,United Kingdom,United Kingdom,1,0.40935384900197225,40.9,Medium Risk,"Loyalty reward, product recommendations, re-engagement email.",Automated Email Drip / App Push Notification
13627,85,3,1027.0,342.3333333333333,258.3333333333333,267,United Kingdom,United Kingdom,0,0.40909078611629685,40.9,Medium Risk,"Loyalty reward, product recommendations, re-engagement email.",Automated Email Drip / App Push Notification
15372,46,1,2007.3999999999999,2007.3999999999999,2924.0,46,United Kingdom,United Kingdom,1,0.40906278241107186,40.9,Medium Risk,"Loyalty reward, product recommendations, re-engagement email.",Automated Email Drip / App Push Notification
16532,45,2,4516.8,2258.4,768.0,248,United Kingdom,United Kingdom,0,0.4087286554238955,40.9,Medium Risk,"Loyalty reward, product recommendations, re-engagement email.",Automated Email Drip / App Push Notification
17204,84,4,1564.56,391.14,161.5,173,United Kingdom,United Kingdom,1,0.40871055923339944,40.9,Medium Risk,"Loyalty reward, product recommendations, re-engagement email.",Automated Email Drip / App Push Notification
17045,22,3,339.44,113.14666666666666,35.333333333333336,157,United Kingdom,United Kingdom,1,0.4084457797517981,40.8,Medium Risk,"Loyalty reward, product recommendations, re-engagement email.",Automated Email Drip / App Push Notification
14583,53,4,741.72,185.43,138.0,115,United Kingdom,United Kingdom,0,0.4078027262031589,40.8,Medium Risk,"Loyalty reward, product recommendations, re-engagement email.",Automated Email Drip / App Push Notification
15689,29,2,254.1,127.05,42.0,271,United Kingdom,United Kingdom,1,0.4077278098741306,40.8,Medium Risk,"Loyalty reward, product recommendations, re-engagement email.",Automated Email Drip / App Push Notification
17345,2,3,281.18,93.72666666666667,59.0,106,United Kingdom,United Kingdom,0,0.4077011943492419,40.8,Medium Risk,"Loyalty reward, product recommendations, re-engagement email.",Automated Email Drip / App Push Notification
15443,18,2,684.8,342.4,173.5,229,United Kingdom,United Kingdom,0,0.4072759113967855,40.7,Medium Risk,"Loyalty reward, product recommendations, re-engagement email.",Automated Email Drip / App Push Notification
12584,36,4,782.59,195.6475,34.5,189,Italy,Other,0,0.40708491560829035,40.7,Medium Risk,"Loyalty reward, product recommendations, re-engagement email.",Automated Email Drip / App Push Notification
15483,70,4,225.26,56.315,72.75,176,United Kingdom,United Kingdom,1,0.4070839907592726,40.7,Medium Risk,"Loyalty reward, product recommendations, re-engagement email.",Automated Email Drip / App Push Notification
14577,73,3,646.64,215.54666666666665,93.33333333333333,272,United Kingdom,United Kingdom,0,0.4069471501650221,40.7,Medium Risk,"Loyalty reward, product recommendations, re-engagement email.",Automated Email Drip / App Push Notification
15831,33,2,451.11,225.555,343.5,233,United Kingdom,United Kingdom,0,0.40683938200432423,40.7,Medium Risk,"Loyalty reward, product recommendations, re-engagement email.",Automated Email Drip / App Push Notification
12592,1,2,437.6,218.8,145.0,122,Germany,Germany,1,0.40666540033556053,40.7,Medium Risk,"Loyalty reward, product recommendations, re-engagement email.",Automated Email Drip / App Push Notification
15644,75,4,803.54,200.885,137.5,170,United Kingdom,United Kingdom,1,0.4064512178648245,40.6,Medium Risk,"Loyalty reward, product recommendations, re-engagement email.",Automated Email Drip / App Push Notification
13524,11,3,408.86,136.28666666666666,62.333333333333336,129,United Kingdom,United Kingdom,0,0.40643937709639516,40.6,Medium Risk,"Loyalty reward, product recommendations, re-engagement email.",Automated Email Drip / App Push Notification
13448,128,4,1423.26,355.815,180.0,283,United Kingdom,United Kingdom,0,0.4061660466611844,40.6,Medium Risk,"Loyalty reward, product recommendations, re-engagement email.",Automated Email Drip / App Push Notification
13507,7,3,2022.79,674.2633333333333,404.0,55,United Kingdom,United Kingdom,0,0.40555155253372077,40.6,Medium Risk,"Loyalty reward, product recommendations, re-engagement email.",Automated Email Drip / App Push Notification
16949,95,4,893.75,223.4375,96.5,226,United Kingdom,United Kingdom,0,0.4055378233198249,40.6,Medium Risk,"Loyalty reward, product recommendations, re-engagement email.",Automated Email Drip / App Push Notification
13253,66,2,1030.4,515.2,786.0,248,United Kingdom,United Kingdom,1,0.40525191889136464,40.5,Medium Risk,"Loyalty reward, product recommendations, re-engagement email.",Automated Email Drip / App Push Notification
16633,23,3,1168.26,389.42,154.33333333333334,143,United Kingdom,United Kingdom,0,0.4042407712957209,40.4,Medium Risk,"Loyalty reward, product recommendations, re-engagement email.",Automated Email Drip / App Push Notification
14930,18,3,2362.96,787.6533333333333,386.6666666666667,183,Channel Islands,Other,1,0.4037780079939764,40.4,Medium Risk,"Loyalty reward, product recommendations, re-engagement email.",Automated Email Drip / App Push Notification
13475,100,4,1431.78,357.945,253.0,208,United Kingdom,United Kingdom,1,0.40304687382971505,40.3,Medium Risk,"Loyalty reward, product recommendations, re-engagement email.",Automated Email Drip / App Push Notification
13285,70,3,1970.1,656.6999999999999,484.6666666666667,199,United Kingdom,United Kingdom,0,0.402743867202979,40.3,Medium Risk,"Loyalty reward, product recommendations, re-engagement email.",Automated Email Drip / App Push Notification
16950,33,2,778.41,389.205,168.5,276,United Kingdom,United Kingdom,0,0.40268818843310344,40.3,Medium Risk,"Loyalty reward, product recommendations, re-engagement email.",Automated Email Drip / App Push Notification
14973,16,3,1314.45,438.15000000000003,123.0,135,United Kingdom,United Kingdom,1,0.4019728489465556,40.2,Medium Risk,"Loyalty reward, product recommendations, re-engagement email.",Automated Email Drip / App Push Notification
13515,26,3,523.96,174.65333333333334,157.66666666666666,157,United Kingdom,United Kingdom,0,0.40166488815173906,40.2,Medium Risk,"Loyalty reward, product recommendations, re-engagement email.",Automated Email Drip / App Push Notification
14828,106,3,2139.76,713.2533333333334,724.0,246,United Kingdom,United Kingdom,1,0.40164407920382406,40.2,Medium Risk,"Loyalty reward, product recommendations, re-engagement email.",Automated Email Drip / App Push Notification
14506,71,3,818.96,272.9866666666667,83.66666666666667,278,United Kingdom,United Kingdom,0,0.401509611193428,40.2,Medium Risk,"Loyalty reward, product recommendations, re-engagement email.",Automated Email Drip / App Push Notification
16042,17,2,440.48,220.24,130.0,241,United Kingdom,United Kingdom,0,0.40140417081827895,40.1,Medium Risk,"Loyalty reward, product recommendations, re-engagement email.",Automated Email Drip / App Push Notification
15861,44,3,1123.76,374.58666666666664,290.0,176,United Kingdom,United Kingdom,0,0.4012257363731527,40.1,Medium Risk,"Loyalty reward, product recommendations, re-engagement email.",Automated Email Drip / App Push Notification
12613,107,4,1462.52,365.63,189.75,171,Germany,Germany,0,0.4011258120268549,40.1,Medium Risk,"Loyalty reward, product recommendations, re-engagement email.",Automated Email Drip / App Push Notification
18196,4,2,686.63,343.315,215.5,199,United Kingdom,United Kingdom,1,0.40110771055763733,40.1,Medium Risk,"Loyalty reward, product recommendations, re-engagement email.",Automated Email Drip / App Push Notification
13126,162,5,1077.42,215.484,212.4,276,United Kingdom,United Kingdom,0,0.4010346061995419,40.1,Medium Risk,"Loyalty reward, product recommendations, re-engagement email.",Automated Email Drip / App Push Notification
17228,117,4,687.58,171.895,152.75,281,United Kingdom,United Kingdom,0,0.4008120198053109,40.1,Medium Risk,"Loyalty reward, product recommendations, re-engagement email.",Automated Email Drip / App Push Notification
17027,88,4,645.23,161.3075,71.0,226,United Kingdom,United Kingdom,0,0.40053485564811186,40.1,Medium Risk,"Loyalty reward, product recommendations, re-engagement email.",Automated Email Drip / App Push Notification
17602,33,2,909.5500000000001,454.77500000000003,450.5,233,United Kingdom,United Kingdom,0,0.40052288921146245,40.1,Medium Risk,"Loyalty reward, product recommendations, re-engagement email.",Automated Email Drip / App Push Notification
17175,50,3,1132.6299999999999,377.5433333333333,214.66666666666666,205,United Kingdom,United Kingdom,0,0.40045062342731125,40.0,Medium Risk,"Loyalty reward, product recommendations, re-engagement email.",Automated Email Drip / App Push Notification
15882,108,4,516.36,129.09,69.0,277,United Kingdom,United Kingdom,1,0.4003206012903767,40.0,Medium Risk,"Loyalty reward, product recommendations, re-engagement email.",Automated Email Drip / App Push Notification
16409,59,3,1033.3700000000001,344.4566666666667,225.0,226,United Kingdom,United Kingdom,0,0.40013431845212677,40.0,Medium Risk,"Loyalty reward, product recommendations, re-engagement email.",Automated Email Drip / App Push Notification
17398,24,3,653.38,217.79333333333332,103.33333333333333,164,United Kingdom,United Kingdom,1,0.40005012245830707,40.0,Medium Risk,"Loyalty reward, product recommendations, re-engagement email.",Automated Email Drip / App Push Notification
16966,79,4,1486.56,371.64,330.0,149,United Kingdom,United Kingdom,0,0.39973245678210906,40.0,Low Risk,"Retention nurture, cross-sell, loyalty program invitation.",Standard Newsletter / In-App Reward Banner
14913,92,3,917.15,305.71666666666664,454.0,268,United Kingdom,United Kingdom,0,0.39941471810475165,39.9,Low Risk,"Retention nurture, cross-sell, loyalty program invitation.",Standard Newsletter / In-App Reward Banner
14970,46,3,1119.75,373.25,55.0,226,United Kingdom,United Kingdom,0,0.39885126546291255,39.9,Low Risk,"Retention nurture, cross-sell, loyalty program invitation.",Standard Newsletter / In-App Reward Banner
17980,75,3,811.45,270.48333333333335,227.33333333333334,268,United Kingdom,United Kingdom,1,0.39864170039294466,39.9,Low Risk,"Retention nurture, cross-sell, loyalty program invitation.",Standard Newsletter / In-App Reward Banner
13931,5,2,1237.53,618.765,362.5,190,United Kingdom,United Kingdom,1,0.3980561581226752,39.8,Low Risk,"Retention nurture, cross-sell, loyalty program invitation.",Standard Newsletter / In-App Reward Banner
13815,81,2,2977.75,1488.875,982.5,228,Germany,Germany,0,0.3966900868090459,39.7,Low Risk,"Retention nurture, cross-sell, loyalty program invitation.",Standard Newsletter / In-App Reward Banner
16572,36,3,1009.6,336.53333333333336,177.33333333333334,185,United Kingdom,United Kingdom,1,0.39664135246992743,39.7,Low Risk,"Retention nurture, cross-sell, loyalty program invitation.",Standard Newsletter / In-App Reward Banner
13995,25,3,871.9,290.6333333333333,202.66666666666666,155,United Kingdom,United Kingdom,0,0.3963679980836735,39.6,Low Risk,"Retention nurture, cross-sell, loyalty program invitation.",Standard Newsletter / In-App Reward Banner
17454,101,4,517.53,129.3825,60.75,269,United Kingdom,United Kingdom,1,0.3961821961824409,39.6,Low Risk,"Retention nurture, cross-sell, loyalty program invitation.",Standard Newsletter / In-App Reward Banner
13320,16,3,981.15,327.05,262.3333333333333,123,United Kingdom,United Kingdom,0,0.39602814152282073,39.6,Low Risk,"Retention nurture, cross-sell, loyalty program invitation.",Standard Newsletter / In-App Reward Banner
13402,36,2,621.23,310.615,239.5,281,United Kingdom,United Kingdom,1,0.3958324897543897,39.6,Low Risk,"Retention nurture, cross-sell, loyalty program invitation.",Standard Newsletter / In-App Reward Banner
14775,47,2,701.46,350.73,401.0,281,United Kingdom,United Kingdom,0,0.3957553721142988,39.6,Low Risk,"Retention nurture, cross-sell, loyalty program invitation.",Standard Newsletter / In-App Reward Banner
14621,66,3,1002.91,334.30333333333334,136.66666666666666,267,United Kingdom,United Kingdom,0,0.3954389617790758,39.5,Low Risk,"Retention nurture, cross-sell, loyalty program invitation.",Standard Newsletter / In-App Reward Banner
13157,50,3,873.1999999999999,291.06666666666666,262.6666666666667,207,United Kingdom,United Kingdom,0,0.3953662991265014,39.5,Low Risk,"Retention nurture, cross-sell, loyalty program invitation.",Standard Newsletter / In-App Reward Banner
18161,49,3,771.26,257.08666666666664,129.0,229,United Kingdom,United Kingdom,0,0.394931577901644,39.5,Low Risk,"Retention nurture, cross-sell, loyalty program invitation.",Standard Newsletter / In-App Reward Banner
13939,18,2,390.21,195.105,328.5,221,United Kingdom,United Kingdom,0,0.3943747784385976,39.4,Low Risk,"Retention nurture, cross-sell, loyalty program invitation.",Standard Newsletter / In-App Reward Banner
16016,105,4,791.07,197.7675,75.0,276,United Kingdom,United Kingdom,0,0.3942284858552252,39.4,Low Risk,"Retention nurture, cross-sell, loyalty program invitation.",Standard Newsletter / In-App Reward Banner
12407,43,4,1407.3600000000001,351.84000000000003,309.25,173,Belgium,Other,0,0.39422602883749636,39.4,Low Risk,"Retention nurture, cross-sell, loyalty program invitation.",Standard Newsletter / In-App Reward Banner
17702,18,3,1338.77,446.25666666666666,350.3333333333333,115,United Kingdom,United Kingdom,0,0.39390037554067425,39.4,Low Risk,"Retention nurture, cross-sell, loyalty program invitation.",Standard Newsletter / In-App Reward Banner
16332,39,3,651.77,217.25666666666666,89.66666666666667,214,United Kingdom,United Kingdom,0,0.3938827975233084,39.4,Low Risk,"Retention nurture, cross-sell, loyalty program invitation.",Standard Newsletter / In-App Reward Banner
17063,72,4,671.87,167.9675,77.25,198,United Kingdom,United Kingdom,0,0.39383446015253265,39.4,Low Risk,"Retention nurture, cross-sell, loyalty program invitation.",Standard Newsletter / In-App Reward Banner
16726,105,4,777.16,194.29,128.0,270,United Kingdom,United Kingdom,0,0.39258483453944953,39.3,Low Risk,"Retention nurture, cross-sell, loyalty program invitation.",Standard Newsletter / In-App Reward Banner
15365,5,2,961.28,480.64,202.0,224,United Kingdom,United Kingdom,0,0.39236414817793847,39.2,Low Risk,"Retention nurture, cross-sell, loyalty program invitation.",Standard Newsletter / In-App Reward Banner
17905,66,3,617.74,205.91333333333333,93.66666666666667,282,United Kingdom,United Kingdom,0,0.3921833519349222,39.2,Low Risk,"Retention nurture, cross-sell, loyalty program invitation.",Standard Newsletter / In-App Reward Banner
16899,59,3,510.18,170.06,75.0,269,United Kingdom,United Kingdom,0,0.3920273720162007,39.2,Low Risk,"Retention nurture, cross-sell, loyalty program invitation.",Standard Newsletter / In-App Reward Banner
12562,36,3,1605.23,535.0766666666667,258.6666666666667,108,France,France,0,0.3917830374082315,39.2,Low Risk,"Retention nurture, cross-sell, loyalty program invitation.",Standard Newsletter / In-App Reward Banner
16682,1,3,810.22,270.0733333333333,254.0,97,United Kingdom,United Kingdom,0,0.39154402515646936,39.2,Low Risk,"Retention nurture, cross-sell, loyalty program invitation.",Standard Newsletter / In-App Reward Banner
16801,72,4,1594.23,398.5575,123.25,182,United Kingdom,United Kingdom,1,0.391226685824729,39.1,Low Risk,"Retention nurture, cross-sell, loyalty program invitation.",Standard Newsletter / In-App Reward Banner
15535,82,4,502.9,125.725,33.75,237,United Kingdom,United Kingdom,1,0.3911813425459501,39.1,Low Risk,"Retention nurture, cross-sell, loyalty program invitation.",Standard Newsletter / In-App Reward Banner
15646,67,3,447.64000000000004,149.21333333333334,131.33333333333334,281,United Kingdom,United Kingdom,1,0.39086241882430295,39.1,Low Risk,"Retention nurture, cross-sell, loyalty program invitation.",Standard Newsletter / In-App Reward Banner
17412,105,4,709.82,177.455,89.5,281,United Kingdom,United Kingdom,0,0.39074279356291486,39.1,Low Risk,"Retention nurture, cross-sell, loyalty program invitation.",Standard Newsletter / In-App Reward Banner
15673,66,3,2014.7,671.5666666666667,343.6666666666667,236,United Kingdom,United Kingdom,0,0.3904885135554439,39.0,Low Risk,"Retention nurture, cross-sell, loyalty program invitation.",Standard Newsletter / In-App Reward Banner
17341,66,3,682.29,227.42999999999998,147.66666666666666,276,United Kingdom,United Kingdom,1,0.3901999358235494,39.0,Low Risk,"Retention nurture, cross-sell, loyalty program invitation.",Standard Newsletter / In-App Reward Banner
16092,24,3,817.86,272.62,209.33333333333334,163,United Kingdom,United Kingdom,1,0.3901674401875694,39.0,Low Risk,"Retention nurture, cross-sell, loyalty program invitation.",Standard Newsletter / In-App Reward Banner
13213,37,4,963.88,240.97,119.5,109,United Kingdom,United Kingdom,0,0.389899597985203,39.0,Low Risk,"Retention nurture, cross-sell, loyalty program invitation.",Standard Newsletter / In-App Reward Banner
16938,89,3,2386.05,795.35,772.6666666666666,218,United Kingdom,United Kingdom,0,0.3892539798865073,38.9,Low Risk,"Retention nurture, cross-sell, loyalty program invitation.",Standard Newsletter / In-App Reward Banner
15906,54,4,797.71,199.4275,60.5,164,United Kingdom,United Kingdom,0,0.3892222458614813,38.9,Low Risk,"Retention nurture, cross-sell, loyalty program invitation.",Standard Newsletter / In-App Reward Banner
17671,67,3,1098.55,366.18333333333334,174.66666666666666,274,United Kingdom,United Kingdom,0,0.3891325678604358,38.9,Low Risk,"Retention nurture, cross-sell, loyalty program invitation.",Standard Newsletter / In-App Reward Banner
17388,41,3,953.0300000000001,317.6766666666667,259.6666666666667,197,United Kingdom,United Kingdom,0,0.389031543681634,38.9,Low Risk,"Retention nurture, cross-sell, loyalty program invitation.",Standard Newsletter / In-App Reward Banner
12993,30,3,372.4,124.13333333333333,68.0,207,United Kingdom,United Kingdom,0,0.38848322592941853,38.8,Low Risk,"Retention nurture, cross-sell, loyalty program invitation.",Standard Newsletter / In-App Reward Banner
17770,108,5,1143.27,228.654,73.0,191,United Kingdom,United Kingdom,1,0.3884799546640181,38.8,Low Risk,"Retention nurture, cross-sell, loyalty program invitation.",Standard Newsletter / In-App Reward Banner
15038,97,4,497.7,124.425,30.75,279,United Kingdom,United Kingdom,0,0.38843357046676447,38.8,Low Risk,"Retention nurture, cross-sell, loyalty program invitation.",Standard Newsletter / In-App Reward Banner
15416,64,3,3144.33,1048.11,566.0,192,United Kingdom,United Kingdom,0,0.3882784392676048,38.8,Low Risk,"Retention nurture, cross-sell, loyalty program invitation.",Standard Newsletter / In-App Reward Banner
15835,47,3,675.51,225.17,111.0,240,United Kingdom,United Kingdom,0,0.38821192538477073,38.8,Low Risk,"Retention nurture, cross-sell, loyalty program invitation.",Standard Newsletter / In-App Reward Banner
14262,16,3,855.0,285.0,197.66666666666666,150,United Kingdom,United Kingdom,0,0.3877127932872762,38.8,Low Risk,"Retention nurture, cross-sell, loyalty program invitation.",Standard Newsletter / In-App Reward Banner
12388,57,4,1668.3400000000001,417.08500000000004,190.0,236,Australia,Other,0,0.38770260578865434,38.8,Low Risk,"Retention nurture, cross-sell, loyalty program invitation.",Standard Newsletter / In-App Reward Banner
13982,72,3,1230.1399999999999,410.0466666666666,261.0,274,United Kingdom,United Kingdom,0,0.3872797843820778,38.7,Low Risk,"Retention nurture, cross-sell, loyalty program invitation.",Standard Newsletter / In-App Reward Banner
12422,5,3,803.5600000000001,267.85333333333335,123.33333333333333,234,Australia,Other,1,0.38714503031815833,38.7,Low Risk,"Retention nurture, cross-sell, loyalty program invitation.",Standard Newsletter / In-App Reward Banner
16764,8,4,782.5500000000001,195.63750000000002,90.75,52,United Kingdom,United Kingdom,0,0.3867586647579863,38.7,Low Risk,"Retention nurture, cross-sell, loyalty program invitation.",Standard Newsletter / In-App Reward Banner
14111,5,3,295.5,98.5,67.33333333333333,151,United Kingdom,United Kingdom,0,0.3862226307924375,38.6,Low Risk,"Retention nurture, cross-sell, loyalty program invitation.",Standard Newsletter / In-App Reward Banner
14352,66,4,1078.96,269.74,134.5,182,United Kingdom,United Kingdom,1,0.3861453042278216,38.6,Low Risk,"Retention nurture, cross-sell, loyalty program invitation.",Standard Newsletter / In-App Reward Banner
14133,39,3,605.64,201.88,116.0,225,United Kingdom,United Kingdom,1,0.3855135269737293,38.6,Low Risk,"Retention nurture, cross-sell, loyalty program invitation.",Standard Newsletter / In-App Reward Banner
13890,16,2,501.11,250.555,135.5,268,United Kingdom,United Kingdom,0,0.3853375814622441,38.5,Low Risk,"Retention nurture, cross-sell, loyalty program invitation.",Standard Newsletter / In-App Reward Banner
14837,14,3,1345.56,448.52,408.6666666666667,111,United Kingdom,United Kingdom,0,0.38527741477536026,38.5,Low Risk,"Retention nurture, cross-sell, loyalty program invitation.",Standard Newsletter / In-App Reward Banner
16203,57,3,378.3,126.10000000000001,52.666666666666664,281,United Kingdom,United Kingdom,0,0.38527140061607323,38.5,Low Risk,"Retention nurture, cross-sell, loyalty program invitation.",Standard Newsletter / In-App Reward Banner
17189,15,2,383.75,191.875,113.0,268,United Kingdom,United Kingdom,1,0.38515530502026013,38.5,Low Risk,"Retention nurture, cross-sell, loyalty program invitation.",Standard Newsletter / In-App Reward Banner
13925,2,4,678.25,169.5625,82.75,44,United Kingdom,United Kingdom,1,0.3847497579174193,38.5,Low Risk,"Retention nurture, cross-sell, loyalty program invitation.",Standard Newsletter / In-App Reward Banner
12507,43,3,1304.81,434.93666666666667,298.0,208,Spain,Spain,1,0.3843369655963963,38.4,Low Risk,"Retention nurture, cross-sell, loyalty program invitation.",Standard Newsletter / In-App Reward Banner
17522,48,4,912.25,228.0625,233.0,127,United Kingdom,United Kingdom,0,0.3842920299165639,38.4,Low Risk,"Retention nurture, cross-sell, loyalty program invitation.",Standard Newsletter / In-App Reward Banner
13376,8,3,1019.76,339.92,164.33333333333334,143,United Kingdom,United Kingdom,1,0.38377108870501286,38.4,Low Risk,"Retention nurture, cross-sell, loyalty program invitation.",Standard Newsletter / In-App Reward Banner
14844,32,3,2257.6800000000003,752.5600000000001,433.6666666666667,150,United Kingdom,United Kingdom,0,0.38341966915393705,38.3,Low Risk,"Retention nurture, cross-sell, loyalty program invitation.",Standard Newsletter / In-App Reward Banner
16696,44,4,657.9000000000001,164.47500000000002,36.5,157,United Kingdom,United Kingdom,1,0.38318722850402154,38.3,Low Risk,"Retention nurture, cross-sell, loyalty program invitation.",Standard Newsletter / In-App Reward Banner
12754,145,3,3010.74,1003.5799999999999,2160.3333333333335,218,Japan,Other,1,0.3831238317486721,38.3,Low Risk,"Retention nurture, cross-sell, loyalty program invitation.",Standard Newsletter / In-App Reward Banner
13908,36,3,1461.61,487.2033333333333,306.3333333333333,186,United Kingdom,United Kingdom,0,0.38290798097052464,38.3,Low Risk,"Retention nurture, cross-sell, loyalty program invitation.",Standard Newsletter / In-App Reward Banner
13873,29,3,389.6,129.86666666666667,46.666666666666664,219,United Kingdom,United Kingdom,1,0.3826369855303515,38.3,Low Risk,"Retention nurture, cross-sell, loyalty program invitation.",Standard Newsletter / In-App Reward Banner
15669,13,3,565.54,188.51333333333332,87.33333333333333,173,United Kingdom,United Kingdom,0,0.38233462493384335,38.2,Low Risk,"Retention nurture, cross-sell, loyalty program invitation.",Standard Newsletter / In-App Reward Banner
14246,20,3,1474.06,491.3533333333333,268.0,155,United Kingdom,United Kingdom,1,0.382273787708798,38.2,Low Risk,"Retention nurture, cross-sell, loyalty program invitation.",Standard Newsletter / In-App Reward Banner
13313,50,3,918.34,306.11333333333334,162.33333333333334,249,United Kingdom,United Kingdom,0,0.3819112294864233,38.2,Low Risk,"Retention nurture, cross-sell, loyalty program invitation.",Standard Newsletter / In-App Reward Banner
17302,32,3,661.61,220.53666666666666,115.0,215,United Kingdom,United Kingdom,0,0.38171635732104003,38.2,Low Risk,"Retention nurture, cross-sell, loyalty program invitation.",Standard Newsletter / In-App Reward Banner
15819,40,3,1585.47,528.49,379.6666666666667,186,United Kingdom,United Kingdom,0,0.380993723698253,38.1,Low Risk,"Retention nurture, cross-sell, loyalty program invitation.",Standard Newsletter / In-App Reward Banner
17758,61,4,1433.25,358.3125,226.5,159,United Kingdom,United Kingdom,0,0.38073259877445625,38.1,Low Risk,"Retention nurture, cross-sell, loyalty program invitation.",Standard Newsletter / In-App Reward Banner
16725,211,7,758.27,108.32428571428571,41.142857142857146,280,United Kingdom,United Kingdom,1,0.38066020169829795,38.1,Low Risk,"Retention nurture, cross-sell, loyalty program invitation.",Standard Newsletter / In-App Reward Banner
15998,81,3,2105.26,701.7533333333334,456.6666666666667,271,United Kingdom,United Kingdom,0,0.38039132160794104,38.0,Low Risk,"Retention nurture, cross-sell, loyalty program invitation.",Standard Newsletter / In-App Reward Banner
17562,19,4,661.1,165.275,150.25,82,United Kingdom,United Kingdom,0,0.38027616619213755,38.0,Low Risk,"Retention nurture, cross-sell, loyalty program invitation.",Standard Newsletter / In-App Reward Banner
15950,15,2,1091.38,545.69,222.5,269,United Kingdom,United Kingdom,0,0.38026968166056463,38.0,Low Risk,"Retention nurture, cross-sell, loyalty program invitation.",Standard Newsletter / In-App Reward Banner
12684,80,4,1379.48,344.87,318.5,122,France,France,0,0.37991249321780113,38.0,Low Risk,"Retention nurture, cross-sell, loyalty program invitation.",Standard Newsletter / In-App Reward Banner
14127,32,3,709.71,236.57000000000002,107.0,220,United Kingdom,United Kingdom,1,0.3796634710835615,38.0,Low Risk,"Retention nurture, cross-sell, loyalty program invitation.",Standard Newsletter / In-App Reward Banner
17588,9,3,1240.2,413.40000000000003,225.33333333333334,142,United Kingdom,United Kingdom,1,0.3794161191341008,37.9,Low Risk,"Retention nurture, cross-sell, loyalty program invitation.",Standard Newsletter / In-App Reward Banner
16955,94,4,518.67,129.6675,66.5,282,United Kingdom,United Kingdom,1,0.3793610370176087,37.9,Low Risk,"Retention nurture, cross-sell, loyalty program invitation.",Standard Newsletter / In-App Reward Banner
15133,37,3,982.42,327.4733333333333,226.66666666666666,211,United Kingdom,United Kingdom,1,0.3792462372112643,37.9,Low Risk,"Retention nurture, cross-sell, loyalty program invitation.",Standard Newsletter / In-App Reward Banner
12399,28,4,1108.65,277.1625,294.5,171,Belgium,Other,1,0.37922683002491747,37.9,Low Risk,"Retention nurture, cross-sell, loyalty program invitation.",Standard Newsletter / In-App Reward Banner
17663,64,4,1016.53,254.1325,106.25,196,United Kingdom,United Kingdom,0,0.37908052116071206,37.9,Low Risk,"Retention nurture, cross-sell, loyalty program invitation.",Standard Newsletter / In-App Reward Banner
15157,63,2,1505.37,752.685,955.0,267,United Kingdom,United Kingdom,0,0.3789513476584168,37.9,Low Risk,"Retention nurture, cross-sell, loyalty program invitation.",Standard Newsletter / In-App Reward Banner
12669,60,3,2744.0299999999997,914.6766666666666,371.6666666666667,166,France,France,1,0.3787306143721714,37.9,Low Risk,"Retention nurture, cross-sell, loyalty program invitation.",Standard Newsletter / In-App Reward Banner
16711,49,3,909.87,303.29,84.33333333333333,267,United Kingdom,United Kingdom,0,0.37822308119226594,37.8,Low Risk,"Retention nurture, cross-sell, loyalty program invitation.",Standard Newsletter / In-App Reward Banner
13782,34,3,484.79,161.59666666666666,61.333333333333336,237,United Kingdom,United Kingdom,0,0.37788470220867204,37.8,Low Risk,"Retention nurture, cross-sell, loyalty program invitation.",Standard Newsletter / In-App Reward Banner
12593,18,3,418.09999999999997,139.36666666666665,68.66666666666667,128,France,France,1,0.37781843628774603,37.8,Low Risk,"Retention nurture, cross-sell, loyalty program invitation.",Standard Newsletter / In-App Reward Banner
14013,19,3,473.02,157.67333333333332,154.0,185,United Kingdom,United Kingdom,1,0.37766901211543086,37.8,Low Risk,"Retention nurture, cross-sell, loyalty program invitation.",Standard Newsletter / In-App Reward Banner
12836,46,3,2112.53,704.1766666666667,286.0,221,United Kingdom,United Kingdom,0,0.37757981757014464,37.8,Low Risk,"Retention nurture, cross-sell, loyalty program invitation.",Standard Newsletter / In-App Reward Banner
16206,34,3,409.86,136.62,67.66666666666667,237,United Kingdom,United Kingdom,0,0.37745763123219317,37.7,Low Risk,"Retention nurture, cross-sell, loyalty program invitation.",Standard Newsletter / In-App Reward Banner
16225,59,4,953.64,238.41,112.75,187,United Kingdom,United Kingdom,0,0.37726498810161063,37.7,Low Risk,"Retention nurture, cross-sell, loyalty program invitation.",Standard Newsletter / In-App Reward Banner
14758,54,4,1484.06,371.015,104.75,169,United Kingdom,United Kingdom,1,0.3772186643797989,37.7,Low Risk,"Retention nurture, cross-sell, loyalty program invitation.",Standard Newsletter / In-App Reward Banner
15382,94,4,2127.12,531.78,407.0,205,United Kingdom,United Kingdom,0,0.37697236370653675,37.7,Low Risk,"Retention nurture, cross-sell, loyalty program invitation.",Standard Newsletter / In-App Reward Banner
16998,59,4,295.0,73.75,19.0,213,United Kingdom,United Kingdom,1,0.37695122027586103,37.7,Low Risk,"Retention nurture, cross-sell, loyalty program invitation.",Standard Newsletter / In-App Reward Banner
15206,9,3,236.7,78.89999999999999,30.0,185,United Kingdom,United Kingdom,0,0.3767340824826595,37.7,Low Risk,"Retention nurture, cross-sell, loyalty program invitation.",Standard Newsletter / In-App Reward Banner
17041,18,2,750.89,375.445,269.5,270,United Kingdom,United Kingdom,0,0.37641155855231356,37.6,Low Risk,"Retention nurture, cross-sell, loyalty program invitation.",Standard Newsletter / In-App Reward Banner
14293,56,3,739.41,246.47,142.33333333333334,278,United Kingdom,United Kingdom,0,0.3763898835220081,37.6,Low Risk,"Retention nurture, cross-sell, loyalty program invitation.",Standard Newsletter / In-App Reward Banner
12676,33,4,998.0500000000001,249.51250000000002,123.5,220,Sweden,Other,0,0.37618882559777594,37.6,Low Risk,"Retention nurture, cross-sell, loyalty program invitation.",Standard Newsletter / In-App Reward Banner
18236,38,4,641.19,160.2975,77.5,150,United Kingdom,United Kingdom,0,0.37541622253514123,37.5,Low Risk,"Retention nurture, cross-sell, loyalty program invitation.",Standard Newsletter / In-App Reward Banner
13139,19,3,1710.94,570.3133333333334,242.0,169,United Kingdom,United Kingdom,0,0.3753445631286115,37.5,Low Risk,"Retention nurture, cross-sell, loyalty program invitation.",Standard Newsletter / In-App Reward Banner
17929,22,3,707.0,235.66666666666666,30.666666666666668,218,United Kingdom,United Kingdom,0,0.37484319926291176,37.5,Low Risk,"Retention nurture, cross-sell, loyalty program invitation.",Standard Newsletter / In-App Reward Banner
13104,42,3,376.44,125.48,60.0,264,United Kingdom,United Kingdom,0,0.3741619852751128,37.4,Low Risk,"Retention nurture, cross-sell, loyalty program invitation.",Standard Newsletter / In-App Reward Banner
15704,49,4,2293.62,573.405,257.0,125,United Kingdom,United Kingdom,1,0.3741139540978938,37.4,Low Risk,"Retention nurture, cross-sell, loyalty program invitation.",Standard Newsletter / In-App Reward Banner
12928,57,3,1136.14,378.71333333333337,230.0,268,United Kingdom,United Kingdom,0,0.37402087849819526,37.4,Low Risk,"Retention nurture, cross-sell, loyalty program invitation.",Standard Newsletter / In-App Reward Banner
16794,17,4,607.05,151.7625,154.25,89,United Kingdom,United Kingdom,0,0.37394031309089315,37.4,Low Risk,"Retention nurture, cross-sell, loyalty program invitation.",Standard Newsletter / In-App Reward Banner
17966,60,4,594.43,148.6075,292.75,170,United Kingdom,United Kingdom,0,0.3735892280379206,37.4,Low Risk,"Retention nurture, cross-sell, loyalty program invitation.",Standard Newsletter / In-App Reward Banner
15712,19,3,766.3100000000001,255.4366666666667,123.66666666666667,197,United Kingdom,United Kingdom,0,0.37341652193866637,37.3,Low Risk,"Retention nurture, cross-sell, loyalty program invitation.",Standard Newsletter / In-App Reward Banner
15132,15,3,842.23,280.74333333333334,211.0,172,United Kingdom,United Kingdom,0,0.37332494697443475,37.3,Low Risk,"Retention nurture, cross-sell, loyalty program invitation.",Standard Newsletter / In-App Reward Banner
14215,96,4,1098.27,274.5675,147.25,277,United Kingdom,United Kingdom,0,0.37280547025444466,37.3,Low Risk,"Retention nurture, cross-sell, loyalty program invitation.",Standard Newsletter / In-App Reward Banner
13941,81,3,2831.26,943.7533333333334,460.6666666666667,282,United Kingdom,United Kingdom,0,0.3725233223453355,37.3,Low Risk,"Retention nurture, cross-sell, loyalty program invitation.",Standard Newsletter / In-App Reward Banner
16348,37,4,738.29,184.5725,100.0,149,United Kingdom,United Kingdom,0,0.371841529852028,37.2,Low Risk,"Retention nurture, cross-sell, loyalty program invitation.",Standard Newsletter / In-App Reward Banner
15245,43,3,2515.84,838.6133333333333,594.6666666666666,170,United Kingdom,United Kingdom,1,0.3714077590031048,37.1,Low Risk,"Retention nurture, cross-sell, loyalty program invitation.",Standard Newsletter / In-App Reward Banner
16612,28,3,870.3000000000001,290.1,131.33333333333334,221,United Kingdom,United Kingdom,0,0.3713095039794648,37.1,Low Risk,"Retention nurture, cross-sell, loyalty program invitation.",Standard Newsletter / In-App Reward Banner
15134,36,4,614.86,153.715,97.5,150,United Kingdom,United Kingdom,0,0.37115917356163913,37.1,Low Risk,"Retention nurture, cross-sell, loyalty program invitation.",Standard Newsletter / In-App Reward Banner
17054,47,4,1207.32,301.83,184.75,154,United Kingdom,United Kingdom,0,0.3707812866756055,37.1,Low Risk,"Retention nurture, cross-sell, loyalty program invitation.",Standard Newsletter / In-App Reward Banner
14129,5,3,726.23,242.07666666666668,118.33333333333333,170,United Kingdom,United Kingdom,0,0.3702947894130647,37.0,Low Risk,"Retention nurture, cross-sell, loyalty program invitation.",Standard Newsletter / In-App Reward Banner
13135,106,1,3096.0,3096.0,4300.0,106,United Kingdom,United Kingdom,1,0.3695603113269097,37.0,Low Risk,"Retention nurture, cross-sell, loyalty program invitation.",Standard Newsletter / In-App Reward Banner
13744,4,2,1080.52,540.26,576.5,201,United Kingdom,United Kingdom,1,0.36938609847764536,36.9,Low Risk,"Retention nurture, cross-sell, loyalty program invitation.",Standard Newsletter / In-App Reward Banner
13722,41,3,2375.41,791.8033333333333,467.0,192,United Kingdom,United Kingdom,1,0.3692188380827538,36.9,Low Risk,"Retention nurture, cross-sell, loyalty program invitation.",Standard Newsletter / In-App Reward Banner
14959,19,3,537.32,179.10666666666668,133.33333333333334,205,United Kingdom,United Kingdom,0,0.36874822773502636,36.9,Low Risk,"Retention nurture, cross-sell, loyalty program invitation.",Standard Newsletter / In-App Reward Banner
14640,37,4,1483.3600000000001,370.84000000000003,143.0,137,United Kingdom,United Kingdom,0,0.36874738666585316,36.9,Low Risk,"Retention nurture, cross-sell, loyalty program invitation.",Standard Newsletter / In-App Reward Banner
17339,3,2,243.36,121.68,76.0,274,United Kingdom,United Kingdom,1,0.3685931403175826,36.9,Low Risk,"Retention nurture, cross-sell, loyalty program invitation.",Standard Newsletter / In-App Reward Banner
14533,22,2,734.98,367.49,456.0,262,United Kingdom,United Kingdom,0,0.368424912294267,36.8,Low Risk,"Retention nurture, cross-sell, loyalty program invitation.",Standard Newsletter / In-App Reward Banner
15574,87,4,675.64,168.91,83.0,281,United Kingdom,United Kingdom,1,0.36811424754551686,36.8,Low Risk,"Retention nurture, cross-sell, loyalty program invitation.",Standard Newsletter / In-App Reward Banner
13577,2,3,1193.8,397.93333333333334,199.0,151,United Kingdom,United Kingdom,0,0.36806483548235336,36.8,Low Risk,"Retention nurture, cross-sell, loyalty program invitation.",Standard Newsletter / In-App Reward Banner
16444,4,3,541.4,180.46666666666667,112.33333333333333,174,United Kingdom,United Kingdom,0,0.36782970236698026,36.8,Low Risk,"Retention nurture, cross-sell, loyalty program invitation.",Standard Newsletter / In-App Reward Banner
12649,16,3,623.51,207.83666666666667,195.33333333333334,121,Germany,Germany,1,0.36746740634439007,36.7,Low Risk,"Retention nurture, cross-sell, loyalty program invitation.",Standard Newsletter / In-App Reward Banner
16681,54,4,1332.68,333.17,262.5,162,United Kingdom,United Kingdom,0,0.36743911394117323,36.7,Low Risk,"Retention nurture, cross-sell, loyalty program invitation.",Standard Newsletter / In-App Reward Banner
12616,4,2,713.3,356.65,142.0,206,France,France,1,0.36694915480299684,36.7,Low Risk,"Retention nurture, cross-sell, loyalty program invitation.",Standard Newsletter / In-App Reward Banner
16951,44,3,1277.75,425.9166666666667,439.3333333333333,213,United Kingdom,United Kingdom,1,0.36685187853082696,36.7,Low Risk,"Retention nurture, cross-sell, loyalty program invitation.",Standard Newsletter / In-App Reward Banner
12957,95,4,1715.29,428.8225,312.0,249,United Kingdom,United Kingdom,0,0.366626646263666,36.7,Low Risk,"Retention nurture, cross-sell, loyalty program invitation.",Standard Newsletter / In-App Reward Banner
12782,59,4,2078.67,519.6675,239.5,267,Portugal,Other,0,0.36598533594360544,36.6,Low Risk,"Retention nurture, cross-sell, loyalty program invitation.",Standard Newsletter / In-App Reward Banner
12778,92,4,492.06,123.015,114.5,221,Netherlands,Netherlands,0,0.36559694429995293,36.6,Low Risk,"Retention nurture, cross-sell, loyalty program invitation.",Standard Newsletter / In-App Reward Banner
12421,24,3,628.56,209.51999999999998,135.66666666666666,228,Spain,Spain,0,0.36552284849009425,36.6,Low Risk,"Retention nurture, cross-sell, loyalty program invitation.",Standard Newsletter / In-App Reward Banner
17867,53,4,957.48,239.37,93.5,198,United Kingdom,United Kingdom,0,0.36538368120182174,36.5,Low Risk,"Retention nurture, cross-sell, loyalty program invitation.",Standard Newsletter / In-App Reward Banner
13208,64,4,828.8199999999999,207.20499999999998,143.0,218,United Kingdom,United Kingdom,0,0.36530384390289233,36.5,Low Risk,"Retention nurture, cross-sell, loyalty program invitation.",Standard Newsletter / In-App Reward Banner
17667,71,4,1751.01,437.7525,225.75,208,United Kingdom,United Kingdom,0,0.36520056289189057,36.5,Low Risk,"Retention nurture, cross-sell, loyalty program invitation.",Standard Newsletter / In-App Reward Banner
15550,15,3,433.28,144.42666666666665,84.0,211,United Kingdom,United Kingdom,0,0.3651863374133388,36.5,Low Risk,"Retention nurture, cross-sell, loyalty program invitation.",Standard Newsletter / In-App Reward Banner
13012,58,4,1012.3100000000001,253.07750000000001,127.75,204,United Kingdom,United Kingdom,0,0.3650709981581764,36.5,Low Risk,"Retention nurture, cross-sell, loyalty program invitation.",Standard Newsletter / In-App Reward Banner
12942,40,3,675.6,225.20000000000002,66.0,275,United Kingdom,United Kingdom,1,0.364514228168713,36.5,Low Risk,"Retention nurture, cross-sell, loyalty program invitation.",Standard Newsletter / In-App Reward Banner
13564,53,3,1724.67,574.89,212.0,277,United Kingdom,United Kingdom,1,0.3644491939716089,36.4,Low Risk,"Retention nurture, cross-sell, loyalty program invitation.",Standard Newsletter / In-App Reward Banner
16317,29,3,1341.65,447.2166666666667,296.6666666666667,206,United Kingdom,United Kingdom,1,0.3642838105935917,36.4,Low Risk,"Retention nurture, cross-sell, loyalty program invitation.",Standard Newsletter / In-App Reward Banner
12775,99,4,1164.68,291.17,185.0,220,Netherlands,Netherlands,0,0.36368607519495705,36.4,Low Risk,"Retention nurture, cross-sell, loyalty program invitation.",Standard Newsletter / In-App Reward Banner
17218,123,5,943.58,188.716,78.8,277,United Kingdom,United Kingdom,0,0.36342196859601744,36.3,Low Risk,"Retention nurture, cross-sell, loyalty program invitation.",Standard Newsletter / In-App Reward Banner
12826,88,4,818.62,204.655,180.25,274,United Kingdom,United Kingdom,0,0.3631019229318453,36.3,Low Risk,"Retention nurture, cross-sell, loyalty program invitation.",Standard Newsletter / In-App Reward Banner
12910,43,4,1486.9,371.725,207.5,151,United Kingdom,United Kingdom,0,0.36306479987125645,36.3,Low Risk,"Retention nurture, cross-sell, loyalty program invitation.",Standard Newsletter / In-App Reward Banner
13138,42,3,489.45,163.15,81.0,281,United Kingdom,United Kingdom,0,0.36292694334124487,36.3,Low Risk,"Retention nurture, cross-sell, loyalty program invitation.",Standard Newsletter / In-App Reward Banner
14403,39,4,1475.81,368.9525,129.75,156,United Kingdom,United Kingdom,1,0.3625154619841246,36.3,Low Risk,"Retention nurture, cross-sell, loyalty program invitation.",Standard Newsletter / In-App Reward Banner
15722,18,3,1413.45,471.15000000000003,196.66666666666666,200,United Kingdom,United Kingdom,0,0.36238551790230206,36.2,Low Risk,"Retention nurture, cross-sell, loyalty program invitation.",Standard Newsletter / In-App Reward Banner
15532,40,3,1214.49,404.83,123.66666666666667,267,United Kingdom,United Kingdom,0,0.36228572575009393,36.2,Low Risk,"Retention nurture, cross-sell, loyalty program invitation.",Standard Newsletter / In-App Reward Banner
14513,10,3,455.59000000000003,151.86333333333334,120.33333333333333,198,United Kingdom,United Kingdom,1,0.3622645804655105,36.2,Low Risk,"Retention nurture, cross-sell, loyalty program invitation.",Standard Newsletter / In-App Reward Banner
12362,29,4,1747.35,436.8375,247.0,205,Belgium,Other,0,0.3620562461681231,36.2,Low Risk,"Retention nurture, cross-sell, loyalty program invitation.",Standard Newsletter / In-App Reward Banner
14035,16,3,837.26,279.08666666666664,149.0,207,United Kingdom,United Kingdom,0,0.36174065873894384,36.2,Low Risk,"Retention nurture, cross-sell, loyalty program invitation.",Standard Newsletter / In-App Reward Banner
17107,64,3,6332.61,2110.87,810.3333333333334,187,United Kingdom,United Kingdom,0,0.3612592113630564,36.1,Low Risk,"Retention nurture, cross-sell, loyalty program invitation.",Standard Newsletter / In-App Reward Banner
13414,43,3,1390.5,463.5,524.6666666666666,206,United Kingdom,United Kingdom,1,0.3611845154090835,36.1,Low Risk,"Retention nurture, cross-sell, loyalty program invitation.",Standard Newsletter / In-App Reward Banner
14049,68,3,3244.74,1081.58,716.6666666666666,227,United Kingdom,United Kingdom,0,0.36049417230461567,36.0,Low Risk,"Retention nurture, cross-sell, loyalty program invitation.",Standard Newsletter / In-App Reward Banner
15034,142,5,2640.38,528.076,265.2,263,United Kingdom,United Kingdom,0,0.3603460842972955,36.0,Low Risk,"Retention nurture, cross-sell, loyalty program invitation.",Standard Newsletter / In-App Reward Banner
15785,67,4,1665.83,416.4575,252.75,204,United Kingdom,United Kingdom,0,0.3603347421573165,36.0,Low Risk,"Retention nurture, cross-sell, loyalty program invitation.",Standard Newsletter / In-App Reward Banner
14006,25,3,962.19,320.73,213.66666666666666,221,United Kingdom,United Kingdom,1,0.3596700455667268,36.0,Low Risk,"Retention nurture, cross-sell, loyalty program invitation.",Standard Newsletter / In-App Reward Banner
14936,18,3,5072.88,1690.96,784.0,185,Channel Islands,Other,0,0.35952594227341295,36.0,Low Risk,"Retention nurture, cross-sell, loyalty program invitation.",Standard Newsletter / In-App Reward Banner
13249,1,3,711.41,237.13666666666666,182.0,170,United Kingdom,United Kingdom,1,0.35932850748780115,35.9,Low Risk,"Retention nurture, cross-sell, loyalty program invitation.",Standard Newsletter / In-App Reward Banner
12840,53,4,2726.77,681.6925,377.75,136,United Kingdom,United Kingdom,1,0.35909391194537593,35.9,Low Risk,"Retention nurture, cross-sell, loyalty program invitation.",Standard Newsletter / In-App Reward Banner
16303,25,2,4036.33,2018.165,1012.5,242,United Kingdom,United Kingdom,0,0.35880750598974037,35.9,Low Risk,"Retention nurture, cross-sell, loyalty program invitation.",Standard Newsletter / In-App Reward Banner
15755,17,3,1144.83,381.60999999999996,208.0,204,United Kingdom,United Kingdom,0,0.35853795228225266,35.9,Low Risk,"Retention nurture, cross-sell, loyalty program invitation.",Standard Newsletter / In-App Reward Banner
13280,31,3,798.46,266.15333333333336,172.66666666666666,246,United Kingdom,United Kingdom,1,0.3582648428081268,35.8,Low Risk,"Retention nurture, cross-sell, loyalty program invitation.",Standard Newsletter / In-App Reward Banner
16003,44,3,1793.9,597.9666666666667,198.33333333333334,269,United Kingdom,United Kingdom,0,0.3582613507321287,35.8,Low Risk,"Retention nurture, cross-sell, loyalty program invitation.",Standard Newsletter / In-App Reward Banner
15122,23,3,1633.78,544.5933333333334,266.6666666666667,207,United Kingdom,United Kingdom,1,0.358201865560205,35.8,Low Risk,"Retention nurture, cross-sell, loyalty program invitation.",Standard Newsletter / In-App Reward Banner
14443,48,3,991.52,330.50666666666666,222.0,278,United Kingdom,United Kingdom,0,0.358185666996117,35.8,Low Risk,"Retention nurture, cross-sell, loyalty program invitation.",Standard Newsletter / In-App Reward Banner
17288,116,5,663.7,132.74,132.4,267,United Kingdom,United Kingdom,0,0.3577536611336692,35.8,Low Risk,"Retention nurture, cross-sell, loyalty program invitation.",Standard Newsletter / In-App Reward Banner
16915,36,4,382.39000000000004,95.59750000000001,14.75,193,United Kingdom,United Kingdom,0,0.35770091084184624,35.8,Low Risk,"Retention nurture, cross-sell, loyalty program invitation.",Standard Newsletter / In-App Reward Banner
15228,39,3,2224.03,741.3433333333334,501.6666666666667,204,United Kingdom,United Kingdom,0,0.35744657386080064,35.7,Low Risk,"Retention nurture, cross-sell, loyalty program invitation.",Standard Newsletter / In-App Reward Banner
18231,101,5,2071.77,414.354,163.8,198,United Kingdom,United Kingdom,1,0.357431961761463,35.7,Low Risk,"Retention nurture, cross-sell, loyalty program invitation.",Standard Newsletter / In-App Reward Banner
14044,12,3,535.71,178.57000000000002,82.33333333333333,219,United Kingdom,United Kingdom,0,0.3570600783558152,35.7,Low Risk,"Retention nurture, cross-sell, loyalty program invitation.",Standard Newsletter / In-App Reward Banner
17048,27,3,925.35,308.45,161.66666666666666,240,United Kingdom,United Kingdom,1,0.35705515468160204,35.7,Low Risk,"Retention nurture, cross-sell, loyalty program invitation.",Standard Newsletter / In-App Reward Banner
13211,4,2,784.64,392.32,289.5,270,United Kingdom,United Kingdom,0,0.35682541107120347,35.7,Low Risk,"Retention nurture, cross-sell, loyalty program invitation.",Standard Newsletter / In-App Reward Banner
14223,1,3,991.13,330.37666666666667,195.0,173,United Kingdom,United Kingdom,1,0.355966523346281,35.6,Low Risk,"Retention nurture, cross-sell, loyalty program invitation.",Standard Newsletter / In-App Reward Banner
12383,94,5,1850.56,370.11199999999997,306.4,261,Belgium,Other,1,0.3554035452171227,35.5,Low Risk,"Retention nurture, cross-sell, loyalty program invitation.",Standard Newsletter / In-App Reward Banner
17873,93,4,1576.92,394.23,228.75,282,United Kingdom,United Kingdom,0,0.3552989891809275,35.5,Low Risk,"Retention nurture, cross-sell, loyalty program invitation.",Standard Newsletter / In-App Reward Banner
16062,43,3,778.14,259.38,216.66666666666666,274,United Kingdom,United Kingdom,0,0.3548678673621114,35.5,Low Risk,"Retention nurture, cross-sell, loyalty program invitation.",Standard Newsletter / In-App Reward Banner
17673,71,4,1175.62,293.905,265.5,229,United Kingdom,United Kingdom,0,0.3547025021947876,35.5,Low Risk,"Retention nurture, cross-sell, loyalty program invitation.",Standard Newsletter / In-App Reward Banner
13450,34,4,1421.46,355.365,317.5,127,United Kingdom,United Kingdom,0,0.3546400952635888,35.5,Low Risk,"Retention nurture, cross-sell, loyalty program invitation.",Standard Newsletter / In-App Reward Banner
15622,106,5,2602.0,520.4,245.0,191,United Kingdom,United Kingdom,0,0.35457279592615765,35.5,Low Risk,"Retention nurture, cross-sell, loyalty program invitation.",Standard Newsletter / In-App Reward Banner
14868,29,4,1297.07,324.2675,172.25,142,United Kingdom,United Kingdom,0,0.3545516481436954,35.5,Low Risk,"Retention nurture, cross-sell, loyalty program invitation.",Standard Newsletter / In-App Reward Banner
15453,1,4,701.2,175.3,89.25,97,United Kingdom,United Kingdom,0,0.3544539491580904,35.4,Low Risk,"Retention nurture, cross-sell, loyalty program invitation.",Standard Newsletter / In-App Reward Banner
16655,40,3,1867.19,622.3966666666666,344.3333333333333,241,United Kingdom,United Kingdom,0,0.35440612996560933,35.4,Low Risk,"Retention nurture, cross-sell, loyalty program invitation.",Standard Newsletter / In-App Reward Banner
16497,112,5,1550.7,310.14,157.8,242,United Kingdom,United Kingdom,0,0.3542819545191003,35.4,Low Risk,"Retention nurture, cross-sell, loyalty program invitation.",Standard Newsletter / In-App Reward Banner
18239,128,5,1561.6100000000001,312.322,159.0,281,United Kingdom,United Kingdom,1,0.35394519999120855,35.4,Low Risk,"Retention nurture, cross-sell, loyalty program invitation.",Standard Newsletter / In-App Reward Banner
16083,10,2,1317.62,658.81,454.0,270,United Kingdom,United Kingdom,1,0.3538079884316688,35.4,Low Risk,"Retention nurture, cross-sell, loyalty program invitation.",Standard Newsletter / In-App Reward Banner
13590,60,4,1116.38,279.095,225.0,212,United Kingdom,United Kingdom,0,0.353757379323941,35.4,Low Risk,"Retention nurture, cross-sell, loyalty program invitation.",Standard Newsletter / In-App Reward Banner
16327,108,4,2469.64,617.41,404.5,279,United Kingdom,United Kingdom,0,0.3534429557313582,35.3,Low Risk,"Retention nurture, cross-sell, loyalty program invitation.",Standard Newsletter / In-App Reward Banner
16948,48,3,435.02,145.00666666666666,538.0,235,United Kingdom,United Kingdom,1,0.35314893013163656,35.3,Low Risk,"Retention nurture, cross-sell, loyalty program invitation.",Standard Newsletter / In-App Reward Banner
13021,76,4,1152.47,288.1175,131.75,268,United Kingdom,United Kingdom,0,0.35295964093484505,35.3,Low Risk,"Retention nurture, cross-sell, loyalty program invitation.",Standard Newsletter / In-App Reward Banner
16992,8,3,972.35,324.1166666666667,210.0,194,United Kingdom,United Kingdom,0,0.35253298815299633,35.3,Low Risk,"Retention nurture, cross-sell, loyalty program invitation.",Standard Newsletter / In-App Reward Banner
15201,35,4,933.26,233.315,228.5,156,United Kingdom,United Kingdom,0,0.3523666593755299,35.2,Low Risk,"Retention nurture, cross-sell, loyalty program invitation.",Standard Newsletter / In-App Reward Banner
17888,70,4,297.0,74.25,134.5,266,United Kingdom,United Kingdom,0,0.3523564939607612,35.2,Low Risk,"Retention nurture, cross-sell, loyalty program invitation.",Standard Newsletter / In-App Reward Banner
15602,110,5,542.95,108.59,69.0,277,United Kingdom,United Kingdom,0,0.3519163029621074,35.2,Low Risk,"Retention nurture, cross-sell, loyalty program invitation.",Standard Newsletter / In-App Reward Banner
14235,67,4,2802.86,700.715,460.25,169,United Kingdom,United Kingdom,0,0.35152315038227033,35.2,Low Risk,"Retention nurture, cross-sell, loyalty program invitation.",Standard Newsletter / In-App Reward Banner
15624,26,4,588.13,147.0325,89.25,165,United Kingdom,United Kingdom,1,0.35140453020472534,35.1,Low Risk,"Retention nurture, cross-sell, loyalty program invitation.",Standard Newsletter / In-App Reward Banner
12710,6,3,1149.02,383.00666666666666,283.6666666666667,110,Germany,Germany,1,0.3512921719783673,35.1,Low Risk,"Retention nurture, cross-sell, loyalty program invitation.",Standard Newsletter / In-App Reward Banner
13149,15,3,1132.62,377.53999999999996,294.6666666666667,198,United Kingdom,United Kingdom,0,0.351285909390735,35.1,Low Risk,"Retention nurture, cross-sell, loyalty program invitation.",Standard Newsletter / In-App Reward Banner
15508,98,6,1000.27,166.71166666666667,73.33333333333333,144,United Kingdom,United Kingdom,1,0.35121074288484216,35.1,Low Risk,"Retention nurture, cross-sell, loyalty program invitation.",Standard Newsletter / In-App Reward Banner
13477,47,4,899.55,224.8875,156.5,201,United Kingdom,United Kingdom,0,0.3508316873313026,35.1,Low Risk,"Retention nurture, cross-sell, loyalty program invitation.",Standard Newsletter / In-App Reward Banner
12408,8,4,2134.0499999999997,533.5124999999999,261.0,169,Belgium,Other,0,0.35015496665948415,35.0,Low Risk,"Retention nurture, cross-sell, loyalty program invitation.",Standard Newsletter / In-App Reward Banner
17083,18,3,1405.78,468.5933333333333,257.3333333333333,213,United Kingdom,United Kingdom,1,0.3500573340405673,35.0,Low Risk,"Retention nurture, cross-sell, loyalty program invitation.",Standard Newsletter / In-App Reward Banner
15885,2,3,379.35,126.45,37.0,218,United Kingdom,United Kingdom,1,0.34936454521144317,34.9,Low Risk,"Retention nurture, cross-sell, loyalty program invitation.",Standard Newsletter / In-App Reward Banner
16059,73,4,944.6,236.15,97.5,277,United Kingdom,United Kingdom,0,0.34908282965211734,34.9,Low Risk,"Retention nurture, cross-sell, loyalty program invitation.",Standard Newsletter / In-App Reward Banner
14292,55,4,2590.21,647.5525,206.25,192,United Kingdom,United Kingdom,0,0.34890744329137774,34.9,Low Risk,"Retention nurture, cross-sell, loyalty program invitation.",Standard Newsletter / In-App Reward Banner
13634,15,3,755.97,251.99,115.66666666666667,236,United Kingdom,United Kingdom,0,0.3484873965410432,34.8,Low Risk,"Retention nurture, cross-sell, loyalty program invitation.",Standard Newsletter / In-App Reward Banner
12875,52,2,343.2300000000001,171.61500000000004,1009.5,272,United Kingdom,United Kingdom,1,0.3476701341078894,34.8,Low Risk,"Retention nurture, cross-sell, loyalty program invitation.",Standard Newsletter / In-App Reward Banner
16271,35,3,868.4300000000001,289.4766666666667,224.0,267,United Kingdom,United Kingdom,0,0.3475548377251052,34.8,Low Risk,"Retention nurture, cross-sell, loyalty program invitation.",Standard Newsletter / In-App Reward Banner
13838,27,3,467.54,155.84666666666666,54.666666666666664,279,United Kingdom,United Kingdom,0,0.34737396013260774,34.7,Low Risk,"Retention nurture, cross-sell, loyalty program invitation.",Standard Newsletter / In-App Reward Banner
18177,67,5,1037.27,207.454,108.6,165,United Kingdom,United Kingdom,0,0.3473087090123282,34.7,Low Risk,"Retention nurture, cross-sell, loyalty program invitation.",Standard Newsletter / In-App Reward Banner
13720,26,4,799.9,199.975,125.25,164,United Kingdom,United Kingdom,1,0.34714734385074614,34.7,Low Risk,"Retention nurture, cross-sell, loyalty program invitation.",Standard Newsletter / In-App Reward Banner
17042,30,4,915.02,228.755,222.0,156,United Kingdom,United Kingdom,0,0.34678271606390093,34.7,Low Risk,"Retention nurture, cross-sell, loyalty program invitation.",Standard Newsletter / In-App Reward Banner
15048,26,3,321.48,107.16000000000001,56.666666666666664,278,United Kingdom,United Kingdom,0,0.3467645849313626,34.7,Low Risk,"Retention nurture, cross-sell, loyalty program invitation.",Standard Newsletter / In-App Reward Banner
14460,19,3,434.34,144.78,293.6666666666667,220,United Kingdom,United Kingdom,1,0.3464617648159259,34.6,Low Risk,"Retention nurture, cross-sell, loyalty program invitation.",Standard Newsletter / In-App Reward Banner
14276,8,3,1119.74,373.24666666666667,248.0,199,United Kingdom,United Kingdom,1,0.3461899695239204,34.6,Low Risk,"Retention nurture, cross-sell, loyalty program invitation.",Standard Newsletter / In-App Reward Banner
15199,4,3,967.75,322.5833333333333,101.66666666666667,217,United Kingdom,United Kingdom,0,0.3453296664911965,34.5,Low Risk,"Retention nurture, cross-sell, loyalty program invitation.",Standard Newsletter / In-App Reward Banner
17282,39,3,1685.46,561.82,622.0,209,United Kingdom,United Kingdom,1,0.345093303814019,34.5,Low Risk,"Retention nurture, cross-sell, loyalty program invitation.",Standard Newsletter / In-App Reward Banner
15737,57,5,880.9300000000001,176.186,88.6,152,United Kingdom,United Kingdom,0,0.34488748470853836,34.5,Low Risk,"Retention nurture, cross-sell, loyalty program invitation.",Standard Newsletter / In-App Reward Banner
16470,25,3,539.13,179.71,119.33333333333333,268,United Kingdom,United Kingdom,0,0.3445948126313629,34.5,Low Risk,"Retention nurture, cross-sell, loyalty program invitation.",Standard Newsletter / In-App Reward Banner
14692,46,4,591.55,147.8875,66.25,231,United Kingdom,United Kingdom,1,0.34435903037090687,34.4,Low Risk,"Retention nurture, cross-sell, loyalty program invitation.",Standard Newsletter / In-App Reward Banner
15815,50,4,1874.7,468.675,378.5,169,United Kingdom,United Kingdom,0,0.34418960399326004,34.4,Low Risk,"Retention nurture, cross-sell, loyalty program invitation.",Standard Newsletter / In-App Reward Banner
14948,7,4,639.23,159.8075,113.25,128,United Kingdom,United Kingdom,0,0.34417830527185056,34.4,Low Risk,"Retention nurture, cross-sell, loyalty program invitation.",Standard Newsletter / In-App Reward Banner
13437,8,4,2173.6,543.4,172.25,99,United Kingdom,United Kingdom,0,0.34412486702901685,34.4,Low Risk,"Retention nurture, cross-sell, loyalty program invitation.",Standard Newsletter / In-App Reward Banner
16842,10,3,1264.19,421.3966666666667,231.0,211,United Kingdom,United Kingdom,1,0.3437147611166326,34.4,Low Risk,"Retention nurture, cross-sell, loyalty program invitation.",Standard Newsletter / In-App Reward Banner
13317,108,5,1313.98,262.796,100.0,268,United Kingdom,United Kingdom,0,0.3433805767161524,34.3,Low Risk,"Retention nurture, cross-sell, loyalty program invitation.",Standard Newsletter / In-App Reward Banner
14841,88,4,2375.57,593.8925,308.75,268,United Kingdom,United Kingdom,0,0.3432963844088083,34.3,Low Risk,"Retention nurture, cross-sell, loyalty program invitation.",Standard Newsletter / In-App Reward Banner
13654,54,4,1714.27,428.5675,383.0,182,United Kingdom,United Kingdom,0,0.34322922232004416,34.3,Low Risk,"Retention nurture, cross-sell, loyalty program invitation.",Standard Newsletter / In-App Reward Banner
15482,75,4,1928.3,482.075,168.75,268,United Kingdom,United Kingdom,0,0.3427847568182942,34.3,Low Risk,"Retention nurture, cross-sell, loyalty program invitation.",Standard Newsletter / In-App Reward Banner
13636,31,4,646.55,161.6375,84.75,194,United Kingdom,United Kingdom,0,0.3426403799902981,34.3,Low Risk,"Retention nurture, cross-sell, loyalty program invitation.",Standard Newsletter / In-App Reward Banner
12823,36,4,1224.0,306.0,40.0,206,United Kingdom,United Kingdom,0,0.34257917725526604,34.3,Low Risk,"Retention nurture, cross-sell, loyalty program invitation.",Standard Newsletter / In-App Reward Banner
13425,17,3,1624.21,541.4033333333333,374.3333333333333,204,United Kingdom,United Kingdom,1,0.3424810548662048,34.2,Low Risk,"Retention nurture, cross-sell, loyalty program invitation.",Standard Newsletter / In-App Reward Banner
17874,94,6,683.46,113.91000000000001,36.833333333333336,165,United Kingdom,United Kingdom,1,0.34247472979571075,34.2,Low Risk,"Retention nurture, cross-sell, loyalty program invitation.",Standard Newsletter / In-App Reward Banner
13026,2,3,604.2,201.4,300.0,185,United Kingdom,United Kingdom,0,0.3423321616628526,34.2,Low Risk,"Retention nurture, cross-sell, loyalty program invitation.",Standard Newsletter / In-App Reward Banner
15750,80,4,1108.18,277.045,263.25,276,United Kingdom,United Kingdom,0,0.3423120610802335,34.2,Low Risk,"Retention nurture, cross-sell, loyalty program invitation.",Standard Newsletter / In-App Reward Banner
17700,4,3,1681.83,560.61,275.0,190,United Kingdom,United Kingdom,0,0.3422270651188214,34.2,Low Risk,"Retention nurture, cross-sell, loyalty program invitation.",Standard Newsletter / In-App Reward Banner
12674,1,3,1402.0,467.3333333333333,262.3333333333333,117,France,France,0,0.3420869134855201,34.2,Low Risk,"Retention nurture, cross-sell, loyalty program invitation.",Standard Newsletter / In-App Reward Banner
16806,12,4,762.16,190.54,89.0,148,United Kingdom,United Kingdom,1,0.34140862983077,34.1,Low Risk,"Retention nurture, cross-sell, loyalty program invitation.",Standard Newsletter / In-App Reward Banner
16755,23,3,1475.43,491.81,352.6666666666667,225,United Kingdom,United Kingdom,1,0.34140626955941755,34.1,Low Risk,"Retention nurture, cross-sell, loyalty program invitation.",Standard Newsletter / In-App Reward Banner
12656,25,3,2820.67,940.2233333333334,426.6666666666667,143,France,France,0,0.340979941579264,34.1,Low Risk,"Retention nurture, cross-sell, loyalty program invitation.",Standard Newsletter / In-App Reward Banner
15095,13,4,1370.6,342.65,269.75,112,United Kingdom,United Kingdom,1,0.3406865575255663,34.1,Low Risk,"Retention nurture, cross-sell, loyalty program invitation.",Standard Newsletter / In-App Reward Banner
12576,5,4,936.55,234.1375,166.25,214,Poland,Other,0,0.34022479794886135,34.0,Low Risk,"Retention nurture, cross-sell, loyalty program invitation.",Standard Newsletter / In-App Reward Banner
17323,34,4,530.95,132.7375,123.75,201,United Kingdom,United Kingdom,0,0.34012129863370527,34.0,Low Risk,"Retention nurture, cross-sell, loyalty program invitation.",Standard Newsletter / In-App Reward Banner
16249,22,4,1440.77,360.1925,190.5,148,United Kingdom,United Kingdom,0,0.3399693771730858,34.0,Low Risk,"Retention nurture, cross-sell, loyalty program invitation.",Standard Newsletter / In-App Reward Banner
16150,38,3,1408.7,469.56666666666666,258.0,281,United Kingdom,United Kingdom,0,0.3399002107628971,34.0,Low Risk,"Retention nurture, cross-sell, loyalty program invitation.",Standard Newsletter / In-App Reward Banner
13549,51,5,762.05,152.41,82.2,151,United Kingdom,United Kingdom,0,0.3396950157965248,34.0,Low Risk,"Retention nurture, cross-sell, loyalty program invitation.",Standard Newsletter / In-App Reward Banner
12633,39,3,1948.75,649.5833333333334,356.0,197,Germany,Germany,0,0.33948234401531374,33.9,Low Risk,"Retention nurture, cross-sell, loyalty program invitation.",Standard Newsletter / In-App Reward Banner
13048,23,3,1358.55,452.84999999999997,315.6666666666667,236,United Kingdom,United Kingdom,0,0.33930182275260307,33.9,Low Risk,"Retention nurture, cross-sell, loyalty program invitation.",Standard Newsletter / In-App Reward Banner
16112,52,4,195.73999999999998,48.934999999999995,143.5,248,United Kingdom,United Kingdom,1,0.3390169046083686,33.9,Low Risk,"Retention nurture, cross-sell, loyalty program invitation.",Standard Newsletter / In-App Reward Banner
15864,8,3,957.8600000000001,319.2866666666667,186.0,225,United Kingdom,United Kingdom,0,0.3386844585336637,33.9,Low Risk,"Retention nurture, cross-sell, loyalty program invitation.",Standard Newsletter / In-App Reward Banner
12670,8,3,1634.47,544.8233333333334,253.66666666666666,142,France,France,0,0.3382486058015087,33.8,Low Risk,"Retention nurture, cross-sell, loyalty program invitation.",Standard Newsletter / In-App Reward Banner
17516,28,4,605.65,151.4125,93.25,195,United Kingdom,United Kingdom,0,0.3379265899489188,33.8,Low Risk,"Retention nurture, cross-sell, loyalty program invitation.",Standard Newsletter / In-App Reward Banner
15916,101,5,846.95,169.39000000000001,78.6,275,United Kingdom,United Kingdom,0,0.3377157362111829,33.8,Low Risk,"Retention nurture, cross-sell, loyalty program invitation.",Standard Newsletter / In-App Reward Banner
14766,77,4,1531.32,382.83,246.0,275,United Kingdom,United Kingdom,0,0.3376187634199121,33.8,Low Risk,"Retention nurture, cross-sell, loyalty program invitation.",Standard Newsletter / In-App Reward Banner
15687,96,5,1679.45,335.89,131.4,239,United Kingdom,United Kingdom,0,0.3368331817478301,33.7,Low Risk,"Retention nurture, cross-sell, loyalty program invitation.",Standard Newsletter / In-App Reward Banner
16907,57,4,658.99,164.7475,54.25,274,United Kingdom,United Kingdom,0,0.3365574985412516,33.7,Low Risk,"Retention nurture, cross-sell, loyalty program invitation.",Standard Newsletter / In-App Reward Banner
13140,17,3,422.47,140.82333333333335,61.666666666666664,275,United Kingdom,United Kingdom,1,0.33642813644372266,33.6,Low Risk,"Retention nurture, cross-sell, loyalty program invitation.",Standard Newsletter / In-App Reward Banner
16875,54,4,1138.2,284.55,122.0,249,United Kingdom,United Kingdom,0,0.3362085475688682,33.6,Low Risk,"Retention nurture, cross-sell, loyalty program invitation.",Standard Newsletter / In-App Reward Banner
17337,60,4,1981.06,495.265,311.75,219,United Kingdom,United Kingdom,1,0.3361573996582603,33.6,Low Risk,"Retention nurture, cross-sell, loyalty program invitation.",Standard Newsletter / In-App Reward Banner
12598,71,4,1584.3799999999999,396.09499999999997,242.75,194,France,France,0,0.33605757679525744,33.6,Low Risk,"Retention nurture, cross-sell, loyalty program invitation.",Standard Newsletter / In-App Reward Banner
17146,15,3,749.78,249.92666666666665,70.66666666666667,268,United Kingdom,United Kingdom,1,0.33604790683179486,33.6,Low Risk,"Retention nurture, cross-sell, loyalty program invitation.",Standard Newsletter / In-App Reward Banner
17994,31,4,674.89,168.7225,123.75,200,United Kingdom,United Kingdom,1,0.3358898926506538,33.6,Low Risk,"Retention nurture, cross-sell, loyalty program invitation.",Standard Newsletter / In-App Reward Banner
14676,57,4,1690.92,422.73,456.0,192,United Kingdom,United Kingdom,0,0.33549515670717117,33.5,Low Risk,"Retention nurture, cross-sell, loyalty program invitation.",Standard Newsletter / In-App Reward Banner
12951,83,5,751.78,150.356,66.2,240,United Kingdom,United Kingdom,0,0.3353689774141768,33.5,Low Risk,"Retention nurture, cross-sell, loyalty program invitation.",Standard Newsletter / In-App Reward Banner
13975,37,4,1466.67,366.6675,237.0,186,United Kingdom,United Kingdom,0,0.3348159438142026,33.5,Low Risk,"Retention nurture, cross-sell, loyalty program invitation.",Standard Newsletter / In-App Reward Banner
14715,4,3,594.75,198.25,99.0,240,United Kingdom,United Kingdom,0,0.33454416799366704,33.5,Low Risk,"Retention nurture, cross-sell, loyalty program invitation.",Standard Newsletter / In-App Reward Banner
13824,45,4,1429.84,357.46,165.0,219,United Kingdom,United Kingdom,0,0.3345127163861542,33.5,Low Risk,"Retention nurture, cross-sell, loyalty program invitation.",Standard Newsletter / In-App Reward Banner
17720,22,3,887.6,295.8666666666667,139.33333333333334,277,United Kingdom,United Kingdom,0,0.3337448438841403,33.4,Low Risk,"Retention nurture, cross-sell, loyalty program invitation.",Standard Newsletter / In-App Reward Banner
17268,17,4,763.64,190.91,211.0,154,United Kingdom,United Kingdom,1,0.33369150716334445,33.4,Low Risk,"Retention nurture, cross-sell, loyalty program invitation.",Standard Newsletter / In-App Reward Banner
16918,4,3,822.7,274.23333333333335,187.33333333333334,226,United Kingdom,United Kingdom,0,0.3333894816678099,33.3,Low Risk,"Retention nurture, cross-sell, loyalty program invitation.",Standard Newsletter / In-App Reward Banner
15658,99,5,1024.1000000000001,204.82000000000002,48.4,282,United Kingdom,United Kingdom,1,0.33256779141018955,33.3,Low Risk,"Retention nurture, cross-sell, loyalty program invitation.",Standard Newsletter / In-App Reward Banner
15696,130,6,1629.95,271.65833333333336,119.5,236,United Kingdom,United Kingdom,0,0.3319964513461959,33.2,Low Risk,"Retention nurture, cross-sell, loyalty program invitation.",Standard Newsletter / In-App Reward Banner
13750,49,4,1316.63,329.1575,107.75,246,United Kingdom,United Kingdom,0,0.33156968925811703,33.2,Low Risk,"Retention nurture, cross-sell, loyalty program invitation.",Standard Newsletter / In-App Reward Banner
14112,40,4,1900.82,475.205,287.0,185,United Kingdom,United Kingdom,0,0.33154665502223435,33.2,Low Risk,"Retention nurture, cross-sell, loyalty program invitation.",Standard Newsletter / In-App Reward Banner
16628,16,4,1619.8400000000001,404.96000000000004,211.0,144,United Kingdom,United Kingdom,0,0.3315087995388584,33.2,Low Risk,"Retention nurture, cross-sell, loyalty program invitation.",Standard Newsletter / In-App Reward Banner
14842,4,3,1901.52,633.84,237.0,217,United Kingdom,United Kingdom,0,0.33134742588816457,33.1,Low Risk,"Retention nurture, cross-sell, loyalty program invitation.",Standard Newsletter / In-App Reward Banner
16209,28,4,2116.9,529.225,275.75,156,United Kingdom,United Kingdom,0,0.3309749293600446,33.1,Low Risk,"Retention nurture, cross-sell, loyalty program invitation.",Standard Newsletter / In-App Reward Banner
16126,11,3,3706.7000000000003,1235.5666666666668,361.3333333333333,206,United Kingdom,United Kingdom,0,0.33084842955739674,33.1,Low Risk,"Retention nurture, cross-sell, loyalty program invitation.",Standard Newsletter / In-App Reward Banner
12480,52,3,2144.95,714.9833333333332,365.3333333333333,245,Germany,Germany,0,0.3298508978669883,33.0,Low Risk,"Retention nurture, cross-sell, loyalty program invitation.",Standard Newsletter / In-App Reward Banner
13000,16,3,534.85,178.28333333333333,126.33333333333333,274,United Kingdom,United Kingdom,1,0.3297658502603333,33.0,Low Risk,"Retention nurture, cross-sell, loyalty program invitation.",Standard Newsletter / In-App Reward Banner
15370,50,4,1513.46,378.365,152.75,242,United Kingdom,United Kingdom,0,0.3294838826402456,32.9,Low Risk,"Retention nurture, cross-sell, loyalty program invitation.",Standard Newsletter / In-App Reward Banner
13875,43,4,1424.8,356.2,251.25,210,United Kingdom,United Kingdom,0,0.3290583141410128,32.9,Low Risk,"Retention nurture, cross-sell, loyalty program invitation.",Standard Newsletter / In-App Reward Banner
15312,12,3,794.8,264.93333333333334,136.66666666666666,263,United Kingdom,United Kingdom,0,0.3289830867511993,32.9,Low Risk,"Retention nurture, cross-sell, loyalty program invitation.",Standard Newsletter / In-App Reward Banner
15192,29,3,1044.32,348.1066666666666,306.0,274,United Kingdom,United Kingdom,1,0.3288718485280454,32.9,Low Risk,"Retention nurture, cross-sell, loyalty program invitation.",Standard Newsletter / In-App Reward Banner
15862,21,3,659.73,219.91,166.33333333333334,283,United Kingdom,United Kingdom,0,0.327577093480033,32.8,Low Risk,"Retention nurture, cross-sell, loyalty program invitation.",Standard Newsletter / In-App Reward Banner
16131,25,4,2278.5,569.625,311.0,149,United Kingdom,United Kingdom,0,0.3266165240562256,32.7,Low Risk,"Retention nurture, cross-sell, loyalty program invitation.",Standard Newsletter / In-App Reward Banner
17572,9,3,196.0,65.33333333333333,26.666666666666668,282,United Kingdom,United Kingdom,0,0.3266005994080059,32.7,Low Risk,"Retention nurture, cross-sell, loyalty program invitation.",Standard Newsletter / In-App Reward Banner
15288,65,4,2006.3600000000001,501.59000000000003,180.25,274,United Kingdom,United Kingdom,0,0.32582781205824474,32.6,Low Risk,"Retention nurture, cross-sell, loyalty program invitation.",Standard Newsletter / In-App Reward Banner
16654,50,4,601.27,150.3175,70.5,277,United Kingdom,United Kingdom,1,0.3254215927592833,32.5,Low Risk,"Retention nurture, cross-sell, loyalty program invitation.",Standard Newsletter / In-App Reward Banner
13330,2,3,1140.93,380.31,250.33333333333334,225,United Kingdom,United Kingdom,1,0.32526328829618467,32.5,Low Risk,"Retention nurture, cross-sell, loyalty program invitation.",Standard Newsletter / In-App Reward Banner
17236,88,5,697.73,139.546,80.0,272,United Kingdom,United Kingdom,0,0.32464283892768453,32.5,Low Risk,"Retention nurture, cross-sell, loyalty program invitation.",Standard Newsletter / In-App Reward Banner
16927,25,3,543.05,181.01666666666665,331.0,271,United Kingdom,United Kingdom,1,0.32434780483804065,32.4,Low Risk,"Retention nurture, cross-sell, loyalty program invitation.",Standard Newsletter / In-App Reward Banner
16175,3,4,1037.59,259.3975,133.25,149,United Kingdom,United Kingdom,1,0.3239843992943368,32.4,Low Risk,"Retention nurture, cross-sell, loyalty program invitation.",Standard Newsletter / In-App Reward Banner
14321,26,3,900.65,300.21666666666664,505.3333333333333,243,United Kingdom,United Kingdom,0,0.32369182130137714,32.4,Low Risk,"Retention nurture, cross-sell, loyalty program invitation.",Standard Newsletter / In-App Reward Banner
13802,48,3,4599.42,1533.14,857.3333333333334,221,United Kingdom,United Kingdom,1,0.32324851835288076,32.3,Low Risk,"Retention nurture, cross-sell, loyalty program invitation.",Standard Newsletter / In-App Reward Banner
13481,17,4,1361.33,340.3325,215.25,166,United Kingdom,United Kingdom,0,0.3230843463363689,32.3,Low Risk,"Retention nurture, cross-sell, loyalty program invitation.",Standard Newsletter / In-App Reward Banner
12601,99,5,577.0600000000001,115.412,49.0,242,Germany,Germany,1,0.3228450439386516,32.3,Low Risk,"Retention nurture, cross-sell, loyalty program invitation.",Standard Newsletter / In-App Reward Banner
12530,33,3,1221.65,407.2166666666667,200.0,246,Germany,Germany,0,0.3225238321892843,32.3,Low Risk,"Retention nurture, cross-sell, loyalty program invitation.",Standard Newsletter / In-App Reward Banner
14524,88,5,1028.87,205.77399999999997,83.2,270,United Kingdom,United Kingdom,0,0.32209335580659904,32.2,Low Risk,"Retention nurture, cross-sell, loyalty program invitation.",Standard Newsletter / In-App Reward Banner
12721,92,4,1698.91,424.7275,283.25,264,France,France,0,0.32205925767788696,32.2,Low Risk,"Retention nurture, cross-sell, loyalty program invitation.",Standard Newsletter / In-App Reward Banner
15855,46,5,712.24,142.448,94.0,173,United Kingdom,United Kingdom,1,0.3218829383900708,32.2,Low Risk,"Retention nurture, cross-sell, loyalty program invitation.",Standard Newsletter / In-App Reward Banner
17769,48,4,1817.88,454.47,267.25,230,United Kingdom,United Kingdom,0,0.32097386070273537,32.1,Low Risk,"Retention nurture, cross-sell, loyalty program invitation.",Standard Newsletter / In-App Reward Banner
15625,13,4,1534.26,383.565,297.0,144,United Kingdom,United Kingdom,1,0.3209418194108928,32.1,Low Risk,"Retention nurture, cross-sell, loyalty program invitation.",Standard Newsletter / In-App Reward Banner
16122,22,3,550.26,183.42,304.0,276,United Kingdom,United Kingdom,0,0.32054407272625224,32.1,Low Risk,"Retention nurture, cross-sell, loyalty program invitation.",Standard Newsletter / In-App Reward Banner
14916,3,3,967.76,322.58666666666664,276.6666666666667,233,United Kingdom,United Kingdom,0,0.320540775391735,32.1,Low Risk,"Retention nurture, cross-sell, loyalty program invitation.",Standard Newsletter / In-App Reward Banner
16045,29,4,1340.7,335.175,224.25,199,United Kingdom,United Kingdom,1,0.3204926990696694,32.0,Low Risk,"Retention nurture, cross-sell, loyalty program invitation.",Standard Newsletter / In-App Reward Banner
16891,5,3,515.79,171.92999999999998,59.333333333333336,281,United Kingdom,United Kingdom,0,0.3187663587375895,31.9,Low Risk,"Retention nurture, cross-sell, loyalty program invitation.",Standard Newsletter / In-App Reward Banner
16306,123,6,632.27,105.37833333333333,81.16666666666667,276,United Kingdom,United Kingdom,1,0.3185932098186899,31.9,Low Risk,"Retention nurture, cross-sell, loyalty program invitation.",Standard Newsletter / In-App Reward Banner
15572,19,4,1552.79,388.1975,171.75,187,United Kingdom,United Kingdom,0,0.3174806670408128,31.7,Low Risk,"Retention nurture, cross-sell, loyalty program invitation.",Standard Newsletter / In-App Reward Banner
15716,55,4,1101.1100000000001,275.27750000000003,184.5,279,United Kingdom,United Kingdom,1,0.3171366390022012,31.7,Low Risk,"Retention nurture, cross-sell, loyalty program invitation.",Standard Newsletter / In-App Reward Banner
13301,13,4,618.09,154.5225,86.25,201,United Kingdom,United Kingdom,1,0.3171187668778136,31.7,Low Risk,"Retention nurture, cross-sell, loyalty program invitation.",Standard Newsletter / In-App Reward Banner
18272,23,4,2106.45,526.6125,366.25,156,United Kingdom,United Kingdom,0,0.31710335230384207,31.7,Low Risk,"Retention nurture, cross-sell, loyalty program invitation.",Standard Newsletter / In-App Reward Banner
17787,62,4,1817.54,454.385,224.0,280,United Kingdom,United Kingdom,1,0.31672563918331786,31.7,Low Risk,"Retention nurture, cross-sell, loyalty program invitation.",Standard Newsletter / In-App Reward Banner
14507,10,4,924.6899999999999,231.17249999999999,119.5,185,United Kingdom,United Kingdom,0,0.3164761776415401,31.6,Low Risk,"Retention nurture, cross-sell, loyalty program invitation.",Standard Newsletter / In-App Reward Banner
16258,36,4,3741.06,935.265,586.25,128,United Kingdom,United Kingdom,0,0.31642590390608294,31.6,Low Risk,"Retention nurture, cross-sell, loyalty program invitation.",Standard Newsletter / In-App Reward Banner
12948,14,4,1423.96,355.99,199.75,174,United Kingdom,United Kingdom,0,0.3163939830520309,31.6,Low Risk,"Retention nurture, cross-sell, loyalty program invitation.",Standard Newsletter / In-App Reward Banner
13145,1,3,499.72,166.57333333333335,40.333333333333336,281,United Kingdom,United Kingdom,0,0.3156305567828076,31.6,Low Risk,"Retention nurture, cross-sell, loyalty program invitation.",Standard Newsletter / In-App Reward Banner
13717,38,4,955.99,238.9975,391.75,207,United Kingdom,United Kingdom,0,0.31556215243458763,31.6,Low Risk,"Retention nurture, cross-sell, loyalty program invitation.",Standard Newsletter / In-App Reward Banner
14903,34,4,2398.62,599.655,332.5,188,United Kingdom,United Kingdom,0,0.3153575543907748,31.5,Low Risk,"Retention nurture, cross-sell, loyalty program invitation.",Standard Newsletter / In-App Reward Banner
13316,41,2,3535.18,1767.59,2138.5,163,United Kingdom,United Kingdom,0,0.3151406004426615,31.5,Low Risk,"Retention nurture, cross-sell, loyalty program invitation.",Standard Newsletter / In-App Reward Banner
16182,39,3,4844.0,1614.6666666666667,933.3333333333334,204,United Kingdom,United Kingdom,0,0.3138108007624027,31.4,Low Risk,"Retention nurture, cross-sell, loyalty program invitation.",Standard Newsletter / In-App Reward Banner
13489,14,4,449.52,112.38,140.0,204,United Kingdom,United Kingdom,1,0.31337974674804,31.3,Low Risk,"Retention nurture, cross-sell, loyalty program invitation.",Standard Newsletter / In-App Reward Banner
12916,48,4,2944.95,736.2375,270.75,230,United Kingdom,United Kingdom,1,0.31293234068448844,31.3,Low Risk,"Retention nurture, cross-sell, loyalty program invitation.",Standard Newsletter / In-App Reward Banner
16551,5,3,922.12,307.37333333333333,323.3333333333333,246,United Kingdom,United Kingdom,1,0.3125882427752729,31.3,Low Risk,"Retention nurture, cross-sell, loyalty program invitation.",Standard Newsletter / In-App Reward Banner
13851,5,3,2651.46,883.82,568.3333333333334,197,United Kingdom,United Kingdom,1,0.31229464427029147,31.2,Low Risk,"Retention nurture, cross-sell, loyalty program invitation.",Standard Newsletter / In-App Reward Banner
14232,24,4,1573.33,393.3325,375.75,174,United Kingdom,United Kingdom,0,0.3122536070827938,31.2,Low Risk,"Retention nurture, cross-sell, loyalty program invitation.",Standard Newsletter / In-App Reward Banner
12520,51,4,2045.85,511.4625,274.75,183,Germany,Germany,0,0.3119639377606453,31.2,Low Risk,"Retention nurture, cross-sell, loyalty program invitation.",Standard Newsletter / In-App Reward Banner
13831,48,4,1450.85,362.7125,128.75,279,United Kingdom,United Kingdom,0,0.31115619505283054,31.1,Low Risk,"Retention nurture, cross-sell, loyalty program invitation.",Standard Newsletter / In-App Reward Banner
17320,9,3,1200.6200000000001,400.2066666666667,211.33333333333334,277,United Kingdom,United Kingdom,1,0.3111205363923857,31.1,Low Risk,"Retention nurture, cross-sell, loyalty program invitation.",Standard Newsletter / In-App Reward Banner
13758,110,5,2351.52,470.304,298.6,283,United Kingdom,United Kingdom,0,0.3106171837265124,31.1,Low Risk,"Retention nurture, cross-sell, loyalty program invitation.",Standard Newsletter / In-App Reward Banner
14390,53,4,1590.71,397.6775,184.75,282,United Kingdom,United Kingdom,0,0.30990928786779265,31.0,Low Risk,"Retention nurture, cross-sell, loyalty program invitation.",Standard Newsletter / In-App Reward Banner
16426,2,4,689.83,172.4575,103.5,185,United Kingdom,United Kingdom,0,0.309906055672913,31.0,Low Risk,"Retention nurture, cross-sell, loyalty program invitation.",Standard Newsletter / In-App Reward Banner
12645,19,3,1310.8600000000001,436.9533333333334,275.0,225,Germany,Germany,0,0.3095119258699331,31.0,Low Risk,"Retention nurture, cross-sell, loyalty program invitation.",Standard Newsletter / In-App Reward Banner
14132,23,5,1552.46,310.492,284.0,93,United Kingdom,United Kingdom,0,0.3093678076652336,30.9,Low Risk,"Retention nurture, cross-sell, loyalty program invitation.",Standard Newsletter / In-App Reward Banner
13426,92,5,1558.68,311.736,239.8,269,United Kingdom,United Kingdom,0,0.30877792215749245,30.9,Low Risk,"Retention nurture, cross-sell, loyalty program invitation.",Standard Newsletter / In-App Reward Banner
14289,44,5,832.78,166.55599999999998,55.6,199,United Kingdom,United Kingdom,0,0.30876893298328945,30.9,Low Risk,"Retention nurture, cross-sell, loyalty program invitation.",Standard Newsletter / In-App Reward Banner
14064,22,4,1097.03,274.2575,378.0,183,United Kingdom,United Kingdom,0,0.3085169888925145,30.9,Low Risk,"Retention nurture, cross-sell, loyalty program invitation.",Standard Newsletter / In-App Reward Banner
16184,15,5,985.8000000000001,197.16000000000003,94.0,120,United Kingdom,United Kingdom,0,0.3082911760812817,30.8,Low Risk,"Retention nurture, cross-sell, loyalty program invitation.",Standard Newsletter / In-App Reward Banner
13246,85,5,1838.51,367.702,306.6,239,United Kingdom,United Kingdom,0,0.30678364995573043,30.7,Low Risk,"Retention nurture, cross-sell, loyalty program invitation.",Standard Newsletter / In-App Reward Banner
16156,61,5,1415.17,283.034,130.8,220,United Kingdom,United Kingdom,0,0.30664689291480374,30.7,Low Risk,"Retention nurture, cross-sell, loyalty program invitation.",Standard Newsletter / In-App Reward Banner
14808,53,6,1833.82,305.63666666666666,206.83333333333334,81,United Kingdom,United Kingdom,0,0.30634966865412017,30.6,Low Risk,"Retention nurture, cross-sell, loyalty program invitation.",Standard Newsletter / In-App Reward Banner
12455,37,5,2176.36,435.27200000000005,353.2,206,Cyprus,Other,0,0.3060023702251957,30.6,Low Risk,"Retention nurture, cross-sell, loyalty program invitation.",Standard Newsletter / In-App Reward Banner
16531,36,4,684.53,171.1325,141.75,269,United Kingdom,United Kingdom,0,0.3059279330244585,30.6,Low Risk,"Retention nurture, cross-sell, loyalty program invitation.",Standard Newsletter / In-App Reward Banner
17386,8,5,1697.3400000000001,339.468,204.4,75,United Kingdom,United Kingdom,0,0.30576625140564284,30.6,Low Risk,"Retention nurture, cross-sell, loyalty program invitation.",Standard Newsletter / In-App Reward Banner
14224,19,4,1009.73,252.4325,120.75,229,United Kingdom,United Kingdom,1,0.3049247844897508,30.5,Low Risk,"Retention nurture, cross-sell, loyalty program invitation.",Standard Newsletter / In-App Reward Banner
17692,36,4,740.9399999999999,185.23499999999999,168.0,268,United Kingdom,United Kingdom,1,0.30382364020536606,30.4,Low Risk,"Retention nurture, cross-sell, loyalty program invitation.",Standard Newsletter / In-App Reward Banner
12691,54,4,556.3,139.075,49.5,266,France,France,0,0.3035460725521843,30.4,Low Risk,"Retention nurture, cross-sell, loyalty program invitation.",Standard Newsletter / In-App Reward Banner
15514,135,6,2501.94,416.99,197.33333333333334,273,United Kingdom,United Kingdom,0,0.30275912573369623,30.3,Low Risk,"Retention nurture, cross-sell, loyalty program invitation.",Standard Newsletter / In-App Reward Banner
14016,71,4,4341.21,1085.3025,531.25,266,EIRE,EIRE,1,0.30156819922874667,30.2,Low Risk,"Retention nurture, cross-sell, loyalty program invitation.",Standard Newsletter / In-App Reward Banner
17007,64,5,575.44,115.08800000000001,69.2,266,United Kingdom,United Kingdom,0,0.30110677216296755,30.1,Low Risk,"Retention nurture, cross-sell, loyalty program invitation.",Standard Newsletter / In-App Reward Banner
14976,10,4,559.96,139.99,40.5,236,United Kingdom,United Kingdom,0,0.300752816397946,30.1,Low Risk,"Retention nurture, cross-sell, loyalty program invitation.",Standard Newsletter / In-App Reward Banner
16434,5,4,898.84,224.71,110.5,209,United Kingdom,United Kingdom,0,0.29980347957601233,30.0,Low Risk,"Retention nurture, cross-sell, loyalty program invitation.",Standard Newsletter / In-App Reward Banner
14188,18,4,1383.46,345.865,195.75,219,United Kingdom,United Kingdom,0,0.2997951039310886,30.0,Low Risk,"Retention nurture, cross-sell, loyalty program invitation.",Standard Newsletter / In-App Reward Banner
14315,38,5,1550.15,310.03000000000003,137.8,175,United Kingdom,United Kingdom,0,0.29957974902267837,30.0,Low Risk,"Retention nurture, cross-sell, loyalty program invitation.",Standard Newsletter / In-App Reward Banner
13984,35,4,819.33,204.8325,161.75,275,United Kingdom,United Kingdom,0,0.2992828848785488,29.9,Low Risk,"Retention nurture, cross-sell, loyalty program invitation.",Standard Newsletter / In-App Reward Banner
13110,46,5,1042.24,208.448,54.8,220,United Kingdom,United Kingdom,0,0.29901993015533274,29.9,Low Risk,"Retention nurture, cross-sell, loyalty program invitation.",Standard Newsletter / In-App Reward Banner
12693,36,4,855.91,213.9775,63.75,228,Germany,Germany,1,0.2982850446674888,29.8,Low Risk,"Retention nurture, cross-sell, loyalty program invitation.",Standard Newsletter / In-App Reward Banner
13397,20,4,1228.19,307.0475,89.5,248,United Kingdom,United Kingdom,0,0.29809466856680183,29.8,Low Risk,"Retention nurture, cross-sell, loyalty program invitation.",Standard Newsletter / In-App Reward Banner
13588,9,4,1420.72,355.18,412.0,164,United Kingdom,United Kingdom,0,0.2974547015517068,29.7,Low Risk,"Retention nurture, cross-sell, loyalty program invitation.",Standard Newsletter / In-App Reward Banner
17530,115,6,1365.26,227.54333333333332,132.0,274,United Kingdom,United Kingdom,0,0.29736324675385306,29.7,Low Risk,"Retention nurture, cross-sell, loyalty program invitation.",Standard Newsletter / In-App Reward Banner
16954,34,4,1245.3799999999999,311.34499999999997,186.0,269,United Kingdom,United Kingdom,0,0.2961531975910953,29.6,Low Risk,"Retention nurture, cross-sell, loyalty program invitation.",Standard Newsletter / In-App Reward Banner
16668,26,5,266.52,53.303999999999995,51.6,194,United Kingdom,United Kingdom,0,0.29586405086009476,29.6,Low Risk,"Retention nurture, cross-sell, loyalty program invitation.",Standard Newsletter / In-App Reward Banner
17314,58,5,1506.92,301.384,203.6,222,United Kingdom,United Kingdom,0,0.2952312808945562,29.5,Low Risk,"Retention nurture, cross-sell, loyalty program invitation.",Standard Newsletter / In-App Reward Banner
17774,6,4,1213.73,303.4325,127.0,214,United Kingdom,United Kingdom,1,0.2951148190204034,29.5,Low Risk,"Retention nurture, cross-sell, loyalty program invitation.",Standard Newsletter / In-App Reward Banner
14738,43,5,757.6500000000001,151.53000000000003,70.2,225,United Kingdom,United Kingdom,0,0.2945677679126606,29.5,Low Risk,"Retention nurture, cross-sell, loyalty program invitation.",Standard Newsletter / In-App Reward Banner
16153,25,4,1023.54,255.885,132.5,264,United Kingdom,United Kingdom,0,0.2940378181141932,29.4,Low Risk,"Retention nurture, cross-sell, loyalty program invitation.",Standard Newsletter / In-App Reward Banner
14201,58,5,521.24,104.248,72.0,268,United Kingdom,United Kingdom,0,0.29348133884838096,29.3,Low Risk,"Retention nurture, cross-sell, loyalty program invitation.",Standard Newsletter / In-App Reward Banner
17863,54,4,1785.28,446.32,404.25,278,United Kingdom,United Kingdom,0,0.29334078463947766,29.3,Low Risk,"Retention nurture, cross-sell, loyalty program invitation.",Standard Newsletter / In-App Reward Banner
13381,22,4,2461.33,615.3325,312.75,208,United Kingdom,United Kingdom,0,0.29284479000708047,29.3,Low Risk,"Retention nurture, cross-sell, loyalty program invitation.",Standard Newsletter / In-App Reward Banner
15797,22,4,2207.4,551.85,218.25,228,United Kingdom,United Kingdom,1,0.29281309570752445,29.3,Low Risk,"Retention nurture, cross-sell, loyalty program invitation.",Standard Newsletter / In-App Reward Banner
16609,44,5,2710.04,542.008,249.0,162,United Kingdom,United Kingdom,0,0.2925859224424023,29.3,Low Risk,"Retention nurture, cross-sell, loyalty program invitation.",Standard Newsletter / In-App Reward Banner
13804,6,4,1526.01,381.5025,230.75,199,United Kingdom,United Kingdom,0,0.2916302565591411,29.2,Low Risk,"Retention nurture, cross-sell, loyalty program invitation.",Standard Newsletter / In-App Reward Banner
14257,32,4,2725.84,681.46,334.5,228,United Kingdom,United Kingdom,0,0.2913274328325322,29.1,Low Risk,"Retention nurture, cross-sell, loyalty program invitation.",Standard Newsletter / In-App Reward Banner
15021,66,5,1080.23,216.046,101.0,276,United Kingdom,United Kingdom,0,0.2912649211713008,29.1,Low Risk,"Retention nurture, cross-sell, loyalty program invitation.",Standard Newsletter / In-App Reward Banner
18178,38,4,1590.81,397.7025,245.75,274,United Kingdom,United Kingdom,1,0.2911846465121609,29.1,Low Risk,"Retention nurture, cross-sell, loyalty program invitation.",Standard Newsletter / In-App Reward Banner
15874,87,6,2207.75,367.9583333333333,177.5,193,United Kingdom,United Kingdom,0,0.2903850726346498,29.0,Low Risk,"Retention nurture, cross-sell, loyalty program invitation.",Standard Newsletter / In-App Reward Banner
17560,4,4,854.95,213.7375,158.75,220,United Kingdom,United Kingdom,1,0.2897266449893859,29.0,Low Risk,"Retention nurture, cross-sell, loyalty program invitation.",Standard Newsletter / In-App Reward Banner
18116,143,7,1239.55,177.07857142857142,95.28571428571429,274,United Kingdom,United Kingdom,0,0.28891790528134426,28.9,Low Risk,"Retention nurture, cross-sell, loyalty program invitation.",Standard Newsletter / In-App Reward Banner
18171,8,4,994.3100000000001,248.57750000000001,82.75,243,United Kingdom,United Kingdom,0,0.2887676285954289,28.9,Low Risk,"Retention nurture, cross-sell, loyalty program invitation.",Standard Newsletter / In-App Reward Banner
17188,73,5,1815.09,363.018,194.2,271,United Kingdom,United Kingdom,0,0.2871604854044196,28.7,Low Risk,"Retention nurture, cross-sell, loyalty program invitation.",Standard Newsletter / In-App Reward Banner
16816,12,4,417.06,104.265,68.5,267,United Kingdom,United Kingdom,1,0.2869745273161637,28.7,Low Risk,"Retention nurture, cross-sell, loyalty program invitation.",Standard Newsletter / In-App Reward Banner
17470,36,4,816.47,204.1175,318.75,277,United Kingdom,United Kingdom,0,0.2865868187675302,28.7,Low Risk,"Retention nurture, cross-sell, loyalty program invitation.",Standard Newsletter / In-App Reward Banner
14498,25,4,1281.79,320.4475,172.25,271,United Kingdom,United Kingdom,0,0.2858048469541963,28.6,Low Risk,"Retention nurture, cross-sell, loyalty program invitation.",Standard Newsletter / In-App Reward Banner
12935,19,4,1535.34,383.835,317.0,228,United Kingdom,United Kingdom,0,0.28571290929440657,28.6,Low Risk,"Retention nurture, cross-sell, loyalty program invitation.",Standard Newsletter / In-App Reward Banner
14748,33,4,1118.77,279.6925,265.25,278,United Kingdom,United Kingdom,0,0.28510521596404337,28.5,Low Risk,"Retention nurture, cross-sell, loyalty program invitation.",Standard Newsletter / In-App Reward Banner
17750,8,5,1204.5,240.9,523.2,73,United Kingdom,United Kingdom,0,0.285000777184334,28.5,Low Risk,"Retention nurture, cross-sell, loyalty program invitation.",Standard Newsletter / In-App Reward Banner
15203,15,4,1328.32,332.08,334.75,221,United Kingdom,United Kingdom,0,0.28435820262626904,28.4,Low Risk,"Retention nurture, cross-sell, loyalty program invitation.",Standard Newsletter / In-App Reward Banner
14639,29,4,1989.23,497.3075,197.25,270,United Kingdom,United Kingdom,0,0.284192858332213,28.4,Low Risk,"Retention nurture, cross-sell, loyalty program invitation.",Standard Newsletter / In-App Reward Banner
17676,18,4,730.84,182.71,117.0,275,United Kingdom,United Kingdom,0,0.2840665641845002,28.4,Low Risk,"Retention nurture, cross-sell, loyalty program invitation.",Standard Newsletter / In-App Reward Banner
17126,61,5,989.45,197.89000000000001,156.0,272,United Kingdom,United Kingdom,1,0.2838251009460483,28.4,Low Risk,"Retention nurture, cross-sell, loyalty program invitation.",Standard Newsletter / In-App Reward Banner
16515,1,4,1247.3600000000001,311.84000000000003,172.0,220,United Kingdom,United Kingdom,0,0.28271053295339643,28.3,Low Risk,"Retention nurture, cross-sell, loyalty program invitation.",Standard Newsletter / In-App Reward Banner
14741,22,4,864.96,216.24,139.5,282,United Kingdom,United Kingdom,0,0.2826394307271001,28.3,Low Risk,"Retention nurture, cross-sell, loyalty program invitation.",Standard Newsletter / In-App Reward Banner
16266,25,6,761.12,126.85333333333334,58.833333333333336,115,United Kingdom,United Kingdom,0,0.28223710781229555,28.2,Low Risk,"Retention nurture, cross-sell, loyalty program invitation.",Standard Newsletter / In-App Reward Banner
13520,47,5,2947.98,589.596,262.4,281,Switzerland,Other,0,0.28216101213933276,28.2,Low Risk,"Retention nurture, cross-sell, loyalty program invitation.",Standard Newsletter / In-App Reward Banner
13162,31,4,1688.29,422.0725,428.25,244,United Kingdom,United Kingdom,1,0.281828217714218,28.2,Low Risk,"Retention nurture, cross-sell, loyalty program invitation.",Standard Newsletter / In-App Reward Banner
16076,2,5,1357.98,271.596,202.4,118,United Kingdom,United Kingdom,0,0.28181326156680014,28.2,Low Risk,"Retention nurture, cross-sell, loyalty program invitation.",Standard Newsletter / In-App Reward Banner
13451,35,4,2385.5,596.375,435.75,243,United Kingdom,United Kingdom,0,0.2816997711522889,28.2,Low Risk,"Retention nurture, cross-sell, loyalty program invitation.",Standard Newsletter / In-App Reward Banner
13610,19,5,764.76,152.952,72.8,194,United Kingdom,United Kingdom,0,0.28154666912844273,28.2,Low Risk,"Retention nurture, cross-sell, loyalty program invitation.",Standard Newsletter / In-App Reward Banner
15527,54,5,1330.79,266.158,101.8,263,United Kingdom,United Kingdom,0,0.28137032735453993,28.1,Low Risk,"Retention nurture, cross-sell, loyalty program invitation.",Standard Newsletter / In-App Reward Banner
17988,26,5,146.0,29.2,5.4,236,United Kingdom,United Kingdom,0,0.2810328495215468,28.1,Low Risk,"Retention nurture, cross-sell, loyalty program invitation.",Standard Newsletter / In-App Reward Banner
13158,4,4,1201.06,300.265,196.0,228,United Kingdom,United Kingdom,1,0.2807413310700954,28.1,Low Risk,"Retention nurture, cross-sell, loyalty program invitation.",Standard Newsletter / In-App Reward Banner
13232,7,5,1019.05,203.81,129.8,152,United Kingdom,United Kingdom,0,0.28061996317193244,28.1,Low Risk,"Retention nurture, cross-sell, loyalty program invitation.",Standard Newsletter / In-App Reward Banner
16115,26,5,924.59,184.918,118.4,202,United Kingdom,United Kingdom,0,0.28057207876240986,28.1,Low Risk,"Retention nurture, cross-sell, loyalty program invitation.",Standard Newsletter / In-App Reward Banner
12528,24,4,1287.37,321.8425,125.75,222,Germany,Germany,0,0.2795698094096595,28.0,Low Risk,"Retention nurture, cross-sell, loyalty program invitation.",Standard Newsletter / In-App Reward Banner
17669,31,5,2433.22,486.64399999999995,279.6,159,United Kingdom,United Kingdom,0,0.27934367441329866,27.9,Low Risk,"Retention nurture, cross-sell, loyalty program invitation.",Standard Newsletter / In-App Reward Banner
17069,64,5,1495.79,299.158,142.4,282,United Kingdom,United Kingdom,0,0.2790308856938955,27.9,Low Risk,"Retention nurture, cross-sell, loyalty program invitation.",Standard Newsletter / In-App Reward Banner
17090,7,4,811.77,202.9425,90.25,263,United Kingdom,United Kingdom,0,0.2789138771537857,27.9,Low Risk,"Retention nurture, cross-sell, loyalty program invitation.",Standard Newsletter / In-App Reward Banner
16841,46,5,1561.06,312.212,375.6,197,United Kingdom,United Kingdom,0,0.27884011826141314,27.9,Low Risk,"Retention nurture, cross-sell, loyalty program invitation.",Standard Newsletter / In-App Reward Banner
17287,52,5,702.41,140.482,70.0,282,United Kingdom,United Kingdom,0,0.27864163526889774,27.9,Low Risk,"Retention nurture, cross-sell, loyalty program invitation.",Standard Newsletter / In-App Reward Banner
14730,16,5,872.13,174.426,101.8,186,United Kingdom,United Kingdom,0,0.2785823641450845,27.9,Low Risk,"Retention nurture, cross-sell, loyalty program invitation.",Standard Newsletter / In-App Reward Banner
17861,45,5,1299.49,259.898,210.4,229,United Kingdom,United Kingdom,0,0.2785781119353479,27.9,Low Risk,"Retention nurture, cross-sell, loyalty program invitation.",Standard Newsletter / In-App Reward Banner
16503,16,4,1431.93,357.9825,142.25,269,United Kingdom,United Kingdom,1,0.27807828674842716,27.8,Low Risk,"Retention nurture, cross-sell, loyalty program invitation.",Standard Newsletter / In-App Reward Banner
15002,25,4,1641.76,410.44,215.5,276,United Kingdom,United Kingdom,1,0.27770316232756537,27.8,Low Risk,"Retention nurture, cross-sell, loyalty program invitation.",Standard Newsletter / In-App Reward Banner
17365,79,5,2336.81,467.36199999999997,506.8,242,United Kingdom,United Kingdom,0,0.2774081996783877,27.7,Low Risk,"Retention nurture, cross-sell, loyalty program invitation.",Standard Newsletter / In-App Reward Banner
18087,7,2,4055.7199999999993,2027.8599999999997,1953.5,200,United Kingdom,United Kingdom,1,0.27740573761159754,27.7,Low Risk,"Retention nurture, cross-sell, loyalty program invitation.",Standard Newsletter / In-App Reward Banner
14732,53,5,1618.3,323.65999999999997,192.0,248,United Kingdom,United Kingdom,0,0.2773342669103155,27.7,Low Risk,"Retention nurture, cross-sell, loyalty program invitation.",Standard Newsletter / In-App Reward Banner
13527,14,4,1362.52,340.63,322.0,236,United Kingdom,United Kingdom,0,0.27711467345258456,27.7,Low Risk,"Retention nurture, cross-sell, loyalty program invitation.",Standard Newsletter / In-App Reward Banner
16170,22,5,1560.6599999999999,312.13199999999995,296.6,157,United Kingdom,United Kingdom,0,0.2768011973182482,27.7,Low Risk,"Retention nurture, cross-sell, loyalty program invitation.",Standard Newsletter / In-App Reward Banner
13743,17,5,912.1199999999999,182.42399999999998,242.4,168,United Kingdom,United Kingdom,0,0.2763890285062332,27.6,Low Risk,"Retention nurture, cross-sell, loyalty program invitation.",Standard Newsletter / In-App Reward Banner
14866,15,4,1163.9,290.975,138.0,275,United Kingdom,United Kingdom,0,0.27625982927579446,27.6,Low Risk,"Retention nurture, cross-sell, loyalty program invitation.",Standard Newsletter / In-App Reward Banner
16719,58,5,1283.88,256.776,147.4,278,United Kingdom,United Kingdom,0,0.2757177545558637,27.6,Low Risk,"Retention nurture, cross-sell, loyalty program invitation.",Standard Newsletter / In-App Reward Banner
15140,25,5,1728.11,345.62199999999996,253.2,173,United Kingdom,United Kingdom,0,0.27474633177242697,27.5,Low Risk,"Retention nurture, cross-sell, loyalty program invitation.",Standard Newsletter / In-App Reward Banner
14307,44,4,2307.89,576.9725,427.75,283,United Kingdom,United Kingdom,0,0.27448132940220626,27.4,Low Risk,"Retention nurture, cross-sell, loyalty program invitation.",Standard Newsletter / In-App Reward Banner
16172,4,5,1140.21,228.042,157.4,151,United Kingdom,United Kingdom,1,0.2744485103802832,27.4,Low Risk,"Retention nurture, cross-sell, loyalty program invitation.",Standard Newsletter / In-App Reward Banner
18079,36,2,2206.18,1103.09,2537.5,148,United Kingdom,United Kingdom,0,0.2738368429413062,27.4,Low Risk,"Retention nurture, cross-sell, loyalty program invitation.",Standard Newsletter / In-App Reward Banner
16791,31,5,791.87,158.374,67.0,241,United Kingdom,United Kingdom,0,0.2735470145666928,27.4,Low Risk,"Retention nurture, cross-sell, loyalty program invitation.",Standard Newsletter / In-App Reward Banner
13240,5,4,663.65,165.9125,74.5,275,United Kingdom,United Kingdom,1,0.2734008375186877,27.3,Low Risk,"Retention nurture, cross-sell, loyalty program invitation.",Standard Newsletter / In-App Reward Banner
14045,18,4,1659.75,414.9375,133.75,283,United Kingdom,United Kingdom,1,0.2731300015078988,27.3,Low Risk,"Retention nurture, cross-sell, loyalty program invitation.",Standard Newsletter / In-App Reward Banner
12347,39,5,2790.86,558.172,318.0,276,Iceland,Other,0,0.2725602195250663,27.3,Low Risk,"Retention nurture, cross-sell, loyalty program invitation.",Standard Newsletter / In-App Reward Banner
13014,23,5,2022.48,404.496,123.2,190,United Kingdom,United Kingdom,0,0.27243537254023587,27.2,Low Risk,"Retention nurture, cross-sell, loyalty program invitation.",Standard Newsletter / In-App Reward Banner
15220,24,5,1284.05,256.81,227.4,190,United Kingdom,United Kingdom,0,0.2719408450844898,27.2,Low Risk,"Retention nurture, cross-sell, loyalty program invitation.",Standard Newsletter / In-App Reward Banner
16086,7,4,899.7,224.925,97.0,276,United Kingdom,United Kingdom,0,0.2718886190746505,27.2,Low Risk,"Retention nurture, cross-sell, loyalty program invitation.",Standard Newsletter / In-App Reward Banner
12464,15,6,780.55,130.09166666666667,13.5,218,Belgium,Other,0,0.27155446715467624,27.2,Low Risk,"Retention nurture, cross-sell, loyalty program invitation.",Standard Newsletter / In-App Reward Banner
13268,79,6,2117.81,352.9683333333333,415.0,176,United Kingdom,United Kingdom,0,0.2712174974781243,27.1,Low Risk,"Retention nurture, cross-sell, loyalty program invitation.",Standard Newsletter / In-App Reward Banner
15938,21,5,404.58,80.916,48.0,233,United Kingdom,United Kingdom,1,0.27114876866644605,27.1,Low Risk,"Retention nurture, cross-sell, loyalty program invitation.",Standard Newsletter / In-App Reward Banner
17585,18,4,1116.68,279.17,412.5,247,United Kingdom,United Kingdom,1,0.27092120910630785,27.1,Low Risk,"Retention nurture, cross-sell, loyalty program invitation.",Standard Newsletter / In-App Reward Banner
13901,17,4,2652.28,663.07,386.75,228,United Kingdom,United Kingdom,0,0.2708082178329754,27.1,Low Risk,"Retention nurture, cross-sell, loyalty program invitation.",Standard Newsletter / In-App Reward Banner
14745,22,5,1220.26,244.052,207.6,194,United Kingdom,United Kingdom,1,0.2700657871539541,27.0,Low Risk,"Retention nurture, cross-sell, loyalty program invitation.",Standard Newsletter / In-App Reward Banner
12494,71,5,868.86,173.772,72.8,275,France,France,0,0.2695119639097797,27.0,Low Risk,"Retention nurture, cross-sell, loyalty program invitation.",Standard Newsletter / In-App Reward Banner
14878,83,6,1083.02,180.50333333333333,104.5,268,United Kingdom,United Kingdom,0,0.2694593164730022,26.9,Low Risk,"Retention nurture, cross-sell, loyalty program invitation.",Standard Newsletter / In-App Reward Banner
15804,3,5,2554.84,510.968,298.4,108,United Kingdom,United Kingdom,0,0.26908764988750666,26.9,Low Risk,"Retention nurture, cross-sell, loyalty program invitation.",Standard Newsletter / In-App Reward Banner
12726,94,5,1467.32,293.464,388.4,266,France,France,0,0.2686668766967342,26.9,Low Risk,"Retention nurture, cross-sell, loyalty program invitation.",Standard Newsletter / In-App Reward Banner
15304,74,6,491.90000000000003,81.98333333333333,12.333333333333334,278,United Kingdom,United Kingdom,0,0.26864041990893583,26.9,Low Risk,"Retention nurture, cross-sell, loyalty program invitation.",Standard Newsletter / In-App Reward Banner
18257,23,5,1562.8700000000001,312.574,144.2,205,United Kingdom,United Kingdom,0,0.26811740850129945,26.8,Low Risk,"Retention nurture, cross-sell, loyalty program invitation.",Standard Newsletter / In-App Reward Banner
18093,2,4,2106.52,526.63,348.0,212,United Kingdom,United Kingdom,1,0.2680809024753608,26.8,Low Risk,"Retention nurture, cross-sell, loyalty program invitation.",Standard Newsletter / In-App Reward Banner
17049,27,5,2606.65,521.33,216.6,185,United Kingdom,United Kingdom,0,0.26655473989419826,26.7,Low Risk,"Retention nurture, cross-sell, loyalty program invitation.",Standard Newsletter / In-App Reward Banner
12868,95,6,1607.0600000000002,267.84333333333336,154.66666666666666,283,United Kingdom,United Kingdom,1,0.2663070131639228,26.6,Low Risk,"Retention nurture, cross-sell, loyalty program invitation.",Standard Newsletter / In-App Reward Banner
13728,16,5,797.02,159.404,70.8,220,United Kingdom,United Kingdom,0,0.26628230814772363,26.6,Low Risk,"Retention nurture, cross-sell, loyalty program invitation.",Standard Newsletter / In-App Reward Banner
16466,12,5,999.63,199.926,105.8,202,United Kingdom,United Kingdom,0,0.26549034728018295,26.5,Low Risk,"Retention nurture, cross-sell, loyalty program invitation.",Standard Newsletter / In-App Reward Banner
16880,9,6,1093.12,182.18666666666664,100.83333333333333,98,United Kingdom,United Kingdom,0,0.2654439680998037,26.5,Low Risk,"Retention nurture, cross-sell, loyalty program invitation.",Standard Newsletter / In-App Reward Banner
18168,85,6,1160.04,193.34,98.66666666666667,281,United Kingdom,United Kingdom,1,0.26544321423707445,26.5,Low Risk,"Retention nurture, cross-sell, loyalty program invitation.",Standard Newsletter / In-App Reward Banner
18037,63,6,70.02,11.67,3.3333333333333335,271,United Kingdom,United Kingdom,1,0.26500898939798107,26.5,Low Risk,"Retention nurture, cross-sell, loyalty program invitation.",Standard Newsletter / In-App Reward Banner
17211,89,6,1464.89,244.14833333333334,132.16666666666666,279,United Kingdom,United Kingdom,0,0.26484770475690067,26.5,Low Risk,"Retention nurture, cross-sell, loyalty program invitation.",Standard Newsletter / In-App Reward Banner
13509,9,5,705.02,141.004,159.8,193,United Kingdom,United Kingdom,0,0.2646740489118923,26.5,Low Risk,"Retention nurture, cross-sell, loyalty program invitation.",Standard Newsletter / In-App Reward Banner
15845,54,5,2526.76,505.35200000000003,275.6,246,United Kingdom,United Kingdom,0,0.26466868029072965,26.5,Low Risk,"Retention nurture, cross-sell, loyalty program invitation.",Standard Newsletter / In-App Reward Banner
15400,1,5,716.2,143.24,78.0,188,United Kingdom,United Kingdom,1,0.2644937261202789,26.4,Low Risk,"Retention nurture, cross-sell, loyalty program invitation.",Standard Newsletter / In-App Reward Banner
12627,5,5,2727.83,545.566,315.0,49,Germany,Germany,0,0.2644042363734304,26.4,Low Risk,"Retention nurture, cross-sell, loyalty program invitation.",Standard Newsletter / In-App Reward Banner
13869,32,4,3083.65,770.9125,427.25,266,United Kingdom,United Kingdom,1,0.2642377167092441,26.4,Low Risk,"Retention nurture, cross-sell, loyalty program invitation.",Standard Newsletter / In-App Reward Banner
17213,50,5,1780.01,356.002,151.6,275,United Kingdom,United Kingdom,0,0.2635946079158715,26.4,Low Risk,"Retention nurture, cross-sell, loyalty program invitation.",Standard Newsletter / In-App Reward Banner
18094,45,5,2402.3,480.46000000000004,438.8,201,United Kingdom,United Kingdom,0,0.26346932949479474,26.3,Low Risk,"Retention nurture, cross-sell, loyalty program invitation.",Standard Newsletter / In-App Reward Banner
16735,8,4,1941.15,485.2875,331.5,243,United Kingdom,United Kingdom,0,0.26304062570153736,26.3,Low Risk,"Retention nurture, cross-sell, loyalty program invitation.",Standard Newsletter / In-App Reward Banner
15796,18,5,1572.77,314.554,105.6,211,United Kingdom,United Kingdom,0,0.2629381546950493,26.3,Low Risk,"Retention nurture, cross-sell, loyalty program invitation.",Standard Newsletter / In-App Reward Banner
14227,105,7,2399.52,342.7885714285714,182.71428571428572,194,United Kingdom,United Kingdom,0,0.2624520361513682,26.2,Low Risk,"Retention nurture, cross-sell, loyalty program invitation.",Standard Newsletter / In-App Reward Banner
17449,4,4,1497.55,374.3875,177.0,269,United Kingdom,United Kingdom,0,0.26184011958417475,26.2,Low Risk,"Retention nurture, cross-sell, loyalty program invitation.",Standard Newsletter / In-App Reward Banner
13630,15,5,1361.46,272.29200000000003,194.6,195,United Kingdom,United Kingdom,0,0.2618071686782854,26.2,Low Risk,"Retention nurture, cross-sell, loyalty program invitation.",Standard Newsletter / In-App Reward Banner
13752,33,6,1175.38,195.89666666666668,145.66666666666666,156,United Kingdom,United Kingdom,1,0.2612012473789217,26.1,Low Risk,"Retention nurture, cross-sell, loyalty program invitation.",Standard Newsletter / In-App Reward Banner
12766,58,5,4952.1900000000005,990.4380000000001,499.0,275,Portugal,Other,0,0.2604633108935563,26.0,Low Risk,"Retention nurture, cross-sell, loyalty program invitation.",Standard Newsletter / In-App Reward Banner
16996,30,5,1041.78,208.356,78.0,262,United Kingdom,United Kingdom,0,0.2600065665444145,26.0,Low Risk,"Retention nurture, cross-sell, loyalty program invitation.",Standard Newsletter / In-App Reward Banner
17457,36,5,1737.7,347.54,165.2,248,United Kingdom,United Kingdom,1,0.25985604662833556,26.0,Low Risk,"Retention nurture, cross-sell, loyalty program invitation.",Standard Newsletter / In-App Reward Banner
17372,75,6,1055.63,175.93833333333336,98.66666666666667,272,United Kingdom,United Kingdom,0,0.25978841325870594,26.0,Low Risk,"Retention nurture, cross-sell, loyalty program invitation.",Standard Newsletter / In-App Reward Banner
15152,22,6,2383.21,397.20166666666665,195.5,96,United Kingdom,United Kingdom,0,0.25948528967761697,25.9,Low Risk,"Retention nurture, cross-sell, loyalty program invitation.",Standard Newsletter / In-App Reward Banner
14898,43,5,991.18,198.236,170.4,280,United Kingdom,United Kingdom,0,0.25933005245792795,25.9,Low Risk,"Retention nurture, cross-sell, loyalty program invitation.",Standard Newsletter / In-App Reward Banner
17596,45,4,1737.08,434.27,711.5,278,United Kingdom,United Kingdom,0,0.2592967694572728,25.9,Low Risk,"Retention nurture, cross-sell, loyalty program invitation.",Standard Newsletter / In-App Reward Banner
15270,27,5,1850.29,370.058,203.4,219,United Kingdom,United Kingdom,0,0.25912166307741336,25.9,Low Risk,"Retention nurture, cross-sell, loyalty program invitation.",Standard Newsletter / In-App Reward Banner
16717,5,4,1559.66,389.915,189.0,275,United Kingdom,United Kingdom,0,0.25896720056004885,25.9,Low Risk,"Retention nurture, cross-sell, loyalty program invitation.",Standard Newsletter / In-App Reward Banner
14110,28,5,3259.62,651.924,306.8,176,United Kingdom,United Kingdom,0,0.2589632798031906,25.9,Low Risk,"Retention nurture, cross-sell, loyalty program invitation.",Standard Newsletter / In-App Reward Banner
17723,36,6,3276.4000000000005,546.0666666666667,132.0,123,United Kingdom,United Kingdom,1,0.25809229974320075,25.8,Low Risk,"Retention nurture, cross-sell, loyalty program invitation.",Standard Newsletter / In-App Reward Banner
17059,19,4,2237.1,559.275,319.75,279,United Kingdom,United Kingdom,0,0.258015960068263,25.8,Low Risk,"Retention nurture, cross-sell, loyalty program invitation.",Standard Newsletter / In-App Reward Banner
14209,30,5,1876.33,375.26599999999996,131.4,241,United Kingdom,United Kingdom,0,0.25792067806420355,25.8,Low Risk,"Retention nurture, cross-sell, loyalty program invitation.",Standard Newsletter / In-App Reward Banner
18008,112,7,2065.41,295.0585714285714,216.71428571428572,228,United Kingdom,United Kingdom,0,0.25625819868472105,25.6,Low Risk,"Retention nurture, cross-sell, loyalty program invitation.",Standard Newsletter / In-App Reward Banner
14395,87,6,1952.3200000000002,325.3866666666667,161.66666666666666,281,United Kingdom,United Kingdom,0,0.2545131600445687,25.5,Low Risk,"Retention nurture, cross-sell, loyalty program invitation.",Standard Newsletter / In-App Reward Banner
15641,14,4,1887.2,471.8,390.5,268,United Kingdom,United Kingdom,1,0.25428864538167256,25.4,Low Risk,"Retention nurture, cross-sell, loyalty program invitation.",Standard Newsletter / In-App Reward Banner
16873,36,4,3871.4700000000003,967.8675000000001,513.75,273,United Kingdom,United Kingdom,0,0.25402744517311954,25.4,Low Risk,"Retention nurture, cross-sell, loyalty program invitation.",Standard Newsletter / In-App Reward Banner
17293,28,5,867.03,173.406,103.4,270,United Kingdom,United Kingdom,0,0.25397601115430424,25.4,Low Risk,"Retention nurture, cross-sell, loyalty program invitation.",Standard Newsletter / In-App Reward Banner
15910,8,5,663.36,132.672,102.0,226,United Kingdom,United Kingdom,0,0.253884806101963,25.4,Low Risk,"Retention nurture, cross-sell, loyalty program invitation.",Standard Newsletter / In-App Reward Banner
16191,172,8,2615.68,326.96,201.5,270,United Kingdom,United Kingdom,0,0.2538466073404071,25.4,Low Risk,"Retention nurture, cross-sell, loyalty program invitation.",Standard Newsletter / In-App Reward Banner
17629,29,5,798.38,159.676,133.0,269,United Kingdom,United Kingdom,0,0.2538195243540899,25.4,Low Risk,"Retention nurture, cross-sell, loyalty program invitation.",Standard Newsletter / In-App Reward Banner
17114,48,6,601.9399999999999,100.32333333333332,26.0,244,United Kingdom,United Kingdom,0,0.25364061284698297,25.4,Low Risk,"Retention nurture, cross-sell, loyalty program invitation.",Standard Newsletter / In-App Reward Banner
17519,43,5,1488.0,297.6,208.4,277,United Kingdom,United Kingdom,0,0.2534824593247981,25.3,Low Risk,"Retention nurture, cross-sell, loyalty program invitation.",Standard Newsletter / In-App Reward Banner
13394,25,5,1543.45,308.69,295.0,219,United Kingdom,United Kingdom,0,0.2527206854460935,25.3,Low Risk,"Retention nurture, cross-sell, loyalty program invitation.",Standard Newsletter / In-App Reward Banner
14852,5,5,2188.42,437.684,278.0,161,United Kingdom,United Kingdom,0,0.2526092378567207,25.3,Low Risk,"Retention nurture, cross-sell, loyalty program invitation.",Standard Newsletter / In-App Reward Banner
12779,99,7,2999.41,428.4871428571428,197.85714285714286,280,Poland,Other,0,0.2525912748017934,25.3,Low Risk,"Retention nurture, cross-sell, loyalty program invitation.",Standard Newsletter / In-App Reward Banner
16308,17,3,1600.0,533.3333333333334,1666.6666666666667,170,United Kingdom,United Kingdom,0,0.2520688831427378,25.2,Low Risk,"Retention nurture, cross-sell, loyalty program invitation.",Standard Newsletter / In-App Reward Banner
12757,52,7,5281.08,754.4399999999999,131.14285714285714,120,Portugal,Other,0,0.25142502625206015,25.1,Low Risk,"Retention nurture, cross-sell, loyalty program invitation.",Standard Newsletter / In-App Reward Banner
15996,25,5,879.76,175.952,67.2,275,United Kingdom,United Kingdom,0,0.25128291240551004,25.1,Low Risk,"Retention nurture, cross-sell, loyalty program invitation.",Standard Newsletter / In-App Reward Banner
14659,55,6,1641.55,273.59166666666664,127.83333333333333,225,United Kingdom,United Kingdom,0,0.25091453909257405,25.1,Low Risk,"Retention nurture, cross-sell, loyalty program invitation.",Standard Newsletter / In-App Reward Banner
17284,30,5,1489.04,297.808,247.6,245,United Kingdom,United Kingdom,0,0.25074944991450365,25.1,Low Risk,"Retention nurture, cross-sell, loyalty program invitation.",Standard Newsletter / In-App Reward Banner
14329,18,4,3485.03,871.2575,546.0,238,United Kingdom,United Kingdom,0,0.2502026819502506,25.0,Low Risk,"Retention nurture, cross-sell, loyalty program invitation.",Standard Newsletter / In-App Reward Banner
13870,11,5,2179.4700000000003,435.89400000000006,211.6,197,United Kingdom,United Kingdom,0,0.2484222672833545,24.8,Low Risk,"Retention nurture, cross-sell, loyalty program invitation.",Standard Newsletter / In-App Reward Banner
15671,4,5,1972.89,394.57800000000003,237.0,180,United Kingdom,United Kingdom,0,0.24829487634954817,24.8,Low Risk,"Retention nurture, cross-sell, loyalty program invitation.",Standard Newsletter / In-App Reward Banner
17869,16,5,428.18,85.636,22.2,277,United Kingdom,United Kingdom,1,0.24824741030874764,24.8,Low Risk,"Retention nurture, cross-sell, loyalty program invitation.",Standard Newsletter / In-App Reward Banner
17160,18,5,3001.18,600.236,483.4,151,United Kingdom,United Kingdom,0,0.2482257308938462,24.8,Low Risk,"Retention nurture, cross-sell, loyalty program invitation.",Standard Newsletter / In-App Reward Banner
12705,67,4,4162.52,1040.63,649.75,266,Germany,Germany,0,0.24820513602464023,24.8,Low Risk,"Retention nurture, cross-sell, loyalty program invitation.",Standard Newsletter / In-App Reward Banner
17085,32,5,1562.4,312.48,157.0,272,United Kingdom,United Kingdom,1,0.24738390405873384,24.7,Low Risk,"Retention nurture, cross-sell, loyalty program invitation.",Standard Newsletter / In-App Reward Banner
12843,69,7,1692.31,241.75857142857143,111.42857142857143,173,United Kingdom,United Kingdom,0,0.24718347868494212,24.7,Low Risk,"Retention nurture, cross-sell, loyalty program invitation.",Standard Newsletter / In-App Reward Banner
15024,22,5,830.62,166.124,80.8,276,United Kingdom,United Kingdom,0,0.24714755265667152,24.7,Low Risk,"Retention nurture, cross-sell, loyalty program invitation.",Standard Newsletter / In-App Reward Banner
12477,10,3,8834.03,2944.6766666666667,839.3333333333334,211,Germany,Germany,0,0.24701550525174795,24.7,Low Risk,"Retention nurture, cross-sell, loyalty program invitation.",Standard Newsletter / In-App Reward Banner
15299,73,5,3035.01,607.0020000000001,515.6,281,United Kingdom,United Kingdom,0,0.24696729678281604,24.7,Low Risk,"Retention nurture, cross-sell, loyalty program invitation.",Standard Newsletter / In-App Reward Banner
12484,10,4,3658.65,914.6625,464.25,245,Spain,Spain,0,0.24635563593375606,24.6,Low Risk,"Retention nurture, cross-sell, loyalty program invitation.",Standard Newsletter / In-App Reward Banner
15812,16,5,1801.14,360.228,184.4,227,United Kingdom,United Kingdom,1,0.24600138253187245,24.6,Low Risk,"Retention nurture, cross-sell, loyalty program invitation.",Standard Newsletter / In-App Reward Banner
17400,35,5,2097.84,419.56800000000004,217.6,262,United Kingdom,United Kingdom,1,0.2457584937435478,24.6,Low Risk,"Retention nurture, cross-sell, loyalty program invitation.",Standard Newsletter / In-App Reward Banner
17071,43,6,1402.42,233.73666666666668,103.66666666666667,219,United Kingdom,United Kingdom,0,0.24526979434116744,24.5,Low Risk,"Retention nurture, cross-sell, loyalty program invitation.",Standard Newsletter / In-App Reward Banner
17819,92,6,3468.47,578.0783333333333,165.16666666666666,280,United Kingdom,United Kingdom,0,0.24450669121161073,24.5,Low Risk,"Retention nurture, cross-sell, loyalty program invitation.",Standard Newsletter / In-App Reward Banner
15569,13,5,1375.71,275.142,133.2,241,United Kingdom,United Kingdom,1,0.2443169549655161,24.4,Low Risk,"Retention nurture, cross-sell, loyalty program invitation.",Standard Newsletter / In-App Reward Banner
17652,53,6,2713.57,452.2616666666667,244.83333333333334,190,United Kingdom,United Kingdom,0,0.24429597842934866,24.4,Low Risk,"Retention nurture, cross-sell, loyalty program invitation.",Standard Newsletter / In-App Reward Banner
14032,78,6,1845.37,307.56166666666667,220.83333333333334,276,United Kingdom,United Kingdom,0,0.24400289201694436,24.4,Low Risk,"Retention nurture, cross-sell, loyalty program invitation.",Standard Newsletter / In-App Reward Banner
17997,1,6,1711.75,285.2916666666667,339.1666666666667,73,United Kingdom,United Kingdom,0,0.24357376779345122,24.4,Low Risk,"Retention nurture, cross-sell, loyalty program invitation.",Standard Newsletter / In-App Reward Banner
18097,36,5,1986.2,397.24,281.2,263,United Kingdom,United Kingdom,0,0.24262746684021438,24.3,Low Risk,"Retention nurture, cross-sell, loyalty program invitation.",Standard Newsletter / In-App Reward Banner
14609,52,3,486.36,162.12,2102.0,206,United Kingdom,United Kingdom,0,0.2426040514078046,24.3,Low Risk,"Retention nurture, cross-sell, loyalty program invitation.",Standard Newsletter / In-App Reward Banner
16942,45,7,1439.44,205.6342857142857,84.71428571428571,137,United Kingdom,United Kingdom,0,0.24259865852166748,24.3,Low Risk,"Retention nurture, cross-sell, loyalty program invitation.",Standard Newsletter / In-App Reward Banner
17230,173,8,3638.41,454.80125,206.375,269,United Kingdom,United Kingdom,1,0.24248293365064844,24.2,Low Risk,"Retention nurture, cross-sell, loyalty program invitation.",Standard Newsletter / In-App Reward Banner
18260,82,6,2628.35,438.05833333333334,245.83333333333334,267,United Kingdom,United Kingdom,1,0.2422461195819859,24.2,Low Risk,"Retention nurture, cross-sell, loyalty program invitation.",Standard Newsletter / In-App Reward Banner
13593,17,5,2011.88,402.37600000000003,143.8,245,United Kingdom,United Kingdom,1,0.2406586480802029,24.1,Low Risk,"Retention nurture, cross-sell, loyalty program invitation.",Standard Newsletter / In-App Reward Banner
14572,19,5,2063.2400000000002,412.648,236.6,233,United Kingdom,United Kingdom,0,0.24054056330823861,24.1,Low Risk,"Retention nurture, cross-sell, loyalty program invitation.",Standard Newsletter / In-App Reward Banner
17426,0,4,4280.59,1070.1475,635.25,191,United Kingdom,United Kingdom,0,0.2403961663610601,24.0,Low Risk,"Retention nurture, cross-sell, loyalty program invitation.",Standard Newsletter / In-App Reward Banner
14854,42,6,2281.83,380.305,238.16666666666666,184,United Kingdom,United Kingdom,0,0.24039542431333671,24.0,Low Risk,"Retention nurture, cross-sell, loyalty program invitation.",Standard Newsletter / In-App Reward Banner
14541,78,7,1307.3500000000001,186.76428571428573,85.28571428571429,228,United Kingdom,United Kingdom,0,0.239410446778602,23.9,Low Risk,"Retention nurture, cross-sell, loyalty program invitation.",Standard Newsletter / In-App Reward Banner
14341,39,6,1139.52,189.92,118.16666666666667,227,United Kingdom,United Kingdom,0,0.23939370147901937,23.9,Low Risk,"Retention nurture, cross-sell, loyalty program invitation.",Standard Newsletter / In-App Reward Banner
12619,25,5,2087.46,417.492,351.2,162,Germany,Germany,0,0.2393495799400133,23.9,Low Risk,"Retention nurture, cross-sell, loyalty program invitation.",Standard Newsletter / In-App Reward Banner
14466,25,5,1580.45,316.09000000000003,119.4,281,United Kingdom,United Kingdom,0,0.23905147380363337,23.9,Low Risk,"Retention nurture, cross-sell, loyalty program invitation.",Standard Newsletter / In-App Reward Banner
17442,3,5,1921.69,384.338,252.0,199,United Kingdom,United Kingdom,0,0.23859894816834876,23.9,Low Risk,"Retention nurture, cross-sell, loyalty program invitation.",Standard Newsletter / In-App Reward Banner
15241,36,6,1344.86,224.14333333333332,259.6666666666667,193,United Kingdom,United Kingdom,0,0.2382695553489369,23.8,Low Risk,"Retention nurture, cross-sell, loyalty program invitation.",Standard Newsletter / In-App Reward Banner
17722,5,4,2424.04,606.01,398.75,276,United Kingdom,United Kingdom,1,0.23787405801495734,23.8,Low Risk,"Retention nurture, cross-sell, loyalty program invitation.",Standard Newsletter / In-App Reward Banner
16817,95,7,1179.43,168.49,82.0,277,United Kingdom,United Kingdom,0,0.23781443815436334,23.8,Low Risk,"Retention nurture, cross-sell, loyalty program invitation.",Standard Newsletter / In-App Reward Banner
14565,5,4,3099.12,774.78,385.0,270,United Kingdom,United Kingdom,1,0.2374698938586188,23.7,Low Risk,"Retention nurture, cross-sell, loyalty program invitation.",Standard Newsletter / In-App Reward Banner
17612,4,5,1682.94,336.588,268.2,207,United Kingdom,United Kingdom,0,0.2370750489946325,23.7,Low Risk,"Retention nurture, cross-sell, loyalty program invitation.",Standard Newsletter / In-App Reward Banner
15187,1,6,1883.88,313.98,133.5,121,United Kingdom,United Kingdom,0,0.23674702828837146,23.7,Low Risk,"Retention nurture, cross-sell, loyalty program invitation.",Standard Newsletter / In-App Reward Banner
14409,32,5,1943.73,388.746,232.0,277,United Kingdom,United Kingdom,0,0.23666258438952953,23.7,Low Risk,"Retention nurture, cross-sell, loyalty program invitation.",Standard Newsletter / In-App Reward Banner
14696,29,5,1458.54,291.70799999999997,217.2,282,United Kingdom,United Kingdom,0,0.23661267181227957,23.7,Low Risk,"Retention nurture, cross-sell, loyalty program invitation.",Standard Newsletter / In-App Reward Banner
14701,82,7,1941.43,277.34714285714284,95.14285714285714,226,United Kingdom,United Kingdom,0,0.2365918137410314,23.7,Low Risk,"Retention nurture, cross-sell, loyalty program invitation.",Standard Newsletter / In-App Reward Banner
17655,26,5,1903.3300000000002,380.66600000000005,166.6,275,United Kingdom,United Kingdom,0,0.23650260249791846,23.7,Low Risk,"Retention nurture, cross-sell, loyalty program invitation.",Standard Newsletter / In-App Reward Banner
12853,44,6,1957.1000000000001,326.18333333333334,133.33333333333334,225,United Kingdom,United Kingdom,1,0.2361350122217456,23.6,Low Risk,"Retention nurture, cross-sell, loyalty program invitation.",Standard Newsletter / In-App Reward Banner
13725,78,7,1865.7,266.5285714285714,103.42857142857143,218,United Kingdom,United Kingdom,0,0.2361252568776813,23.6,Low Risk,"Retention nurture, cross-sell, loyalty program invitation.",Standard Newsletter / In-App Reward Banner
18230,3,5,2146.36,429.27200000000005,206.0,211,United Kingdom,United Kingdom,0,0.2351063706803848,23.5,Low Risk,"Retention nurture, cross-sell, loyalty program invitation.",Standard Newsletter / In-App Reward Banner
15764,16,5,3276.62,655.324,409.6,186,United Kingdom,United Kingdom,0,0.23462693653461963,23.5,Low Risk,"Retention nurture, cross-sell, loyalty program invitation.",Standard Newsletter / In-App Reward Banner
14312,0,5,1047.19,209.43800000000002,96.0,246,United Kingdom,United Kingdom,0,0.23450438459429762,23.5,Low Risk,"Retention nurture, cross-sell, loyalty program invitation.",Standard Newsletter / In-App Reward Banner
12483,8,6,1624.06,270.6766666666667,132.0,248,Sweden,Other,0,0.23381339127673872,23.4,Low Risk,"Retention nurture, cross-sell, loyalty program invitation.",Standard Newsletter / In-App Reward Banner
14901,11,5,822.12,164.424,81.8,282,United Kingdom,United Kingdom,0,0.23350868095929572,23.4,Low Risk,"Retention nurture, cross-sell, loyalty program invitation.",Standard Newsletter / In-App Reward Banner
14530,2,5,2482.32,496.46400000000006,210.2,206,United Kingdom,United Kingdom,0,0.2331431179618644,23.3,Low Risk,"Retention nurture, cross-sell, loyalty program invitation.",Standard Newsletter / In-App Reward Banner
14404,18,5,1322.52,264.504,153.8,278,United Kingdom,United Kingdom,0,0.23292865271550364,23.3,Low Risk,"Retention nurture, cross-sell, loyalty program invitation.",Standard Newsletter / In-App Reward Banner
15296,18,5,2599.49,519.8979999999999,255.0,236,United Kingdom,United Kingdom,0,0.23260637362210432,23.3,Low Risk,"Retention nurture, cross-sell, loyalty program invitation.",Standard Newsletter / In-App Reward Banner
12714,16,4,3389.7,847.425,564.5,204,France,France,0,0.23258334461371255,23.3,Low Risk,"Retention nurture, cross-sell, loyalty program invitation.",Standard Newsletter / In-App Reward Banner
12939,47,4,7990.08,1997.52,802.0,244,United Kingdom,United Kingdom,0,0.2323496513627296,23.2,Low Risk,"Retention nurture, cross-sell, loyalty program invitation.",Standard Newsletter / In-App Reward Banner
17682,24,5,1899.3500000000001,379.87,197.8,277,United Kingdom,United Kingdom,0,0.23150605848318684,23.2,Low Risk,"Retention nurture, cross-sell, loyalty program invitation.",Standard Newsletter / In-App Reward Banner
15150,18,5,3569.62,713.924,494.8,178,United Kingdom,United Kingdom,0,0.23146511835782851,23.1,Low Risk,"Retention nurture, cross-sell, loyalty program invitation.",Standard Newsletter / In-App Reward Banner
13137,2,5,1888.32,377.664,233.8,218,United Kingdom,United Kingdom,0,0.2313609187984461,23.1,Low Risk,"Retention nurture, cross-sell, loyalty program invitation.",Standard Newsletter / In-App Reward Banner
18245,58,6,1672.81,278.8016666666667,221.33333333333334,264,United Kingdom,United Kingdom,0,0.2305608654545341,23.1,Low Risk,"Retention nurture, cross-sell, loyalty program invitation.",Standard Newsletter / In-App Reward Banner
15981,47,6,2458.2,409.7,216.0,220,United Kingdom,United Kingdom,0,0.23043126948928633,23.0,Low Risk,"Retention nurture, cross-sell, loyalty program invitation.",Standard Newsletter / In-App Reward Banner
15632,31,6,2351.84,391.97333333333336,217.33333333333334,184,United Kingdom,United Kingdom,0,0.23023058379865008,23.0,Low Risk,"Retention nurture, cross-sell, loyalty program invitation.",Standard Newsletter / In-App Reward Banner
16419,22,6,958.71,159.785,71.33333333333333,221,United Kingdom,United Kingdom,1,0.2300303910789395,23.0,Low Risk,"Retention nurture, cross-sell, loyalty program invitation.",Standard Newsletter / In-App Reward Banner
17422,2,5,1698.97,339.794,349.8,205,United Kingdom,United Kingdom,0,0.22997832889387868,23.0,Low Risk,"Retention nurture, cross-sell, loyalty program invitation.",Standard Newsletter / In-App Reward Banner
15660,45,6,884.34,147.39000000000001,96.33333333333333,275,United Kingdom,United Kingdom,0,0.2296921320418028,23.0,Low Risk,"Retention nurture, cross-sell, loyalty program invitation.",Standard Newsletter / In-App Reward Banner
12557,67,4,9000.960000000001,2250.2400000000002,866.0,281,Spain,Spain,0,0.2290733905678623,22.9,Low Risk,"Retention nurture, cross-sell, loyalty program invitation.",Standard Newsletter / In-App Reward Banner
15596,10,5,1406.59,281.318,112.2,274,United Kingdom,United Kingdom,1,0.22893719841361448,22.9,Low Risk,"Retention nurture, cross-sell, loyalty program invitation.",Standard Newsletter / In-App Reward Banner
16652,19,5,4525.87,905.174,415.4,182,United Kingdom,United Kingdom,0,0.22876273412821907,22.9,Low Risk,"Retention nurture, cross-sell, loyalty program invitation.",Standard Newsletter / In-App Reward Banner
17686,30,5,4589.35,917.8700000000001,392.0,212,United Kingdom,United Kingdom,0,0.22854957058091177,22.9,Low Risk,"Retention nurture, cross-sell, loyalty program invitation.",Standard Newsletter / In-App Reward Banner
15811,15,5,1773.8,354.76,152.0,274,United Kingdom,United Kingdom,0,0.228113056667721,22.8,Low Risk,"Retention nurture, cross-sell, loyalty program invitation.",Standard Newsletter / In-App Reward Banner
16143,17,5,1949.3600000000001,389.872,143.0,278,United Kingdom,United Kingdom,0,0.22768803009580885,22.8,Low Risk,"Retention nurture, cross-sell, loyalty program invitation.",Standard Newsletter / In-App Reward Banner
14004,7,5,3203.26,640.652,335.2,198,United Kingdom,United Kingdom,0,0.22673443534033935,22.7,Low Risk,"Retention nurture, cross-sell, loyalty program invitation.",Standard Newsletter / In-App Reward Banner
17705,16,6,968.0,161.33333333333334,91.83333333333333,211,United Kingdom,United Kingdom,0,0.2266761112329118,22.7,Low Risk,"Retention nurture, cross-sell, loyalty program invitation.",Standard Newsletter / In-App Reward Banner
12502,5,5,3723.87,744.774,164.0,219,Spain,Spain,1,0.22641111676108988,22.6,Low Risk,"Retention nurture, cross-sell, loyalty program invitation.",Standard Newsletter / In-App Reward Banner
13748,5,5,948.25,189.65,87.8,283,United Kingdom,United Kingdom,1,0.22579051330124889,22.6,Low Risk,"Retention nurture, cross-sell, loyalty program invitation.",Standard Newsletter / In-App Reward Banner
13225,52,5,4299.56,859.912,432.8,271,United Kingdom,United Kingdom,0,0.22572251647207897,22.6,Low Risk,"Retention nurture, cross-sell, loyalty program invitation.",Standard Newsletter / In-App Reward Banner
14426,50,6,2885.58,480.93,267.1666666666667,222,United Kingdom,United Kingdom,0,0.22491038343222108,22.5,Low Risk,"Retention nurture, cross-sell, loyalty program invitation.",Standard Newsletter / In-App Reward Banner
14502,58,7,1163.22,166.17428571428573,76.0,222,United Kingdom,United Kingdom,0,0.22432163199852256,22.4,Low Risk,"Retention nurture, cross-sell, loyalty program invitation.",Standard Newsletter / In-App Reward Banner
13848,1,3,1255.0,418.3333333333333,1233.3333333333333,275,United Kingdom,United Kingdom,1,0.22423886579696298,22.4,Low Risk,"Retention nurture, cross-sell, loyalty program invitation.",Standard Newsletter / In-App Reward Banner
17593,1,4,3245.66,811.415,562.25,262,United Kingdom,United Kingdom,0,0.2234739929216688,22.3,Low Risk,"Retention nurture, cross-sell, loyalty program invitation.",Standard Newsletter / In-App Reward Banner
16983,6,5,1185.35,237.07,146.2,279,United Kingdom,United Kingdom,0,0.22244959597640193,22.2,Low Risk,"Retention nurture, cross-sell, loyalty program invitation.",Standard Newsletter / In-App Reward Banner
14952,116,7,3534.61,504.94428571428574,255.28571428571428,274,United Kingdom,United Kingdom,0,0.22221708089728487,22.2,Low Risk,"Retention nurture, cross-sell, loyalty program invitation.",Standard Newsletter / In-App Reward Banner
14299,17,5,2437.14,487.428,184.4,275,United Kingdom,United Kingdom,0,0.22217686511406293,22.2,Low Risk,"Retention nurture, cross-sell, loyalty program invitation.",Standard Newsletter / In-App Reward Banner
18044,75,7,1105.53,157.93285714285713,93.0,270,United Kingdom,United Kingdom,0,0.2210663073957141,22.1,Low Risk,"Retention nurture, cross-sell, loyalty program invitation.",Standard Newsletter / In-App Reward Banner
12947,53,6,1603.99,267.33166666666665,194.16666666666666,282,United Kingdom,United Kingdom,1,0.22105612737334568,22.1,Low Risk,"Retention nurture, cross-sell, loyalty program invitation.",Standard Newsletter / In-App Reward Banner
16570,36,6,2134.07,355.67833333333334,237.83333333333334,221,United Kingdom,United Kingdom,0,0.22092610451772676,22.1,Low Risk,"Retention nurture, cross-sell, loyalty program invitation.",Standard Newsletter / In-App Reward Banner
13709,11,5,2918.81,583.762,378.0,224,United Kingdom,United Kingdom,0,0.21954974985541859,22.0,Low Risk,"Retention nurture, cross-sell, loyalty program invitation.",Standard Newsletter / In-App Reward Banner
13953,25,5,2604.36,520.8720000000001,409.6,262,United Kingdom,United Kingdom,0,0.21824108595769662,21.8,Low Risk,"Retention nurture, cross-sell, loyalty program invitation.",Standard Newsletter / In-App Reward Banner
14739,3,4,2247.58,561.895,669.5,276,United Kingdom,United Kingdom,0,0.2179916487603154,21.8,Low Risk,"Retention nurture, cross-sell, loyalty program invitation.",Standard Newsletter / In-App Reward Banner
14211,6,6,1129.93,188.3216666666667,98.83333333333333,204,United Kingdom,United Kingdom,0,0.21786554340913525,21.8,Low Risk,"Retention nurture, cross-sell, loyalty program invitation.",Standard Newsletter / In-App Reward Banner
17364,46,6,2617.41,436.23499999999996,249.0,240,United Kingdom,United Kingdom,0,0.2177386307671158,21.8,Low Risk,"Retention nurture, cross-sell, loyalty program invitation.",Standard Newsletter / In-App Reward Banner
15628,7,5,1625.4,325.08000000000004,211.6,276,United Kingdom,United Kingdom,0,0.2167181472718205,21.7,Low Risk,"Retention nurture, cross-sell, loyalty program invitation.",Standard Newsletter / In-App Reward Banner
16057,5,6,1544.23,257.37166666666667,103.33333333333333,194,United Kingdom,United Kingdom,0,0.216695175755138,21.7,Low Risk,"Retention nurture, cross-sell, loyalty program invitation.",Standard Newsletter / In-App Reward Banner
12599,36,6,857.04,142.84,124.83333333333333,213,France,France,0,0.216432018687607,21.6,Low Risk,"Retention nurture, cross-sell, loyalty program invitation.",Standard Newsletter / In-App Reward Banner
14407,16,6,2157.73,359.62166666666667,235.83333333333334,186,United Kingdom,United Kingdom,1,0.21558452305029518,21.6,Low Risk,"Retention nurture, cross-sell, loyalty program invitation.",Standard Newsletter / In-App Reward Banner
16550,18,5,2298.97,459.794,308.0,277,United Kingdom,United Kingdom,1,0.21502244117184421,21.5,Low Risk,"Retention nurture, cross-sell, loyalty program invitation.",Standard Newsletter / In-App Reward Banner
17937,24,5,3614.52,722.904,283.2,271,United Kingdom,United Kingdom,0,0.21458779953180637,21.5,Low Risk,"Retention nurture, cross-sell, loyalty program invitation.",Standard Newsletter / In-App Reward Banner
13971,15,6,1985.9,330.98333333333335,222.0,195,United Kingdom,United Kingdom,0,0.21367389935667147,21.4,Low Risk,"Retention nurture, cross-sell, loyalty program invitation.",Standard Newsletter / In-App Reward Banner
15932,17,6,1885.95,314.325,251.5,198,United Kingdom,United Kingdom,0,0.2133242010397676,21.3,Low Risk,"Retention nurture, cross-sell, loyalty program invitation.",Standard Newsletter / In-App Reward Banner
13538,3,6,990.75,165.125,22.833333333333332,225,United Kingdom,United Kingdom,0,0.2133092640819819,21.3,Low Risk,"Retention nurture, cross-sell, loyalty program invitation.",Standard Newsletter / In-App Reward Banner
16098,37,6,1712.49,285.415,83.5,283,United Kingdom,United Kingdom,0,0.21208127547716285,21.2,Low Risk,"Retention nurture, cross-sell, loyalty program invitation.",Standard Newsletter / In-App Reward Banner
13198,30,5,3009.18,601.836,473.8,271,United Kingdom,United Kingdom,0,0.21205251519290383,21.2,Low Risk,"Retention nurture, cross-sell, loyalty program invitation.",Standard Newsletter / In-App Reward Banner
16813,6,7,1146.84,163.8342857142857,166.14285714285714,113,United Kingdom,United Kingdom,0,0.21174514625998447,21.2,Low Risk,"Retention nurture, cross-sell, loyalty program invitation.",Standard Newsletter / In-App Reward Banner
12433,0,3,6395.23,2131.7433333333333,1810.3333333333333,282,Norway,Other,0,0.2109683342290641,21.1,Low Risk,"Retention nurture, cross-sell, loyalty program invitation.",Standard Newsletter / In-App Reward Banner
13324,112,7,3798.99,542.7128571428572,353.2857142857143,270,United Kingdom,United Kingdom,0,0.21069381588315672,21.1,Low Risk,"Retention nurture, cross-sell, loyalty program invitation.",Standard Newsletter / In-App Reward Banner
15708,48,6,2589.34,431.5566666666667,164.83333333333334,279,United Kingdom,United Kingdom,0,0.2104759242355467,21.0,Low Risk,"Retention nurture, cross-sell, loyalty program invitation.",Standard Newsletter / In-App Reward Banner
16456,8,5,2158.18,431.63599999999997,229.4,282,United Kingdom,United Kingdom,1,0.21011902984134725,21.0,Low Risk,"Retention nurture, cross-sell, loyalty program invitation.",Standard Newsletter / In-App Reward Banner
14587,93,8,1452.68,181.585,89.5,240,United Kingdom,United Kingdom,0,0.20964105291441956,21.0,Low Risk,"Retention nurture, cross-sell, loyalty program invitation.",Standard Newsletter / In-App Reward Banner
15491,4,6,3100.09,516.6816666666667,274.3333333333333,145,United Kingdom,United Kingdom,1,0.2090552044953189,20.9,Low Risk,"Retention nurture, cross-sell, loyalty program invitation.",Standard Newsletter / In-App Reward Banner
17644,29,7,1625.63,232.23285714285717,128.28571428571428,170,United Kingdom,United Kingdom,0,0.2089533676908401,20.9,Low Risk,"Retention nurture, cross-sell, loyalty program invitation.",Standard Newsletter / In-App Reward Banner
15033,18,6,1608.95,268.15833333333336,150.5,238,United Kingdom,United Kingdom,0,0.20819495932781737,20.8,Low Risk,"Retention nurture, cross-sell, loyalty program invitation.",Standard Newsletter / In-App Reward Banner
14408,4,6,2290.81,381.8016666666667,241.33333333333334,173,United Kingdom,United Kingdom,0,0.20787782200213462,20.8,Low Risk,"Retention nurture, cross-sell, loyalty program invitation.",Standard Newsletter / In-App Reward Banner
12955,2,6,1843.36,307.22666666666663,254.33333333333334,177,United Kingdom,United Kingdom,0,0.2076830392334131,20.8,Low Risk,"Retention nurture, cross-sell, loyalty program invitation.",Standard Newsletter / In-App Reward Banner
16477,41,6,1999.26,333.21,183.16666666666666,281,United Kingdom,United Kingdom,0,0.20738080485951407,20.7,Low Risk,"Retention nurture, cross-sell, loyalty program invitation.",Standard Newsletter / In-App Reward Banner
14907,8,5,2608.18,521.636,261.4,277,United Kingdom,United Kingdom,0,0.2065568086823543,20.7,Low Risk,"Retention nurture, cross-sell, loyalty program invitation.",Standard Newsletter / In-App Reward Banner
16027,1,6,934.62,155.77,191.16666666666666,212,United Kingdom,United Kingdom,1,0.20582576603613092,20.6,Low Risk,"Retention nurture, cross-sell, loyalty program invitation.",Standard Newsletter / In-App Reward Banner
14030,30,6,1657.5,276.25,143.33333333333334,275,United Kingdom,United Kingdom,0,0.2052620174921292,20.5,Low Risk,"Retention nurture, cross-sell, loyalty program invitation.",Standard Newsletter / In-App Reward Banner
17097,9,6,639.53,106.58833333333332,41.666666666666664,274,Spain,Spain,0,0.20430621651847725,20.4,Low Risk,"Retention nurture, cross-sell, loyalty program invitation.",Standard Newsletter / In-App Reward Banner
17591,31,6,1840.8700000000001,306.81166666666667,146.0,276,United Kingdom,United Kingdom,0,0.20400432616515815,20.4,Low Risk,"Retention nurture, cross-sell, loyalty program invitation.",Standard Newsletter / In-App Reward Banner
17416,19,5,5294.49,1058.898,656.6,190,United Kingdom,United Kingdom,0,0.2035692762661583,20.4,Low Risk,"Retention nurture, cross-sell, loyalty program invitation.",Standard Newsletter / In-App Reward Banner
15987,30,6,1193.63,198.93833333333336,227.5,278,United Kingdom,United Kingdom,0,0.20279540510900668,20.3,Low Risk,"Retention nurture, cross-sell, loyalty program invitation.",Standard Newsletter / In-App Reward Banner
14191,17,7,2258.26,322.60857142857145,198.28571428571428,130,United Kingdom,United Kingdom,0,0.20223644811192482,20.2,Low Risk,"Retention nurture, cross-sell, loyalty program invitation.",Standard Newsletter / In-App Reward Banner
16912,43,7,1538.58,219.79714285714286,83.57142857142857,232,United Kingdom,United Kingdom,0,0.20222996450360173,20.2,Low Risk,"Retention nurture, cross-sell, loyalty program invitation.",Standard Newsletter / In-App Reward Banner
15058,34,7,1234.76,176.3942857142857,86.71428571428571,221,United Kingdom,United Kingdom,0,0.201007444644207,20.1,Low Risk,"Retention nurture, cross-sell, loyalty program invitation.",Standard Newsletter / In-App Reward Banner
13862,17,6,1781.3,296.8833333333333,212.83333333333334,241,United Kingdom,United Kingdom,0,0.20063429640570213,20.1,Low Risk,"Retention nurture, cross-sell, loyalty program invitation.",Standard Newsletter / In-App Reward Banner
12524,71,6,3122.48,520.4133333333333,381.6666666666667,243,Germany,Germany,0,0.20056439274395135,20.1,Low Risk,"Retention nurture, cross-sell, loyalty program invitation.",Standard Newsletter / In-App Reward Banner
13209,38,5,4156.08,831.216,651.0,271,United Kingdom,United Kingdom,0,0.19933865094540368,19.9,Low Risk,"Retention nurture, cross-sell, loyalty program invitation.",Standard Newsletter / In-App Reward Banner
18065,93,8,1412.15,176.51875,73.875,274,United Kingdom,United Kingdom,0,0.19845078123587198,19.8,Low Risk,"Retention nurture, cross-sell, loyalty program invitation.",Standard Newsletter / In-App Reward Banner
17396,58,6,4801.8,800.3000000000001,184.16666666666666,281,United Kingdom,United Kingdom,0,0.19803500700471408,19.8,Low Risk,"Retention nurture, cross-sell, loyalty program invitation.",Standard Newsletter / In-App Reward Banner
16316,66,7,2212.81,316.11571428571426,169.28571428571428,267,United Kingdom,United Kingdom,0,0.1978453368606175,19.8,Low Risk,"Retention nurture, cross-sell, loyalty program invitation.",Standard Newsletter / In-App Reward Banner
15860,8,6,767.14,127.85666666666667,57.5,278,United Kingdom,United Kingdom,0,0.1977734975183924,19.8,Low Risk,"Retention nurture, cross-sell, loyalty program invitation.",Standard Newsletter / In-App Reward Banner
13993,10,6,2247.41,374.5683333333333,108.83333333333333,240,United Kingdom,United Kingdom,0,0.19737673131437591,19.7,Low Risk,"Retention nurture, cross-sell, loyalty program invitation.",Standard Newsletter / In-App Reward Banner
14078,11,6,1049.37,174.89499999999998,51.666666666666664,282,United Kingdom,United Kingdom,1,0.19690615137136697,19.7,Low Risk,"Retention nurture, cross-sell, loyalty program invitation.",Standard Newsletter / In-App Reward Banner
13842,65,7,2165.27,309.32428571428574,127.57142857142857,276,United Kingdom,United Kingdom,0,0.19678692876313697,19.7,Low Risk,"Retention nurture, cross-sell, loyalty program invitation.",Standard Newsletter / In-App Reward Banner
13983,96,8,1681.06,210.1325,99.125,276,United Kingdom,United Kingdom,0,0.19599060114489494,19.6,Low Risk,"Retention nurture, cross-sell, loyalty program invitation.",Standard Newsletter / In-App Reward Banner
17460,3,6,622.4300000000001,103.73833333333334,39.333333333333336,282,United Kingdom,United Kingdom,1,0.19433430982667635,19.4,Low Risk,"Retention nurture, cross-sell, loyalty program invitation.",Standard Newsletter / In-App Reward Banner
16626,22,7,2165.34,309.3342857142857,158.28571428571428,176,United Kingdom,United Kingdom,0,0.1933544659067039,19.3,Low Risk,"Retention nurture, cross-sell, loyalty program invitation.",Standard Newsletter / In-App Reward Banner
13571,2,7,1083.83,154.83285714285714,121.57142857142857,163,United Kingdom,United Kingdom,0,0.19318259908968902,19.3,Low Risk,"Retention nurture, cross-sell, loyalty program invitation.",Standard Newsletter / In-App Reward Banner
14291,30,7,2355.54,336.5057142857143,211.14285714285714,184,United Kingdom,United Kingdom,0,0.19234968196241486,19.2,Low Risk,"Retention nurture, cross-sell, loyalty program invitation.",Standard Newsletter / In-App Reward Banner
12423,10,7,1650.67,235.81,162.28571428571428,263,Belgium,Other,0,0.19098798972509493,19.1,Low Risk,"Retention nurture, cross-sell, loyalty program invitation.",Standard Newsletter / In-App Reward Banner
16743,22,6,1860.9,310.15000000000003,277.6666666666667,268,United Kingdom,United Kingdom,0,0.190550903799261,19.1,Low Risk,"Retention nurture, cross-sell, loyalty program invitation.",Standard Newsletter / In-App Reward Banner
15974,4,6,2895.0099999999998,482.5016666666666,310.6666666666667,198,United Kingdom,United Kingdom,0,0.18920398279490072,18.9,Low Risk,"Retention nurture, cross-sell, loyalty program invitation.",Standard Newsletter / In-App Reward Banner
14083,35,7,533.39,76.19857142857143,53.42857142857143,281,United Kingdom,United Kingdom,0,0.18907469314537054,18.9,Low Risk,"Retention nurture, cross-sell, loyalty program invitation.",Standard Newsletter / In-App Reward Banner
14210,15,6,1905.8400000000001,317.64000000000004,126.66666666666667,281,United Kingdom,United Kingdom,1,0.18886092008906089,18.9,Low Risk,"Retention nurture, cross-sell, loyalty program invitation.",Standard Newsletter / In-App Reward Banner
17368,2,6,1605.07,267.51166666666666,213.33333333333334,247,United Kingdom,United Kingdom,0,0.18696118525232783,18.7,Low Risk,"Retention nurture, cross-sell, loyalty program invitation.",Standard Newsletter / In-App Reward Banner
13183,10,6,2394.98,399.16333333333336,241.33333333333334,244,United Kingdom,United Kingdom,0,0.18655688780898014,18.7,Low Risk,"Retention nurture, cross-sell, loyalty program invitation.",Standard Newsletter / In-App Reward Banner
17050,5,6,3185.64,530.9399999999999,265.8333333333333,209,United Kingdom,United Kingdom,1,0.1865282351403927,18.7,Low Risk,"Retention nurture, cross-sell, loyalty program invitation.",Standard Newsletter / In-App Reward Banner
15093,26,5,4027.1,805.42,655.8,281,United Kingdom,United Kingdom,0,0.18604528265975986,18.6,Low Risk,"Retention nurture, cross-sell, loyalty program invitation.",Standard Newsletter / In-App Reward Banner
16365,32,7,862.56,123.22285714285714,46.42857142857143,276,United Kingdom,United Kingdom,0,0.1856735979469783,18.6,Low Risk,"Retention nurture, cross-sell, loyalty program invitation.",Standard Newsletter / In-App Reward Banner
15518,33,7,1603.86,229.12285714285713,159.57142857142858,241,United Kingdom,United Kingdom,0,0.18503803451176656,18.5,Low Risk,"Retention nurture, cross-sell, loyalty program invitation.",Standard Newsletter / In-App Reward Banner
16455,4,6,1323.3799999999999,220.5633333333333,126.0,280,United Kingdom,United Kingdom,0,0.1847735912789955,18.5,Low Risk,"Retention nurture, cross-sell, loyalty program invitation.",Standard Newsletter / In-App Reward Banner
16985,67,7,3578.54,511.21999999999997,183.85714285714286,268,United Kingdom,United Kingdom,0,0.184672407150148,18.5,Low Risk,"Retention nurture, cross-sell, loyalty program invitation.",Standard Newsletter / In-App Reward Banner
15379,78,7,3703.29,529.0414285714286,329.2857142857143,267,United Kingdom,United Kingdom,1,0.18436429598742235,18.4,Low Risk,"Retention nurture, cross-sell, loyalty program invitation.",Standard Newsletter / In-App Reward Banner
12476,50,6,3191.67,531.945,188.66666666666666,270,Germany,Germany,0,0.1842174032949491,18.4,Low Risk,"Retention nurture, cross-sell, loyalty program invitation.",Standard Newsletter / In-App Reward Banner
13093,185,8,7832.47,979.05875,495.125,282,United Kingdom,United Kingdom,1,0.1837727530720181,18.4,Low Risk,"Retention nurture, cross-sell, loyalty program invitation.",Standard Newsletter / In-App Reward Banner
16293,1,6,1454.3300000000002,242.38833333333335,107.16666666666667,276,United Kingdom,United Kingdom,0,0.18370815471723254,18.4,Low Risk,"Retention nurture, cross-sell, loyalty program invitation.",Standard Newsletter / In-App Reward Banner
12417,16,7,2816.52,402.36,175.57142857142858,267,Belgium,Other,0,0.18312336283269307,18.3,Low Risk,"Retention nurture, cross-sell, loyalty program invitation.",Standard Newsletter / In-App Reward Banner
14825,37,7,1333.47,190.49571428571429,77.14285714285714,278,United Kingdom,United Kingdom,0,0.18303367157665187,18.3,Low Risk,"Retention nurture, cross-sell, loyalty program invitation.",Standard Newsletter / In-App Reward Banner
17191,4,6,1561.51,260.25166666666667,143.16666666666666,277,United Kingdom,United Kingdom,0,0.18284646410305713,18.3,Low Risk,"Retention nurture, cross-sell, loyalty program invitation.",Standard Newsletter / In-App Reward Banner
16556,15,6,2556.37,426.06166666666667,223.66666666666666,269,United Kingdom,United Kingdom,0,0.1818712461286829,18.2,Low Risk,"Retention nurture, cross-sell, loyalty program invitation.",Standard Newsletter / In-App Reward Banner
13985,16,7,2773.04,396.1485714285714,197.14285714285714,173,United Kingdom,United Kingdom,0,0.1813873735093736,18.1,Low Risk,"Retention nurture, cross-sell, loyalty program invitation.",Standard Newsletter / In-App Reward Banner
15059,16,7,1008.6,144.0857142857143,57.857142857142854,244,United Kingdom,United Kingdom,0,0.18134552670933188,18.1,Low Risk,"Retention nurture, cross-sell, loyalty program invitation.",Standard Newsletter / In-App Reward Banner
13117,31,7,841.77,120.25285714285714,100.42857142857143,281,United Kingdom,United Kingdom,0,0.18011872146394997,18.0,Low Risk,"Retention nurture, cross-sell, loyalty program invitation.",Standard Newsletter / In-App Reward Banner
14101,52,5,4944.389999999999,988.8779999999999,1281.2,235,United Kingdom,United Kingdom,0,0.17999102107639475,18.0,Low Risk,"Retention nurture, cross-sell, loyalty program invitation.",Standard Newsletter / In-App Reward Banner
16710,47,7,1835.08,262.1542857142857,197.85714285714286,277,United Kingdom,United Kingdom,0,0.17997583964623198,18.0,Low Risk,"Retention nurture, cross-sell, loyalty program invitation.",Standard Newsletter / In-App Reward Banner
16218,24,6,2635.48,439.24666666666667,292.0,283,United Kingdom,United Kingdom,0,0.17986337744991393,18.0,Low Risk,"Retention nurture, cross-sell, loyalty program invitation.",Standard Newsletter / In-App Reward Banner
12949,23,7,3449.42,492.7742857142857,292.57142857142856,161,United Kingdom,United Kingdom,0,0.17952568347662345,18.0,Low Risk,"Retention nurture, cross-sell, loyalty program invitation.",Standard Newsletter / In-App Reward Banner
16837,67,9,1911.74,212.41555555555556,80.77777777777777,155,United Kingdom,United Kingdom,0,0.17947421935924138,17.9,Low Risk,"Retention nurture, cross-sell, loyalty program invitation.",Standard Newsletter / In-App Reward Banner
12472,48,5,4927.6,985.5200000000001,617.6,278,Germany,Germany,0,0.178262900718166,17.8,Low Risk,"Retention nurture, cross-sell, loyalty program invitation.",Standard Newsletter / In-App Reward Banner
15521,4,7,2326.7799999999997,332.3971428571428,210.0,164,United Kingdom,United Kingdom,0,0.17784522729604288,17.8,Low Risk,"Retention nurture, cross-sell, loyalty program invitation.",Standard Newsletter / In-App Reward Banner
15971,18,7,2109.45,301.34999999999997,130.28571428571428,220,United Kingdom,United Kingdom,0,0.17701955298643804,17.7,Low Risk,"Retention nurture, cross-sell, loyalty program invitation.",Standard Newsletter / In-App Reward Banner
12594,30,8,2529.9,316.2375,180.0,232,Italy,Other,0,0.1760044135970991,17.6,Low Risk,"Retention nurture, cross-sell, loyalty program invitation.",Standard Newsletter / In-App Reward Banner
12744,54,5,14211.970000000001,2842.3940000000002,928.0,227,Singapore,Other,0,0.17587270304582558,17.6,Low Risk,"Retention nurture, cross-sell, loyalty program invitation.",Standard Newsletter / In-App Reward Banner
17504,115,9,2997.0299999999997,333.00333333333333,184.88888888888889,232,United Kingdom,United Kingdom,1,0.17563116835922252,17.6,Low Risk,"Retention nurture, cross-sell, loyalty program invitation.",Standard Newsletter / In-App Reward Banner
15410,8,7,3089.4100000000003,441.3442857142858,149.85714285714286,171,United Kingdom,United Kingdom,0,0.1755029593346228,17.6,Low Risk,"Retention nurture, cross-sell, loyalty program invitation.",Standard Newsletter / In-App Reward Banner
12500,16,6,1773.8400000000001,295.64000000000004,211.66666666666666,243,Germany,Germany,0,0.17549618448486498,17.5,Low Risk,"Retention nurture, cross-sell, loyalty program invitation.",Standard Newsletter / In-App Reward Banner
17491,5,6,2118.11,353.0183333333334,207.83333333333334,277,United Kingdom,United Kingdom,0,0.17545504556690292,17.5,Low Risk,"Retention nurture, cross-sell, loyalty program invitation.",Standard Newsletter / In-App Reward Banner
16686,7,6,2399.94,399.99,274.0,264,United Kingdom,United Kingdom,0,0.17535182183369105,17.5,Low Risk,"Retention nurture, cross-sell, loyalty program invitation.",Standard Newsletter / In-App Reward Banner
16401,41,7,2455.42,350.7742857142857,331.42857142857144,237,United Kingdom,United Kingdom,0,0.1752473920176625,17.5,Low Risk,"Retention nurture, cross-sell, loyalty program invitation.",Standard Newsletter / In-App Reward Banner
17231,35,7,1905.82,272.26,147.57142857142858,270,United Kingdom,United Kingdom,0,0.17489372358041078,17.5,Low Risk,"Retention nurture, cross-sell, loyalty program invitation.",Standard Newsletter / In-App Reward Banner
12643,37,6,3344.64,557.4399999999999,301.3333333333333,242,France,France,1,0.17478049889689232,17.5,Low Risk,"Retention nurture, cross-sell, loyalty program invitation.",Standard Newsletter / In-App Reward Banner
15502,33,5,5955.53,1191.106,752.2,278,United Kingdom,United Kingdom,0,0.17427412023149985,17.4,Low Risk,"Retention nurture, cross-sell, loyalty program invitation.",Standard Newsletter / In-App Reward Banner
16019,45,7,2952.25,421.75,170.42857142857142,274,United Kingdom,United Kingdom,0,0.1711559192655507,17.1,Low Risk,"Retention nurture, cross-sell, loyalty program invitation.",Standard Newsletter / In-App Reward Banner
14107,5,6,2461.94,410.3233333333333,267.6666666666667,273,United Kingdom,United Kingdom,0,0.17069974083920705,17.1,Low Risk,"Retention nurture, cross-sell, loyalty program invitation.",Standard Newsletter / In-App Reward Banner
17800,0,7,904.8000000000001,129.25714285714287,80.0,243,United Kingdom,United Kingdom,0,0.168515263084277,16.9,Low Risk,"Retention nurture, cross-sell, loyalty program invitation.",Standard Newsletter / In-App Reward Banner
18219,58,8,1367.13,170.89125,74.5,278,United Kingdom,United Kingdom,0,0.1684714745294286,16.8,Low Risk,"Retention nurture, cross-sell, loyalty program invitation.",Standard Newsletter / In-App Reward Banner
15752,2,6,2093.37,348.895,276.1666666666667,282,United Kingdom,United Kingdom,0,0.16779695378334447,16.8,Low Risk,"Retention nurture, cross-sell, loyalty program invitation.",Standard Newsletter / In-App Reward Banner
14388,0,6,2277.77,379.62833333333333,231.5,282,United Kingdom,United Kingdom,0,0.16733307510321171,16.7,Low Risk,"Retention nurture, cross-sell, loyalty program invitation.",Standard Newsletter / In-App Reward Banner
16359,4,7,1411.23,201.6042857142857,125.14285714285714,241,United Kingdom,United Kingdom,0,0.1654782313690137,16.5,Low Risk,"Retention nurture, cross-sell, loyalty program invitation.",Standard Newsletter / In-App Reward Banner
14505,18,6,4222.74,703.79,320.3333333333333,271,United Kingdom,United Kingdom,0,0.16517006404494838,16.5,Low Risk,"Retention nurture, cross-sell, loyalty program invitation.",Standard Newsletter / In-App Reward Banner
15114,2,7,1678.97,239.85285714285715,259.57142857142856,211,United Kingdom,United Kingdom,0,0.1638180077359508,16.4,Low Risk,"Retention nurture, cross-sell, loyalty program invitation.",Standard Newsletter / In-App Reward Banner
14562,1,7,2309.38,329.9114285714286,141.85714285714286,213,United Kingdom,United Kingdom,0,0.16361066790668133,16.4,Low Risk,"Retention nurture, cross-sell, loyalty program invitation.",Standard Newsletter / In-App Reward Banner
14755,22,7,2867.6800000000003,409.66857142857145,177.28571428571428,243,United Kingdom,United Kingdom,0,0.16360232923304768,16.4,Low Risk,"Retention nurture, cross-sell, loyalty program invitation.",Standard Newsletter / In-App Reward Banner
13911,53,8,2437.63,304.70375,273.625,217,United Kingdom,United Kingdom,0,0.1633216411426119,16.3,Low Risk,"Retention nurture, cross-sell, loyalty program invitation.",Standard Newsletter / In-App Reward Banner
17894,5,7,995.9,142.27142857142857,50.57142857142857,275,United Kingdom,United Kingdom,0,0.163080302814896,16.3,Low Risk,"Retention nurture, cross-sell, loyalty program invitation.",Standard Newsletter / In-App Reward Banner
17848,37,8,821.5999999999999,102.69999999999999,48.75,267,United Kingdom,United Kingdom,0,0.1622071903803055,16.2,Low Risk,"Retention nurture, cross-sell, loyalty program invitation.",Standard Newsletter / In-App Reward Banner
14221,22,7,2617.0099999999998,373.8585714285714,220.85714285714286,248,United Kingdom,United Kingdom,0,0.1617535490902951,16.2,Low Risk,"Retention nurture, cross-sell, loyalty program invitation.",Standard Newsletter / In-App Reward Banner
13880,54,8,1680.76,210.095,106.5,276,United Kingdom,United Kingdom,0,0.1614743546515541,16.1,Low Risk,"Retention nurture, cross-sell, loyalty program invitation.",Standard Newsletter / In-App Reward Banner
17567,2,6,2925.45,487.575,293.5,281,United Kingdom,United Kingdom,0,0.16097990320904434,16.1,Low Risk,"Retention nurture, cross-sell, loyalty program invitation.",Standard Newsletter / In-App Reward Banner
17870,1,7,745.37,106.48142857142857,73.57142857142857,276,United Kingdom,United Kingdom,0,0.16057964772868139,16.1,Low Risk,"Retention nurture, cross-sell, loyalty program invitation.",Standard Newsletter / In-App Reward Banner
13599,66,8,2313.84,289.23,191.375,276,United Kingdom,United Kingdom,0,0.16032104195968158,16.0,Low Risk,"Retention nurture, cross-sell, loyalty program invitation.",Standard Newsletter / In-App Reward Banner
14573,89,9,1639.82,182.20222222222222,59.333333333333336,281,United Kingdom,United Kingdom,1,0.15991586025313045,16.0,Low Risk,"Retention nurture, cross-sell, loyalty program invitation.",Standard Newsletter / In-App Reward Banner
15281,46,8,2191.78,273.9725,141.0,242,United Kingdom,United Kingdom,0,0.1596322201532742,16.0,Low Risk,"Retention nurture, cross-sell, loyalty program invitation.",Standard Newsletter / In-App Reward Banner
12523,17,7,1017.75,145.39285714285714,80.0,241,France,France,0,0.15938542097829755,15.9,Low Risk,"Retention nurture, cross-sell, loyalty program invitation.",Standard Newsletter / In-App Reward Banner
12395,21,8,1899.57,237.44625,203.625,280,Belgium,Other,0,0.15821737635614233,15.8,Low Risk,"Retention nurture, cross-sell, loyalty program invitation.",Standard Newsletter / In-App Reward Banner
17634,1,7,2077.07,296.7242857142857,92.85714285714286,247,United Kingdom,United Kingdom,0,0.1576458632670493,15.8,Low Risk,"Retention nurture, cross-sell, loyalty program invitation.",Standard Newsletter / In-App Reward Banner
17696,17,7,1915.5900000000001,273.6557142857143,189.0,274,United Kingdom,United Kingdom,0,0.1574504972101552,15.7,Low Risk,"Retention nurture, cross-sell, loyalty program invitation.",Standard Newsletter / In-App Reward Banner
14364,18,8,3717.35,464.66875,245.875,120,United Kingdom,United Kingdom,1,0.15729977183988889,15.7,Low Risk,"Retention nurture, cross-sell, loyalty program invitation.",Standard Newsletter / In-App Reward Banner
18055,37,7,3672.86,524.6942857142857,175.14285714285714,279,United Kingdom,United Kingdom,0,0.1572634778797172,15.7,Low Risk,"Retention nurture, cross-sell, loyalty program invitation.",Standard Newsletter / In-App Reward Banner
14344,36,8,889.9300000000001,111.24125000000001,59.625,278,United Kingdom,United Kingdom,1,0.1569122609576007,15.7,Low Risk,"Retention nurture, cross-sell, loyalty program invitation.",Standard Newsletter / In-App Reward Banner
18077,13,7,1622.34,231.76285714285714,181.71428571428572,276,United Kingdom,United Kingdom,0,0.15664194870009618,15.7,Low Risk,"Retention nurture, cross-sell, loyalty program invitation.",Standard Newsletter / In-App Reward Banner
14944,4,7,3164.19,452.02714285714285,242.71428571428572,206,United Kingdom,United Kingdom,0,0.1556758171283519,15.6,Low Risk,"Retention nurture, cross-sell, loyalty program invitation.",Standard Newsletter / In-App Reward Banner
15727,16,6,4589.39,764.8983333333334,437.5,268,United Kingdom,United Kingdom,0,0.15566221958795043,15.6,Low Risk,"Retention nurture, cross-sell, loyalty program invitation.",Standard Newsletter / In-App Reward Banner
17512,30,8,1891.9,236.4875,229.25,211,United Kingdom,United Kingdom,0,0.1552205604583435,15.5,Low Risk,"Retention nurture, cross-sell, loyalty program invitation.",Standard Newsletter / In-App Reward Banner
15984,10,7,1807.51,258.2157142857143,134.71428571428572,277,United Kingdom,United Kingdom,0,0.15513440052631908,15.5,Low Risk,"Retention nurture, cross-sell, loyalty program invitation.",Standard Newsletter / In-App Reward Banner
13327,22,7,2738.75,391.25,179.42857142857142,274,United Kingdom,United Kingdom,0,0.15503812409033316,15.5,Low Risk,"Retention nurture, cross-sell, loyalty program invitation.",Standard Newsletter / In-App Reward Banner
16407,19,8,1482.37,185.29625,93.25,221,United Kingdom,United Kingdom,0,0.15481687238372202,15.5,Low Risk,"Retention nurture, cross-sell, loyalty program invitation.",Standard Newsletter / In-App Reward Banner
12830,0,5,6414.32,1282.864,1739.2,81,United Kingdom,United Kingdom,0,0.15436592296219592,15.4,Low Risk,"Retention nurture, cross-sell, loyalty program invitation.",Standard Newsletter / In-App Reward Banner
12727,4,6,3337.7,556.2833333333333,292.6666666666667,229,France,France,0,0.15426757566047067,15.4,Low Risk,"Retention nurture, cross-sell, loyalty program invitation.",Standard Newsletter / In-App Reward Banner
13340,15,5,9229.54,1845.9080000000001,1029.6,186,United Kingdom,United Kingdom,0,0.15406763981244734,15.4,Low Risk,"Retention nurture, cross-sell, loyalty program invitation.",Standard Newsletter / In-App Reward Banner
15260,9,7,1810.77,258.68142857142857,126.42857142857143,282,United Kingdom,United Kingdom,1,0.15332302372712855,15.3,Low Risk,"Retention nurture, cross-sell, loyalty program invitation.",Standard Newsletter / In-App Reward Banner
16775,31,8,1174.55,146.81875,35.375,276,United Kingdom,United Kingdom,0,0.15271173407856306,15.3,Low Risk,"Retention nurture, cross-sell, loyalty program invitation.",Standard Newsletter / In-App Reward Banner
18225,22,7,2730.78,390.1114285714286,226.0,274,United Kingdom,United Kingdom,0,0.15269252534716177,15.3,Low Risk,"Retention nurture, cross-sell, loyalty program invitation.",Standard Newsletter / In-App Reward Banner
14309,3,7,1633.7,233.3857142857143,171.42857142857142,267,United Kingdom,United Kingdom,0,0.15253130138534438,15.3,Low Risk,"Retention nurture, cross-sell, loyalty program invitation.",Standard Newsletter / In-App Reward Banner
12867,5,6,3015.96,502.66,561.0,269,United Kingdom,United Kingdom,0,0.1521248681046868,15.2,Low Risk,"Retention nurture, cross-sell, loyalty program invitation.",Standard Newsletter / In-App Reward Banner
17716,4,7,4136.66,590.9514285714286,331.85714285714283,177,United Kingdom,United Kingdom,0,0.15203925430077841,15.2,Low Risk,"Retention nurture, cross-sell, loyalty program invitation.",Standard Newsletter / In-App Reward Banner
15611,13,8,947.1400000000001,118.39250000000001,32.125,244,United Kingdom,United Kingdom,0,0.15136451086794214,15.1,Low Risk,"Retention nurture, cross-sell, loyalty program invitation.",Standard Newsletter / In-App Reward Banner
12626,22,6,4774.0,795.6666666666666,389.5,236,Germany,Germany,0,0.15047125138741846,15.0,Low Risk,"Retention nurture, cross-sell, loyalty program invitation.",Standard Newsletter / In-App Reward Banner
15544,29,7,2772.37,396.05285714285714,316.0,282,United Kingdom,United Kingdom,0,0.15040911545170688,15.0,Low Risk,"Retention nurture, cross-sell, loyalty program invitation.",Standard Newsletter / In-App Reward Banner
17419,53,8,2660.0,332.5,151.625,276,United Kingdom,United Kingdom,0,0.14998291585670473,15.0,Low Risk,"Retention nurture, cross-sell, loyalty program invitation.",Standard Newsletter / In-App Reward Banner
13266,22,8,2535.58,316.9475,382.5,166,United Kingdom,United Kingdom,0,0.14949435843133646,14.9,Low Risk,"Retention nurture, cross-sell, loyalty program invitation.",Standard Newsletter / In-App Reward Banner
15606,28,8,2439.38,304.9225,95.25,234,United Kingdom,United Kingdom,0,0.1492544921462868,14.9,Low Risk,"Retention nurture, cross-sell, loyalty program invitation.",Standard Newsletter / In-App Reward Banner
17725,10,8,2507.12,313.39,201.25,176,United Kingdom,United Kingdom,0,0.14752871570340353,14.8,Low Risk,"Retention nurture, cross-sell, loyalty program invitation.",Standard Newsletter / In-App Reward Banner
15529,52,8,2387.23,298.40375,253.125,276,United Kingdom,United Kingdom,0,0.146442645097,14.6,Low Risk,"Retention nurture, cross-sell, loyalty program invitation.",Standard Newsletter / In-App Reward Banner
12490,2,6,3552.59,592.0983333333334,335.0,239,France,France,0,0.14629981383507878,14.6,Low Risk,"Retention nurture, cross-sell, loyalty program invitation.",Standard Newsletter / In-App Reward Banner
16255,5,7,2182.79,311.82714285714286,208.71428571428572,274,United Kingdom,United Kingdom,0,0.14580974462492385,14.6,Low Risk,"Retention nurture, cross-sell, loyalty program invitation.",Standard Newsletter / In-App Reward Banner
13184,40,9,1472.1,163.56666666666666,170.77777777777777,199,United Kingdom,United Kingdom,0,0.14484334653868522,14.5,Low Risk,"Retention nurture, cross-sell, loyalty program invitation.",Standard Newsletter / In-App Reward Banner
12553,19,7,2419.59,345.6557142857143,193.0,239,France,France,0,0.14468925676402425,14.5,Low Risk,"Retention nurture, cross-sell, loyalty program invitation.",Standard Newsletter / In-App Reward Banner
16678,8,8,2137.3,267.1625,204.75,192,United Kingdom,United Kingdom,0,0.1444224558413782,14.4,Low Risk,"Retention nurture, cross-sell, loyalty program invitation.",Standard Newsletter / In-App Reward Banner
14334,3,7,2328.71,332.67285714285714,228.14285714285714,267,United Kingdom,United Kingdom,0,0.14436772716143917,14.4,Low Risk,"Retention nurture, cross-sell, loyalty program invitation.",Standard Newsletter / In-App Reward Banner
17162,40,9,1463.66,162.6288888888889,96.11111111111111,215,United Kingdom,United Kingdom,0,0.1440579733779379,14.4,Low Risk,"Retention nurture, cross-sell, loyalty program invitation.",Standard Newsletter / In-App Reward Banner
16712,4,8,2489.81,311.22625,144.625,185,United Kingdom,United Kingdom,0,0.1437677439653167,14.4,Low Risk,"Retention nurture, cross-sell, loyalty program invitation.",Standard Newsletter / In-App Reward Banner
17091,7,7,2692.0,384.57142857142856,184.28571428571428,277,United Kingdom,United Kingdom,0,0.14371868789209322,14.4,Low Risk,"Retention nurture, cross-sell, loyalty program invitation.",Standard Newsletter / In-App Reward Banner
14525,9,7,2820.29,402.8985714285714,245.71428571428572,270,United Kingdom,United Kingdom,0,0.1430963237732739,14.3,Low Risk,"Retention nurture, cross-sell, loyalty program invitation.",Standard Newsletter / In-App Reward Banner
14414,1,7,1496.98,213.8542857142857,358.85714285714283,268,United Kingdom,United Kingdom,1,0.14252976758063296,14.3,Low Risk,"Retention nurture, cross-sell, loyalty program invitation.",Standard Newsletter / In-App Reward Banner
16326,6,8,1524.67,190.58375,39.625,244,United Kingdom,United Kingdom,0,0.14143139220170364,14.1,Low Risk,"Retention nurture, cross-sell, loyalty program invitation.",Standard Newsletter / In-App Reward Banner
15694,85,9,3305.78,367.30888888888893,82.11111111111111,282,United Kingdom,United Kingdom,0,0.1409512913813624,14.1,Low Risk,"Retention nurture, cross-sell, loyalty program invitation.",Standard Newsletter / In-App Reward Banner
12989,67,8,4469.14,558.6425,255.75,273,United Kingdom,United Kingdom,0,0.14066243775876822,14.1,Low Risk,"Retention nurture, cross-sell, loyalty program invitation.",Standard Newsletter / In-App Reward Banner
13491,57,9,1088.45,120.9388888888889,90.22222222222223,281,United Kingdom,United Kingdom,0,0.1405833154276066,14.1,Low Risk,"Retention nurture, cross-sell, loyalty program invitation.",Standard Newsletter / In-App Reward Banner
16265,20,7,4062.02,580.2885714285715,267.2857142857143,274,United Kingdom,United Kingdom,0,0.13923042126624965,13.9,Low Risk,"Retention nurture, cross-sell, loyalty program invitation.",Standard Newsletter / In-App Reward Banner
17809,38,8,2856.71,357.08875,92.875,283,United Kingdom,United Kingdom,0,0.13902424142962033,13.9,Low Risk,"Retention nurture, cross-sell, loyalty program invitation.",Standard Newsletter / In-App Reward Banner
14776,14,8,1862.22,232.7775,278.75,221,United Kingdom,United Kingdom,0,0.13901104799219532,13.9,Low Risk,"Retention nurture, cross-sell, loyalty program invitation.",Standard Newsletter / In-App Reward Banner
17139,32,7,6851.82,978.8314285714285,457.14285714285717,198,United Kingdom,United Kingdom,0,0.13876352180366797,13.9,Low Risk,"Retention nurture, cross-sell, loyalty program invitation.",Standard Newsletter / In-App Reward Banner
12481,89,8,4085.2599999999998,510.65749999999997,293.875,275,Germany,Germany,0,0.13728168139793712,13.7,Low Risk,"Retention nurture, cross-sell, loyalty program invitation.",Standard Newsletter / In-App Reward Banner
14099,29,8,2309.92,288.74,215.75,264,United Kingdom,United Kingdom,0,0.13670339740137324,13.7,Low Risk,"Retention nurture, cross-sell, loyalty program invitation.",Standard Newsletter / In-App Reward Banner
13047,36,8,2682.01,335.25125,145.5,283,United Kingdom,United Kingdom,0,0.1365791716475131,13.7,Low Risk,"Retention nurture, cross-sell, loyalty program invitation.",Standard Newsletter / In-App Reward Banner
14159,5,7,2732.73,390.39,355.2857142857143,272,United Kingdom,United Kingdom,0,0.13531231774443034,13.5,Low Risk,"Retention nurture, cross-sell, loyalty program invitation.",Standard Newsletter / In-App Reward Banner
18061,17,8,1793.51,224.18875,112.625,275,United Kingdom,United Kingdom,0,0.13471065258484075,13.5,Low Risk,"Retention nurture, cross-sell, loyalty program invitation.",Standard Newsletter / In-App Reward Banner
12708,11,7,2031.77,290.2528571428571,141.28571428571428,278,Germany,Germany,0,0.13430830495078505,13.4,Low Risk,"Retention nurture, cross-sell, loyalty program invitation.",Standard Newsletter / In-App Reward Banner
17346,12,8,1228.78,153.5975,115.375,282,United Kingdom,United Kingdom,0,0.13378862968146737,13.4,Low Risk,"Retention nurture, cross-sell, loyalty program invitation.",Standard Newsletter / In-App Reward Banner
16818,2,9,2528.47,280.94111111111107,175.77777777777777,115,United Kingdom,United Kingdom,0,0.13364573795721185,13.4,Low Risk,"Retention nurture, cross-sell, loyalty program invitation.",Standard Newsletter / In-App Reward Banner
17402,11,8,1732.45,216.55625,52.5,278,United Kingdom,United Kingdom,0,0.13328869555962,13.3,Low Risk,"Retention nurture, cross-sell, loyalty program invitation.",Standard Newsletter / In-App Reward Banner
14472,13,8,1852.67,231.58375,141.875,264,United Kingdom,United Kingdom,1,0.13326042568203825,13.3,Low Risk,"Retention nurture, cross-sell, loyalty program invitation.",Standard Newsletter / In-App Reward Banner
16782,47,9,1630.4,181.15555555555557,55.666666666666664,275,United Kingdom,United Kingdom,0,0.13286421192618578,13.3,Low Risk,"Retention nurture, cross-sell, loyalty program invitation.",Standard Newsletter / In-App Reward Banner
18075,15,8,1957.75,244.71875,126.875,270,United Kingdom,United Kingdom,0,0.13285185311590442,13.3,Low Risk,"Retention nurture, cross-sell, loyalty program invitation.",Standard Newsletter / In-App Reward Banner
12428,29,8,7548.12,943.515,423.25,193,Finland,Other,0,0.13188112131271112,13.2,Low Risk,"Retention nurture, cross-sell, loyalty program invitation.",Standard Newsletter / In-App Reward Banner
14769,17,6,6284.84,1047.4733333333334,721.5,267,United Kingdom,United Kingdom,0,0.13151732792002988,13.2,Low Risk,"Retention nurture, cross-sell, loyalty program invitation.",Standard Newsletter / In-App Reward Banner
17338,23,7,5163.92,737.7028571428572,334.14285714285717,270,United Kingdom,United Kingdom,0,0.13133982544441344,13.1,Low Risk,"Retention nurture, cross-sell, loyalty program invitation.",Standard Newsletter / In-App Reward Banner
15298,2,7,3358.2200000000003,479.7457142857143,302.85714285714283,275,United Kingdom,United Kingdom,0,0.13064047642447102,13.1,Low Risk,"Retention nurture, cross-sell, loyalty program invitation.",Standard Newsletter / In-App Reward Banner
13700,2,8,1634.77,204.34625,249.375,236,United Kingdom,United Kingdom,0,0.13035327003418115,13.0,Low Risk,"Retention nurture, cross-sell, loyalty program invitation.",Standard Newsletter / In-App Reward Banner
12877,34,9,1059.23,117.69222222222223,78.33333333333333,268,United Kingdom,United Kingdom,0,0.12994014132033407,13.0,Low Risk,"Retention nurture, cross-sell, loyalty program invitation.",Standard Newsletter / In-App Reward Banner
15218,26,8,3865.35,483.16875,282.25,228,United Kingdom,United Kingdom,0,0.12951491149053432,13.0,Low Risk,"Retention nurture, cross-sell, loyalty program invitation.",Standard Newsletter / In-App Reward Banner
12662,16,7,2653.66,379.0942857142857,200.0,282,Germany,Germany,0,0.129455412730456,12.9,Low Risk,"Retention nurture, cross-sell, loyalty program invitation.",Standard Newsletter / In-App Reward Banner
14462,30,9,1510.65,167.85000000000002,75.33333333333333,249,United Kingdom,United Kingdom,0,0.12895988584182833,12.9,Low Risk,"Retention nurture, cross-sell, loyalty program invitation.",Standard Newsletter / In-App Reward Banner
12747,19,8,2769.4,346.175,107.75,278,United Kingdom,United Kingdom,0,0.128138241083566,12.8,Low Risk,"Retention nurture, cross-sell, loyalty program invitation.",Standard Newsletter / In-App Reward Banner
15854,49,9,2393.69,265.96555555555557,82.66666666666667,271,United Kingdom,United Kingdom,0,0.1279657192541927,12.8,Low Risk,"Retention nurture, cross-sell, loyalty program invitation.",Standard Newsletter / In-App Reward Banner
17730,15,8,3055.77,381.97125,269.0,235,United Kingdom,United Kingdom,0,0.1274049449891038,12.7,Low Risk,"Retention nurture, cross-sell, loyalty program invitation.",Standard Newsletter / In-App Reward Banner
15356,14,8,2231.17,278.89625,169.375,277,United Kingdom,United Kingdom,0,0.1264991804303447,12.6,Low Risk,"Retention nurture, cross-sell, loyalty program invitation.",Standard Newsletter / In-App Reward Banner
15955,16,8,2463.65,307.95625,137.875,282,United Kingdom,United Kingdom,0,0.12616556064283946,12.6,Low Risk,"Retention nurture, cross-sell, loyalty program invitation.",Standard Newsletter / In-App Reward Banner
13305,2,8,1471.25,183.90625,116.875,282,United Kingdom,United Kingdom,0,0.12567621842104465,12.6,Low Risk,"Retention nurture, cross-sell, loyalty program invitation.",Standard Newsletter / In-App Reward Banner
13742,71,10,2632.57,263.257,96.4,229,United Kingdom,United Kingdom,0,0.1256159302014774,12.6,Low Risk,"Retention nurture, cross-sell, loyalty program invitation.",Standard Newsletter / In-App Reward Banner
13552,33,9,2762.91,306.99,113.77777777777777,225,United Kingdom,United Kingdom,0,0.12560310747860567,12.6,Low Risk,"Retention nurture, cross-sell, loyalty program invitation.",Standard Newsletter / In-App Reward Banner
15547,19,8,2745.16,343.145,230.125,271,United Kingdom,United Kingdom,0,0.12471299543290981,12.5,Low Risk,"Retention nurture, cross-sell, loyalty program invitation.",Standard Newsletter / In-App Reward Banner
14397,3,10,1036.12,103.612,76.4,123,United Kingdom,United Kingdom,0,0.12435043041794679,12.4,Low Risk,"Retention nurture, cross-sell, loyalty program invitation.",Standard Newsletter / In-App Reward Banner
14410,1,9,1100.27,122.25222222222222,63.0,215,United Kingdom,United Kingdom,1,0.1234721791684109,12.3,Low Risk,"Retention nurture, cross-sell, loyalty program invitation.",Standard Newsletter / In-App Reward Banner
14711,0,9,2355.63,261.7366666666667,88.33333333333333,171,United Kingdom,United Kingdom,0,0.12329307194120205,12.3,Low Risk,"Retention nurture, cross-sell, loyalty program invitation.",Standard Newsletter / In-App Reward Banner
13178,42,8,4391.7300000000005,548.9662500000001,324.875,270,United Kingdom,United Kingdom,0,0.12304168089160841,12.3,Low Risk,"Retention nurture, cross-sell, loyalty program invitation.",Standard Newsletter / In-App Reward Banner
16767,3,7,4820.46,688.6371428571429,559.0,225,United Kingdom,United Kingdom,0,0.12285754289293452,12.3,Low Risk,"Retention nurture, cross-sell, loyalty program invitation.",Standard Newsletter / In-App Reward Banner
15570,51,9,2809.98,312.22,126.11111111111111,278,United Kingdom,United Kingdom,0,0.12238946039282857,12.2,Low Risk,"Retention nurture, cross-sell, loyalty program invitation.",Standard Newsletter / In-App Reward Banner
14243,4,8,2305.95,288.24375,128.875,275,United Kingdom,United Kingdom,0,0.12218118824297577,12.2,Low Risk,"Retention nurture, cross-sell, loyalty program invitation.",Standard Newsletter / In-App Reward Banner
13769,1,8,2176.62,272.0775,107.0,276,United Kingdom,United Kingdom,0,0.1219902462949187,12.2,Low Risk,"Retention nurture, cross-sell, loyalty program invitation.",Standard Newsletter / In-App Reward Banner
13269,19,8,2978.5,372.3125,251.75,279,United Kingdom,United Kingdom,0,0.12018621154365809,12.0,Low Risk,"Retention nurture, cross-sell, loyalty program invitation.",Standard Newsletter / In-App Reward Banner
12600,22,8,1936.5600000000002,242.07000000000002,68.0,280,Germany,Germany,0,0.12016711170132921,12.0,Low Risk,"Retention nurture, cross-sell, loyalty program invitation.",Standard Newsletter / In-App Reward Banner
17613,27,9,2976.69,330.74333333333334,185.22222222222223,215,United Kingdom,United Kingdom,0,0.11984064088118643,12.0,Low Risk,"Retention nurture, cross-sell, loyalty program invitation.",Standard Newsletter / In-App Reward Banner
13097,32,8,4636.51,579.56375,232.625,269,United Kingdom,United Kingdom,0,0.11957781957502187,12.0,Low Risk,"Retention nurture, cross-sell, loyalty program invitation.",Standard Newsletter / In-App Reward Banner
14702,26,9,1651.25,183.47222222222223,70.66666666666667,274,United Kingdom,United Kingdom,0,0.11947605617980338,11.9,Low Risk,"Retention nurture, cross-sell, loyalty program invitation.",Standard Newsletter / In-App Reward Banner
15373,25,9,1686.9,187.43333333333334,39.333333333333336,280,United Kingdom,United Kingdom,0,0.11850287392502264,11.9,Low Risk,"Retention nurture, cross-sell, loyalty program invitation.",Standard Newsletter / In-App Reward Banner
16592,46,10,2214.33,221.433,178.5,197,United Kingdom,United Kingdom,0,0.11834728327430565,11.8,Low Risk,"Retention nurture, cross-sell, loyalty program invitation.",Standard Newsletter / In-App Reward Banner
16145,9,8,2600.31,325.03875,281.0,269,United Kingdom,United Kingdom,0,0.11814156050096834,11.8,Low Risk,"Retention nurture, cross-sell, loyalty program invitation.",Standard Newsletter / In-App Reward Banner
16670,15,8,3239.9700000000003,404.99625000000003,269.0,268,United Kingdom,United Kingdom,0,0.1179887651914254,11.8,Low Risk,"Retention nurture, cross-sell, loyalty program invitation.",Standard Newsletter / In-App Reward Banner
17377,35,9,2040.34,226.70444444444445,120.22222222222223,283,United Kingdom,United Kingdom,0,0.11767376132597192,11.8,Low Risk,"Retention nurture, cross-sell, loyalty program invitation.",Standard Newsletter / In-App Reward Banner
14961,0,7,4917.93,702.5614285714286,381.2857142857143,270,United Kingdom,United Kingdom,0,0.11706604434212592,11.7,Low Risk,"Retention nurture, cross-sell, loyalty program invitation.",Standard Newsletter / In-App Reward Banner
14239,4,9,1880.89,208.98777777777778,89.22222222222223,225,United Kingdom,United Kingdom,0,0.11603584044581682,11.6,Low Risk,"Retention nurture, cross-sell, loyalty program invitation.",Standard Newsletter / In-App Reward Banner
17001,1,8,2793.49,349.18625,195.75,268,United Kingdom,United Kingdom,0,0.11598964298721887,11.6,Low Risk,"Retention nurture, cross-sell, loyalty program invitation.",Standard Newsletter / In-App Reward Banner
14258,61,7,9386.32,1340.902857142857,774.2857142857143,247,United Kingdom,United Kingdom,0,0.11341961136171197,11.3,Low Risk,"Retention nurture, cross-sell, loyalty program invitation.",Standard Newsletter / In-App Reward Banner
13756,2,8,2972.3300000000004,371.54125000000005,230.375,277,United Kingdom,United Kingdom,0,0.11190322765778285,11.2,Low Risk,"Retention nurture, cross-sell, loyalty program invitation.",Standard Newsletter / In-App Reward Banner
17611,33,9,2701.15,300.1277777777778,206.77777777777777,270,United Kingdom,United Kingdom,0,0.11145009458218788,11.1,Low Risk,"Retention nurture, cross-sell, loyalty program invitation.",Standard Newsletter / In-App Reward Banner
15023,25,8,5027.97,628.49625,274.125,278,United Kingdom,United Kingdom,0,0.10930266004233545,10.9,Low Risk,"Retention nurture, cross-sell, loyalty program invitation.",Standard Newsletter / In-App Reward Banner
18144,19,9,2165.55,240.61666666666667,118.22222222222223,282,United Kingdom,United Kingdom,0,0.10823350161479704,10.8,Low Risk,"Retention nurture, cross-sell, loyalty program invitation.",Standard Newsletter / In-App Reward Banner
17340,29,7,7593.65,1084.8071428571427,572.5714285714286,275,United Kingdom,United Kingdom,0,0.10821519345689998,10.8,Low Risk,"Retention nurture, cross-sell, loyalty program invitation.",Standard Newsletter / In-App Reward Banner
17659,9,9,1653.03,183.67,91.22222222222223,281,United Kingdom,United Kingdom,0,0.107556478597161,10.8,Low Risk,"Retention nurture, cross-sell, loyalty program invitation.",Standard Newsletter / In-App Reward Banner
16638,8,9,1550.94,172.32666666666668,133.22222222222223,278,United Kingdom,United Kingdom,0,0.10676090606873505,10.7,Low Risk,"Retention nurture, cross-sell, loyalty program invitation.",Standard Newsletter / In-App Reward Banner
12637,1,7,5658.9,808.4142857142857,406.0,233,France,France,0,0.10493012858777764,10.5,Low Risk,"Retention nurture, cross-sell, loyalty program invitation.",Standard Newsletter / In-App Reward Banner
13784,4,9,2124.15,236.01666666666668,251.66666666666666,241,United Kingdom,United Kingdom,0,0.10447706492458722,10.4,Low Risk,"Retention nurture, cross-sell, loyalty program invitation.",Standard Newsletter / In-App Reward Banner
14713,8,9,2029.61,225.51222222222222,137.33333333333334,274,United Kingdom,United Kingdom,0,0.10434975535276342,10.4,Low Risk,"Retention nurture, cross-sell, loyalty program invitation.",Standard Newsletter / In-App Reward Banner
14282,19,9,2467.54,274.1711111111111,198.66666666666666,277,United Kingdom,United Kingdom,0,0.10430452479866212,10.4,Low Risk,"Retention nurture, cross-sell, loyalty program invitation.",Standard Newsletter / In-App Reward Banner
13090,45,9,4912.02,545.7800000000001,125.88888888888889,282,United Kingdom,United Kingdom,0,0.10363434226994835,10.4,Low Risk,"Retention nurture, cross-sell, loyalty program invitation.",Standard Newsletter / In-App Reward Banner
15235,127,12,2247.51,187.29250000000002,110.33333333333333,282,United Kingdom,United Kingdom,1,0.10360366159526697,10.4,Low Risk,"Retention nurture, cross-sell, loyalty program invitation.",Standard Newsletter / In-App Reward Banner
16393,3,9,1761.97,195.77444444444444,112.55555555555556,278,United Kingdom,United Kingdom,0,0.10355390510871759,10.4,Low Risk,"Retention nurture, cross-sell, loyalty program invitation.",Standard Newsletter / In-App Reward Banner
12980,67,9,7374.900000000001,819.4333333333334,98.44444444444444,268,United Kingdom,United Kingdom,1,0.10315334367164218,10.3,Low Risk,"Retention nurture, cross-sell, loyalty program invitation.",Standard Newsletter / In-App Reward Banner
18241,8,11,1349.58,122.68909090909091,65.45454545454545,127,United Kingdom,United Kingdom,0,0.10300534250345535,10.3,Low Risk,"Retention nurture, cross-sell, loyalty program invitation.",Standard Newsletter / In-App Reward Banner
13094,39,10,1545.72,154.572,135.6,278,United Kingdom,United Kingdom,0,0.10274907944909019,10.3,Low Risk,"Retention nurture, cross-sell, loyalty program invitation.",Standard Newsletter / In-App Reward Banner
12753,45,5,16620.91,3324.182,1842.2,272,Japan,Other,0,0.10253873277473366,10.3,Low Risk,"Retention nurture, cross-sell, loyalty program invitation.",Standard Newsletter / In-App Reward Banner
17920,14,9,2328.8,258.7555555555556,170.11111111111111,283,United Kingdom,United Kingdom,0,0.10240298256831223,10.2,Low Risk,"Retention nurture, cross-sell, loyalty program invitation.",Standard Newsletter / In-App Reward Banner
18092,29,8,5851.48,731.435,410.0,275,United Kingdom,United Kingdom,0,0.1018703197251817,10.2,Low Risk,"Retention nurture, cross-sell, loyalty program invitation.",Standard Newsletter / In-App Reward Banner
17799,8,9,2514.99,279.4433333333333,149.33333333333334,270,United Kingdom,United Kingdom,0,0.10165787749377571,10.2,Low Risk,"Retention nurture, cross-sell, loyalty program invitation.",Standard Newsletter / In-App Reward Banner
13082,35,9,3613.63,401.51444444444445,480.44444444444446,247,United Kingdom,United Kingdom,1,0.10119309596750352,10.1,Low Risk,"Retention nurture, cross-sell, loyalty program invitation.",Standard Newsletter / In-App Reward Banner
17061,20,10,4658.83,465.883,140.8,141,United Kingdom,United Kingdom,0,0.10107273796703524,10.1,Low Risk,"Retention nurture, cross-sell, loyalty program invitation.",Standard Newsletter / In-App Reward Banner
18226,30,9,4251.03,472.33666666666664,327.3333333333333,247,United Kingdom,United Kingdom,0,0.1002044701333172,10.0,Low Risk,"Retention nurture, cross-sell, loyalty program invitation.",Standard Newsletter / In-App Reward Banner
12647,35,9,2886.71,320.74555555555554,115.44444444444444,278,Germany,Germany,0,0.09838161200849385,9.8,Low Risk,"Retention nurture, cross-sell, loyalty program invitation.",Standard Newsletter / In-App Reward Banner
15129,16,10,2796.73,279.673,162.1,201,United Kingdom,United Kingdom,0,0.09804965419589716,9.8,Low Risk,"Retention nurture, cross-sell, loyalty program invitation.",Standard Newsletter / In-App Reward Banner
13629,8,8,5718.36,714.795,402.75,248,United Kingdom,United Kingdom,0,0.09799508700498076,9.8,Low Risk,"Retention nurture, cross-sell, loyalty program invitation.",Standard Newsletter / In-App Reward Banner
13148,43,10,2766.01,276.601,137.0,273,United Kingdom,United Kingdom,0,0.09780071928795132,9.8,Low Risk,"Retention nurture, cross-sell, loyalty program invitation.",Standard Newsletter / In-App Reward Banner
18283,5,10,1086.83,108.68299999999999,71.9,246,United Kingdom,United Kingdom,0,0.09761753593064311,9.8,Low Risk,"Retention nurture, cross-sell, loyalty program invitation.",Standard Newsletter / In-App Reward Banner
15301,23,9,3727.4,414.15555555555557,222.0,278,United Kingdom,United Kingdom,0,0.09738112199885186,9.7,Low Risk,"Retention nurture, cross-sell, loyalty program invitation.",Standard Newsletter / In-App Reward Banner
17858,25,9,3641.25,404.5833333333333,265.1111111111111,278,United Kingdom,United Kingdom,0,0.09737341536252928,9.7,Low Risk,"Retention nurture, cross-sell, loyalty program invitation.",Standard Newsletter / In-App Reward Banner
16186,12,9,2696.53,299.6144444444445,249.11111111111111,281,United Kingdom,United Kingdom,0,0.09673037886108012,9.7,Low Risk,"Retention nurture, cross-sell, loyalty program invitation.",Standard Newsletter / In-App Reward Banner
16607,37,10,2267.58,226.75799999999998,207.0,268,United Kingdom,United Kingdom,0,0.09659644517021568,9.7,Low Risk,"Retention nurture, cross-sell, loyalty program invitation.",Standard Newsletter / In-App Reward Banner
14367,47,10,5419.7,541.97,256.2,185,United Kingdom,United Kingdom,0,0.09647903429435238,9.6,Low Risk,"Retention nurture, cross-sell, loyalty program invitation.",Standard Newsletter / In-App Reward Banner
13999,5,9,2868.9700000000003,318.7744444444445,192.55555555555554,271,United Kingdom,United Kingdom,0,0.09626157679647024,9.6,Low Risk,"Retention nurture, cross-sell, loyalty program invitation.",Standard Newsletter / In-App Reward Banner
17954,32,10,1885.21,188.52100000000002,183.1,280,United Kingdom,United Kingdom,0,0.09502614695882608,9.5,Low Risk,"Retention nurture, cross-sell, loyalty program invitation.",Standard Newsletter / In-App Reward Banner
14217,9,10,1211.5,121.15,38.0,275,United Kingdom,United Kingdom,0,0.09417820443600314,9.4,Low Risk,"Retention nurture, cross-sell, loyalty program invitation.",Standard Newsletter / In-App Reward Banner
13871,1,9,4612.64,512.5155555555556,216.66666666666666,218,United Kingdom,United Kingdom,0,0.0936035730281993,9.4,Low Risk,"Retention nurture, cross-sell, loyalty program invitation.",Standard Newsletter / In-App Reward Banner
14415,7,9,3766.13,418.4588888888889,199.77777777777777,269,United Kingdom,United Kingdom,0,0.09206882368912159,9.2,Low Risk,"Retention nurture, cross-sell, loyalty program invitation.",Standard Newsletter / In-App Reward Banner
12839,1,9,3097.39,344.15444444444444,230.11111111111111,276,United Kingdom,United Kingdom,0,0.09081080044164233,9.1,Low Risk,"Retention nurture, cross-sell, loyalty program invitation.",Standard Newsletter / In-App Reward Banner
16919,65,11,2592.25,235.6590909090909,127.54545454545455,277,United Kingdom,United Kingdom,1,0.09041392830736615,9.0,Low Risk,"Retention nurture, cross-sell, loyalty program invitation.",Standard Newsletter / In-App Reward Banner
14800,19,9,3832.49,425.8322222222222,350.44444444444446,279,United Kingdom,United Kingdom,0,0.09034666523668405,9.0,Low Risk,"Retention nurture, cross-sell, loyalty program invitation.",Standard Newsletter / In-App Reward Banner
14810,13,10,1866.78,186.678,91.2,279,United Kingdom,United Kingdom,0,0.08956413810149637,9.0,Low Risk,"Retention nurture, cross-sell, loyalty program invitation.",Standard Newsletter / In-App Reward Banner
14709,3,9,3952.7400000000002,439.1933333333334,222.66666666666666,267,United Kingdom,United Kingdom,0,0.08881325449566246,8.9,Low Risk,"Retention nurture, cross-sell, loyalty program invitation.",Standard Newsletter / In-App Reward Banner
15271,4,10,1592.58,159.25799999999998,78.6,274,United Kingdom,United Kingdom,0,0.08845332822709683,8.8,Low Risk,"Retention nurture, cross-sell, loyalty program invitation.",Standard Newsletter / In-App Reward Banner
13013,2,9,3686.09,409.5655555555556,195.33333333333334,281,United Kingdom,United Kingdom,0,0.08814426542855094,8.8,Low Risk,"Retention nurture, cross-sell, loyalty program invitation.",Standard Newsletter / In-App Reward Banner
16241,5,10,1778.43,177.84300000000002,95.1,279,United Kingdom,United Kingdom,0,0.08639220289495264,8.6,Low Risk,"Retention nurture, cross-sell, loyalty program invitation.",Standard Newsletter / In-App Reward Banner
17238,45,11,1943.57,176.68818181818182,81.63636363636364,280,United Kingdom,United Kingdom,0,0.08629176298955624,8.6,Low Risk,"Retention nurture, cross-sell, loyalty program invitation.",Standard Newsletter / In-App Reward Banner
14040,3,10,2734.46,273.446,128.6,240,United Kingdom,United Kingdom,0,0.08607189934295535,8.6,Low Risk,"Retention nurture, cross-sell, loyalty program invitation.",Standard Newsletter / In-App Reward Banner
17220,8,10,2288.08,228.808,134.1,273,United Kingdom,United Kingdom,0,0.08468289189412627,8.5,Low Risk,"Retention nurture, cross-sell, loyalty program invitation.",Standard Newsletter / In-App Reward Banner
13631,9,11,3070.42,279.1290909090909,42.45454545454545,176,United Kingdom,United Kingdom,1,0.08395009343992027,8.4,Low Risk,"Retention nurture, cross-sell, loyalty program invitation.",Standard Newsletter / In-App Reward Banner
14092,9,10,2745.42,274.54200000000003,149.5,267,United Kingdom,United Kingdom,0,0.08316089639445051,8.3,Low Risk,"Retention nurture, cross-sell, loyalty program invitation.",Standard Newsletter / In-App Reward Banner
15144,2,10,3560.84,356.084,192.0,221,United Kingdom,United Kingdom,0,0.08246074311394772,8.2,Low Risk,"Retention nurture, cross-sell, loyalty program invitation.",Standard Newsletter / In-App Reward Banner
17940,17,9,3828.04,425.3377777777778,969.2222222222222,212,United Kingdom,United Kingdom,0,0.08220690108730053,8.2,Low Risk,"Retention nurture, cross-sell, loyalty program invitation.",Standard Newsletter / In-App Reward Banner
15251,0,8,9695.82,1211.9775,713.0,151,United Kingdom,United Kingdom,0,0.0812678153209668,8.1,Low Risk,"Retention nurture, cross-sell, loyalty program invitation.",Standard Newsletter / In-App Reward Banner
13488,30,9,6596.38,732.9311111111111,359.1111111111111,276,United Kingdom,United Kingdom,0,0.08047780292263895,8.0,Low Risk,"Retention nurture, cross-sell, loyalty program invitation.",Standard Newsletter / In-App Reward Banner
15555,13,10,2809.63,280.963,242.8,278,United Kingdom,United Kingdom,0,0.07981769525886234,8.0,Low Risk,"Retention nurture, cross-sell, loyalty program invitation.",Standard Newsletter / In-App Reward Banner
16180,9,8,10254.18,1281.7725,733.375,162,United Kingdom,United Kingdom,1,0.079799270677615,8.0,Low Risk,"Retention nurture, cross-sell, loyalty program invitation.",Standard Newsletter / In-App Reward Banner
16700,31,10,4095.95,409.59499999999997,324.0,275,United Kingdom,United Kingdom,0,0.07848585487734101,7.8,Low Risk,"Retention nurture, cross-sell, loyalty program invitation.",Standard Newsletter / In-App Reward Banner
16701,39,10,4050.42,405.04200000000003,495.8,271,United Kingdom,United Kingdom,0,0.0776608289236008,7.8,Low Risk,"Retention nurture, cross-sell, loyalty program invitation.",Standard Newsletter / In-App Reward Banner
12431,28,11,4807.07,437.00636363636363,190.72727272727272,283,Australia,Other,0,0.07608325188237126,7.6,Low Risk,"Retention nurture, cross-sell, loyalty program invitation.",Standard Newsletter / In-App Reward Banner
14135,14,10,3190.32,319.03200000000004,336.4,282,United Kingdom,United Kingdom,0,0.07494917906788429,7.5,Low Risk,"Retention nurture, cross-sell, loyalty program invitation.",Standard Newsletter / In-App Reward Banner
18073,23,12,3859.82,321.6516666666667,258.5,106,United Kingdom,United Kingdom,1,0.07487953041411162,7.5,Low Risk,"Retention nurture, cross-sell, loyalty program invitation.",Standard Newsletter / In-App Reward Banner
13695,7,12,1767.07,147.25583333333333,97.83333333333333,169,United Kingdom,United Kingdom,0,0.07426952403866922,7.4,Low Risk,"Retention nurture, cross-sell, loyalty program invitation.",Standard Newsletter / In-App Reward Banner
14401,5,10,3079.38,307.938,354.9,269,United Kingdom,United Kingdom,0,0.07360726067980104,7.4,Low Risk,"Retention nurture, cross-sell, loyalty program invitation.",Standard Newsletter / In-App Reward Banner
12583,16,9,4232.21,470.24555555555554,384.77777777777777,283,France,France,0,0.07343806569956805,7.3,Low Risk,"Retention nurture, cross-sell, loyalty program invitation.",Standard Newsletter / In-App Reward Banner
16458,15,11,2151.5,195.5909090909091,123.63636363636364,270,United Kingdom,United Kingdom,0,0.07341394374179525,7.3,Low Risk,"Retention nurture, cross-sell, loyalty program invitation.",Standard Newsletter / In-App Reward Banner
16722,9,10,3656.58,365.658,372.4,277,United Kingdom,United Kingdom,0,0.0706194636430695,7.1,Low Risk,"Retention nurture, cross-sell, loyalty program invitation.",Standard Newsletter / In-App Reward Banner
13230,47,12,2195.23,182.93583333333333,111.0,274,United Kingdom,United Kingdom,0,0.07048328748572776,7.0,Low Risk,"Retention nurture, cross-sell, loyalty program invitation.",Standard Newsletter / In-App Reward Banner
17790,29,12,1363.51,113.62583333333333,49.583333333333336,274,United Kingdom,United Kingdom,0,0.06971746744607381,7.0,Low Risk,"Retention nurture, cross-sell, loyalty program invitation.",Standard Newsletter / In-App Reward Banner
17975,24,11,3950.4500000000003,359.13181818181823,124.0,276,United Kingdom,United Kingdom,0,0.06702174385793824,6.7,Low Risk,"Retention nurture, cross-sell, loyalty program invitation.",Standard Newsletter / In-App Reward Banner
16161,49,12,3036.66,253.05499999999998,122.91666666666667,278,United Kingdom,United Kingdom,0,0.06620670570482338,6.6,Low Risk,"Retention nurture, cross-sell, loyalty program invitation.",Standard Newsletter / In-App Reward Banner
16713,25,11,3970.77,360.9790909090909,194.9090909090909,275,United Kingdom,United Kingdom,0,0.06566837784496213,6.6,Low Risk,"Retention nurture, cross-sell, loyalty program invitation.",Standard Newsletter / In-App Reward Banner
12731,53,8,11324.25,1415.53125,679.875,274,France,France,0,0.065095967394333,6.5,Low Risk,"Retention nurture, cross-sell, loyalty program invitation.",Standard Newsletter / In-App Reward Banner
15749,144,3,44534.3,14844.766666666668,6009.333333333333,241,United Kingdom,United Kingdom,1,0.06468853291847508,6.5,Low Risk,"Retention nurture, cross-sell, loyalty program invitation.",Standard Newsletter / In-App Reward Banner
15194,36,11,4469.53,406.3209090909091,298.45454545454544,277,United Kingdom,United Kingdom,0,0.06433898949800633,6.4,Low Risk,"Retention nurture, cross-sell, loyalty program invitation.",Standard Newsletter / In-App Reward Banner
14085,50,12,3220.94,268.4116666666667,182.5,278,United Kingdom,United Kingdom,0,0.06424203485017206,6.4,Low Risk,"Retention nurture, cross-sell, loyalty program invitation.",Standard Newsletter / In-App Reward Banner
17690,11,11,3495.53,317.7754545454546,113.63636363636364,282,United Kingdom,United Kingdom,0,0.06409441753352893,6.4,Low Risk,"Retention nurture, cross-sell, loyalty program invitation.",Standard Newsletter / In-App Reward Banner
15805,15,11,3548.5,322.59090909090907,206.63636363636363,274,United Kingdom,United Kingdom,0,0.06406963849087026,6.4,Low Risk,"Retention nurture, cross-sell, loyalty program invitation.",Standard Newsletter / In-App Reward Banner
15719,9,11,4061.9700000000003,369.27000000000004,197.54545454545453,247,United Kingdom,United Kingdom,0,0.06370234793911086,6.4,Low Risk,"Retention nurture, cross-sell, loyalty program invitation.",Standard Newsletter / In-App Reward Banner
13969,16,11,3883.23,353.0209090909091,179.0909090909091,274,United Kingdom,United Kingdom,0,0.06356495164424332,6.4,Low Risk,"Retention nurture, cross-sell, loyalty program invitation.",Standard Newsletter / In-App Reward Banner
15249,1,11,5639.34,512.6672727272727,279.1818181818182,166,United Kingdom,United Kingdom,0,0.06316766642770583,6.3,Low Risk,"Retention nurture, cross-sell, loyalty program invitation.",Standard Newsletter / In-App Reward Banner
18172,8,11,5635.28,512.2981818181818,207.27272727272728,199,United Kingdom,United Kingdom,0,0.06270719097777244,6.3,Low Risk,"Retention nurture, cross-sell, loyalty program invitation.",Standard Newsletter / In-App Reward Banner
17719,15,12,4477.4,373.1166666666666,176.5,165,United Kingdom,United Kingdom,0,0.06250095401382362,6.3,Low Risk,"Retention nurture, cross-sell, loyalty program invitation.",Standard Newsletter / In-App Reward Banner
15046,6,11,3943.68,358.5163636363636,230.54545454545453,247,United Kingdom,United Kingdom,0,0.06246538692613689,6.2,Low Risk,"Retention nurture, cross-sell, loyalty program invitation.",Standard Newsletter / In-App Reward Banner
18223,6,11,4036.34,366.94,161.27272727272728,267,United Kingdom,United Kingdom,0,0.06100967259564073,6.1,Low Risk,"Retention nurture, cross-sell, loyalty program invitation.",Standard Newsletter / In-App Reward Banner
12437,7,11,2811.41,255.58272727272725,163.36363636363637,240,France,France,0,0.06095848832512367,6.1,Low Risk,"Retention nurture, cross-sell, loyalty program invitation.",Standard Newsletter / In-App Reward Banner
13027,23,6,6912.0,1152.0,2880.0,264,United Kingdom,United Kingdom,1,0.060720240537608876,6.1,Low Risk,"Retention nurture, cross-sell, loyalty program invitation.",Standard Newsletter / In-App Reward Banner
14189,5,11,3267.92,297.08363636363634,247.27272727272728,278,United Kingdom,United Kingdom,0,0.06057412327395001,6.1,Low Risk,"Retention nurture, cross-sell, loyalty program invitation.",Standard Newsletter / In-App Reward Banner
13001,67,11,8582.57,780.2336363636364,442.1818181818182,236,United Kingdom,United Kingdom,0,0.058695361932105554,5.9,Low Risk,"Retention nurture, cross-sell, loyalty program invitation.",Standard Newsletter / In-App Reward Banner
15867,22,12,2947.41,245.61749999999998,123.75,278,United Kingdom,United Kingdom,0,0.057885467432875065,5.8,Low Risk,"Retention nurture, cross-sell, loyalty program invitation.",Standard Newsletter / In-App Reward Banner
16553,72,12,5719.82,476.65166666666664,383.3333333333333,269,United Kingdom,United Kingdom,1,0.05693925183787956,5.7,Low Risk,"Retention nurture, cross-sell, loyalty program invitation.",Standard Newsletter / In-App Reward Banner
15601,32,11,5585.46,507.7690909090909,363.90909090909093,282,United Kingdom,United Kingdom,0,0.05626236840721234,5.6,Low Risk,"Retention nurture, cross-sell, loyalty program invitation.",Standard Newsletter / In-App Reward Banner
12712,16,11,3913.08,355.73454545454547,85.72727272727273,280,Germany,Germany,0,0.05601676452840893,5.6,Low Risk,"Retention nurture, cross-sell, loyalty program invitation.",Standard Newsletter / In-App Reward Banner
16011,1,12,2185.66,182.13833333333332,118.25,275,United Kingdom,United Kingdom,0,0.055266060413533546,5.5,Low Risk,"Retention nurture, cross-sell, loyalty program invitation.",Standard Newsletter / In-App Reward Banner
12567,5,9,7849.98,872.2199999999999,392.55555555555554,279,France,France,0,0.05521128423694887,5.5,Low Risk,"Retention nurture, cross-sell, loyalty program invitation.",Standard Newsletter / In-App Reward Banner
17965,1,12,2251.41,187.61749999999998,113.83333333333333,278,United Kingdom,United Kingdom,0,0.05473906729286781,5.5,Low Risk,"Retention nurture, cross-sell, loyalty program invitation.",Standard Newsletter / In-App Reward Banner
15290,13,12,3392.5899999999997,282.7158333333333,143.58333333333334,268,United Kingdom,United Kingdom,0,0.054237059371112055,5.4,Low Risk,"Retention nurture, cross-sell, loyalty program invitation.",Standard Newsletter / In-App Reward Banner
15827,23,13,1598.16,122.93538461538462,57.61538461538461,281,United Kingdom,United Kingdom,0,0.053471265695755,5.3,Low Risk,"Retention nurture, cross-sell, loyalty program invitation.",Standard Newsletter / In-App Reward Banner
12678,10,9,8282.26,920.2511111111112,577.2222222222222,263,France,France,0,0.0532174465464527,5.3,Low Risk,"Retention nurture, cross-sell, loyalty program invitation.",Standard Newsletter / In-App Reward Banner
13458,9,10,7678.42,767.842,452.1,269,United Kingdom,United Kingdom,0,0.053135020031382714,5.3,Low Risk,"Retention nurture, cross-sell, loyalty program invitation.",Standard Newsletter / In-App Reward Banner
13004,23,12,3785.09,315.4241666666667,272.9166666666667,267,United Kingdom,United Kingdom,0,0.05303496382839861,5.3,Low Risk,"Retention nurture, cross-sell, loyalty program invitation.",Standard Newsletter / In-App Reward Banner
16187,8,12,5395.7,449.64166666666665,327.0833333333333,193,United Kingdom,United Kingdom,0,0.05016487675778733,5.0,Low Risk,"Retention nurture, cross-sell, loyalty program invitation.",Standard Newsletter / In-App Reward Banner
14194,15,12,5666.45,472.20416666666665,270.25,217,United Kingdom,United Kingdom,0,0.04949109330969819,4.9,Low Risk,"Retention nurture, cross-sell, loyalty program invitation.",Standard Newsletter / In-App Reward Banner
15291,4,12,3685.02,307.085,121.41666666666667,283,United Kingdom,United Kingdom,0,0.04943465101648617,4.9,Low Risk,"Retention nurture, cross-sell, loyalty program invitation.",Standard Newsletter / In-App Reward Banner
15581,30,13,3675.77,282.7515384615385,21.76923076923077,275,United Kingdom,United Kingdom,1,0.04882515325611634,4.9,Low Risk,"Retention nurture, cross-sell, loyalty program invitation.",Standard Newsletter / In-App Reward Banner
16746,10,12,4403.53,366.9608333333333,214.58333333333334,268,United Kingdom,United Kingdom,0,0.048299791794776,4.8,Low Risk,"Retention nurture, cross-sell, loyalty program invitation.",Standard Newsletter / In-App Reward Banner
14062,1,10,8800.67,880.067,414.3,273,United Kingdom,United Kingdom,0,0.04744138259842996,4.7,Low Risk,"Retention nurture, cross-sell, loyalty program invitation.",Standard Newsletter / In-App Reward Banner
14543,18,13,3234.5,248.80769230769232,45.76923076923077,274,United Kingdom,United Kingdom,0,0.04703449016543201,4.7,Low Risk,"Retention nurture, cross-sell, loyalty program invitation.",Standard Newsletter / In-App Reward Banner
16705,8,10,9780.35,978.0350000000001,392.6,268,United Kingdom,United Kingdom,0,0.04691473594033508,4.7,Low Risk,"Retention nurture, cross-sell, loyalty program invitation.",Standard Newsletter / In-App Reward Banner
15044,45,13,5152.68,396.36,118.38461538461539,271,United Kingdom,United Kingdom,0,0.046041140046280356,4.6,Low Risk,"Retention nurture, cross-sell, loyalty program invitation.",Standard Newsletter / In-App Reward Banner
16945,8,13,3007.06,231.31230769230768,147.76923076923077,267,United Kingdom,United Kingdom,0,0.044325978191681,4.4,Low Risk,"Retention nurture, cross-sell, loyalty program invitation.",Standard Newsletter / In-App Reward Banner
15640,31,11,8836.74,803.34,441.90909090909093,281,United Kingdom,United Kingdom,0,0.04326257961125573,4.3,Low Risk,"Retention nurture, cross-sell, loyalty program invitation.",Standard Newsletter / In-App Reward Banner
14733,20,11,9044.2,822.2,331.3636363636364,277,United Kingdom,United Kingdom,0,0.042305305942903985,4.2,Low Risk,"Retention nurture, cross-sell, loyalty program invitation.",Standard Newsletter / In-App Reward Banner
16656,5,11,7116.68,646.9709090909091,649.2727272727273,274,United Kingdom,United Kingdom,0,0.039978300239890456,4.0,Low Risk,"Retention nurture, cross-sell, loyalty program invitation.",Standard Newsletter / In-App Reward Banner
16523,5,13,5245.95,403.5346153846154,178.84615384615384,225,United Kingdom,United Kingdom,0,0.039965989079122306,4.0,Low Risk,"Retention nurture, cross-sell, loyalty program invitation.",Standard Newsletter / In-App Reward Banner
13881,5,11,9398.68,854.4254545454546,538.9090909090909,221,United Kingdom,United Kingdom,0,0.039790190536016935,4.0,Low Risk,"Retention nurture, cross-sell, loyalty program invitation.",Standard Newsletter / In-App Reward Banner
17865,17,12,7017.34,584.7783333333333,294.4166666666667,273,United Kingdom,United Kingdom,0,0.03972719159914072,4.0,Low Risk,"Retention nurture, cross-sell, loyalty program invitation.",Standard Newsletter / In-App Reward Banner
12709,5,11,7200.79,654.6172727272727,257.3636363636364,276,Germany,Germany,0,0.03956803897366772,4.0,Low Risk,"Retention nurture, cross-sell, loyalty program invitation.",Standard Newsletter / In-App Reward Banner
13050,15,13,4509.74,346.9030769230769,208.23076923076923,276,United Kingdom,United Kingdom,0,0.0393837888139797,3.9,Low Risk,"Retention nurture, cross-sell, loyalty program invitation.",Standard Newsletter / In-App Reward Banner
15738,6,13,3853.4500000000003,296.4192307692308,181.30769230769232,282,United Kingdom,United Kingdom,0,0.0393243462590158,3.9,Low Risk,"Retention nurture, cross-sell, loyalty program invitation.",Standard Newsletter / In-App Reward Banner
14534,5,14,3031.39,216.52785714285713,105.85714285714286,228,United Kingdom,United Kingdom,0,0.0392618517731912,3.9,Low Risk,"Retention nurture, cross-sell, loyalty program invitation.",Standard Newsletter / In-App Reward Banner
14088,38,7,25507.89,3643.9842857142858,1010.5714285714286,231,United Kingdom,United Kingdom,0,0.0385388568967098,3.9,Low Risk,"Retention nurture, cross-sell, loyalty program invitation.",Standard Newsletter / In-App Reward Banner
17576,8,14,2266.25,161.875,99.14285714285714,274,United Kingdom,United Kingdom,0,0.03833263154290194,3.8,Low Risk,"Retention nurture, cross-sell, loyalty program invitation.",Standard Newsletter / In-App Reward Banner
17017,71,14,5431.28,387.9485714285714,307.92857142857144,282,United Kingdom,United Kingdom,0,0.038174678901188246,3.8,Low Risk,"Retention nurture, cross-sell, loyalty program invitation.",Standard Newsletter / In-App Reward Banner
12540,1,11,9246.86,840.6236363636364,403.0,271,Spain,Spain,0,0.037615654553767995,3.8,Low Risk,"Retention nurture, cross-sell, loyalty program invitation.",Standard Newsletter / In-App Reward Banner
13576,6,13,4840.9400000000005,372.38000000000005,139.30769230769232,282,United Kingdom,United Kingdom,0,0.03709840491738845,3.7,Low Risk,"Retention nurture, cross-sell, loyalty program invitation.",Standard Newsletter / In-App Reward Banner
14057,10,13,4805.68,369.66769230769233,303.46153846153845,270,United Kingdom,United Kingdom,0,0.03664303790294741,3.7,Low Risk,"Retention nurture, cross-sell, loyalty program invitation.",Standard Newsletter / In-App Reward Banner
16931,12,14,2897.33,206.95214285714286,140.5,279,United Kingdom,United Kingdom,0,0.03632079806367425,3.6,Low Risk,"Retention nurture, cross-sell, loyalty program invitation.",Standard Newsletter / In-App Reward Banner
12474,8,13,4362.06,335.54307692307697,215.23076923076923,239,Germany,Germany,0,0.03573620429738529,3.6,Low Risk,"Retention nurture, cross-sell, loyalty program invitation.",Standard Newsletter / In-App Reward Banner
17706,9,12,8027.5,668.9583333333334,254.08333333333334,276,United Kingdom,United Kingdom,0,0.035651055792327774,3.6,Low Risk,"Retention nurture, cross-sell, loyalty program invitation.",Standard Newsletter / In-App Reward Banner
16904,4,14,2948.55,210.6107142857143,114.42857142857143,276,United Kingdom,United Kingdom,0,0.035243842454348466,3.5,Low Risk,"Retention nurture, cross-sell, loyalty program invitation.",Standard Newsletter / In-App Reward Banner
15125,22,12,10795.48,899.6233333333333,492.4166666666667,180,United Kingdom,United Kingdom,0,0.03514459330016733,3.5,Low Risk,"Retention nurture, cross-sell, loyalty program invitation.",Standard Newsletter / In-App Reward Banner
12569,1,15,2167.68,144.512,57.13333333333333,161,Germany,Germany,0,0.03402775988619471,3.4,Low Risk,"Retention nurture, cross-sell, loyalty program invitation.",Standard Newsletter / In-App Reward Banner
14560,4,15,1565.2,104.34666666666666,41.666666666666664,267,United Kingdom,United Kingdom,0,0.03352843146949246,3.4,Low Risk,"Retention nurture, cross-sell, loyalty program invitation.",Standard Newsletter / In-App Reward Banner
16353,1,14,3467.81,247.70071428571427,90.0,279,United Kingdom,United Kingdom,0,0.03341475773985672,3.3,Low Risk,"Retention nurture, cross-sell, loyalty program invitation.",Standard Newsletter / In-App Reward Banner
13081,53,8,18870.12,2358.765,1583.125,280,United Kingdom,United Kingdom,0,0.03320084284869087,3.3,Low Risk,"Retention nurture, cross-sell, loyalty program invitation.",Standard Newsletter / In-App Reward Banner
18198,10,14,4427.39,316.2421428571429,249.35714285714286,245,United Kingdom,United Kingdom,0,0.03302496131510101,3.3,Low Risk,"Retention nurture, cross-sell, loyalty program invitation.",Standard Newsletter / In-App Reward Banner
16210,8,11,11248.960000000001,1022.6327272727274,398.27272727272725,283,United Kingdom,United Kingdom,0,0.03258827276345495,3.3,Low Risk,"Retention nurture, cross-sell, loyalty program invitation.",Standard Newsletter / In-App Reward Banner
14895,0,13,7974.79,613.4453846153846,262.9230769230769,199,United Kingdom,United Kingdom,0,0.032480092734761996,3.2,Low Risk,"Retention nurture, cross-sell, loyalty program invitation.",Standard Newsletter / In-App Reward Banner
14060,17,14,4102.78,293.05571428571426,269.2857142857143,282,United Kingdom,United Kingdom,0,0.032146732368320954,3.2,Low Risk,"Retention nurture, cross-sell, loyalty program invitation.",Standard Newsletter / In-App Reward Banner
12683,2,12,6622.19,551.8491666666666,331.6666666666667,275,France,France,0,0.0317966922352131,3.2,Low Risk,"Retention nurture, cross-sell, loyalty program invitation.",Standard Newsletter / In-App Reward Banner
16923,8,14,4763.9400000000005,340.2814285714286,154.14285714285714,272,United Kingdom,United Kingdom,0,0.031105709951441435,3.1,Low Risk,"Retention nurture, cross-sell, loyalty program invitation.",Standard Newsletter / In-App Reward Banner
15939,16,14,5860.25,418.5892857142857,326.57142857142856,241,United Kingdom,United Kingdom,0,0.029904079696335795,3.0,Low Risk,"Retention nurture, cross-sell, loyalty program invitation.",Standard Newsletter / In-App Reward Banner
16928,3,15,2370.65,158.04333333333335,116.73333333333333,282,United Kingdom,United Kingdom,0,0.029421277934581727,2.9,Low Risk,"Retention nurture, cross-sell, loyalty program invitation.",Standard Newsletter / In-App Reward Banner
15465,48,15,5992.129999999999,399.47533333333325,60.4,279,United Kingdom,United Kingdom,0,0.029006181778383096,2.9,Low Risk,"Retention nurture, cross-sell, loyalty program invitation.",Standard Newsletter / In-App Reward Banner
16558,1,14,4685.17,334.65500000000003,232.28571428571428,276,United Kingdom,United Kingdom,0,0.02898731326418546,2.9,Low Risk,"Retention nurture, cross-sell, loyalty program invitation.",Standard Newsletter / In-App Reward Banner
18229,3,14,5212.06,372.29,121.71428571428571,282,United Kingdom,United Kingdom,0,0.02896705630131501,2.9,Low Risk,"Retention nurture, cross-sell, loyalty program invitation.",Standard Newsletter / In-App Reward Banner
14031,35,13,9627.03,740.5407692307692,276.0,281,United Kingdom,United Kingdom,0,0.02868967923171969,2.9,Low Risk,"Retention nurture, cross-sell, loyalty program invitation.",Standard Newsletter / In-App Reward Banner
13267,1,15,3119.34,207.95600000000002,89.6,276,United Kingdom,United Kingdom,0,0.02810209443990275,2.8,Low Risk,"Retention nurture, cross-sell, loyalty program invitation.",Standard Newsletter / In-App Reward Banner
15358,30,15,5639.81,375.98733333333337,328.8666666666667,275,United Kingdom,United Kingdom,0,0.02461311575825534,2.5,Low Risk,"Retention nurture, cross-sell, loyalty program invitation.",Standard Newsletter / In-App Reward Banner
14796,4,14,6581.18,470.0842857142857,346.42857142857144,276,United Kingdom,United Kingdom,0,0.02433161599720157,2.4,Low Risk,"Retention nurture, cross-sell, loyalty program invitation.",Standard Newsletter / In-App Reward Banner
13418,8,15,4744.13,316.2753333333333,211.2,282,United Kingdom,United Kingdom,0,0.024168516365300124,2.4,Low Risk,"Retention nurture, cross-sell, loyalty program invitation.",Standard Newsletter / In-App Reward Banner
16843,3,13,8809.24,677.6338461538461,694.9230769230769,236,United Kingdom,United Kingdom,0,0.024150541208641654,2.4,Low Risk,"Retention nurture, cross-sell, loyalty program invitation.",Standard Newsletter / In-App Reward Banner
18041,13,16,2998.11,187.381875,169.75,282,United Kingdom,United Kingdom,0,0.02353562410789706,2.4,Low Risk,"Retention nurture, cross-sell, loyalty program invitation.",Standard Newsletter / In-App Reward Banner
17068,4,16,3539.29,221.205625,103.0,277,United Kingdom,United Kingdom,0,0.022273975039195308,2.2,Low Risk,"Retention nurture, cross-sell, loyalty program invitation.",Standard Newsletter / In-App Reward Banner
16779,16,15,6376.7300000000005,425.11533333333335,239.33333333333334,276,United Kingdom,United Kingdom,0,0.02223536059968922,2.2,Low Risk,"Retention nurture, cross-sell, loyalty program invitation.",Standard Newsletter / In-App Reward Banner
13078,16,15,6917.150000000001,461.1433333333334,166.66666666666666,276,United Kingdom,United Kingdom,0,0.0219134827369726,2.2,Low Risk,"Retention nurture, cross-sell, loyalty program invitation.",Standard Newsletter / In-App Reward Banner
13668,22,16,4900.97,306.310625,183.625,272,United Kingdom,United Kingdom,0,0.02157444316822813,2.2,Low Risk,"Retention nurture, cross-sell, loyalty program invitation.",Standard Newsletter / In-App Reward Banner
16814,18,16,5131.69,320.730625,133.0625,279,United Kingdom,United Kingdom,0,0.020806067068383987,2.1,Low Risk,"Retention nurture, cross-sell, loyalty program invitation.",Standard Newsletter / In-App Reward Banner
17243,2,16,4332.36,270.7725,93.4375,279,United Kingdom,United Kingdom,0,0.02065747655196372,2.1,Low Risk,"Retention nurture, cross-sell, loyalty program invitation.",Standard Newsletter / In-App Reward Banner
12841,16,17,2829.91,166.46529411764706,106.17647058823529,281,United Kingdom,United Kingdom,0,0.02023936788357843,2.0,Low Risk,"Retention nurture, cross-sell, loyalty program invitation.",Standard Newsletter / In-App Reward Banner
15838,18,12,14153.5,1179.4583333333333,666.5,277,United Kingdom,United Kingdom,0,0.020180113944663486,2.0,Low Risk,"Retention nurture, cross-sell, loyalty program invitation.",Standard Newsletter / In-App Reward Banner
16729,8,17,5343.27,314.31,234.64705882352942,150,United Kingdom,United Kingdom,0,0.020147706382408165,2.0,Low Risk,"Retention nurture, cross-sell, loyalty program invitation.",Standard Newsletter / In-App Reward Banner
14688,2,16,4186.45,261.653125,184.5625,283,United Kingdom,United Kingdom,0,0.019993188674491156,2.0,Low Risk,"Retention nurture, cross-sell, loyalty program invitation.",Standard Newsletter / In-App Reward Banner
14056,16,17,5333.97,313.7629411764706,168.47058823529412,193,United Kingdom,United Kingdom,0,0.01962260903387091,2.0,Low Risk,"Retention nurture, cross-sell, loyalty program invitation.",Standard Newsletter / In-App Reward Banner
16033,17,16,5864.55,366.534375,134.3125,279,United Kingdom,United Kingdom,0,0.019498809296776633,1.9,Low Risk,"Retention nurture, cross-sell, loyalty program invitation.",Standard Newsletter / In-App Reward Banner
17306,9,15,6700.06,446.6706666666667,617.2,262,United Kingdom,United Kingdom,0,0.01858467110904525,1.9,Low Risk,"Retention nurture, cross-sell, loyalty program invitation.",Standard Newsletter / In-App Reward Banner
16745,7,16,6359.1,397.44375,360.6875,221,United Kingdom,United Kingdom,0,0.01850527996816497,1.9,Low Risk,"Retention nurture, cross-sell, loyalty program invitation.",Standard Newsletter / In-App Reward Banner
12681,61,15,9866.58,657.772,361.26666666666665,277,France,France,0,0.017530500476940696,1.8,Low Risk,"Retention nurture, cross-sell, loyalty program invitation.",Standard Newsletter / In-App Reward Banner
16672,8,17,6911.84,406.57882352941175,145.52941176470588,176,United Kingdom,United Kingdom,0,0.017314438100921214,1.7,Low Risk,"Retention nurture, cross-sell, loyalty program invitation.",Standard Newsletter / In-App Reward Banner
16168,4,18,2632.12,146.2288888888889,77.33333333333333,279,United Kingdom,United Kingdom,0,0.015898699204530298,1.6,Low Risk,"Retention nurture, cross-sell, loyalty program invitation.",Standard Newsletter / In-App Reward Banner
17404,32,10,21004.3,2100.43,2162.3,269,Sweden,Other,0,0.015195149897375514,1.5,Low Risk,"Retention nurture, cross-sell, loyalty program invitation.",Standard Newsletter / In-App Reward Banner
12720,3,17,3689.84,217.0494117647059,181.41176470588235,278,Germany,Germany,0,0.014747542498121546,1.5,Low Risk,"Retention nurture, cross-sell, loyalty program invitation.",Standard Newsletter / In-App Reward Banner
17581,19,17,6522.29,383.66411764705884,205.58823529411765,281,United Kingdom,United Kingdom,0,0.014637610899046522,1.5,Low Risk,"Retention nurture, cross-sell, loyalty program invitation.",Standard Newsletter / In-App Reward Banner
13018,2,18,5075.71,281.9838888888889,214.66666666666666,205,United Kingdom,United Kingdom,0,0.014384621026264229,1.4,Low Risk,"Retention nurture, cross-sell, loyalty program invitation.",Standard Newsletter / In-App Reward Banner
14849,4,17,5784.53,340.2664705882353,240.47058823529412,283,United Kingdom,United Kingdom,0,0.014067948999992749,1.4,Low Risk,"Retention nurture, cross-sell, loyalty program invitation.",Standard Newsletter / In-App Reward Banner
14051,1,16,9271.84,579.49,142.9375,276,United Kingdom,United Kingdom,0,0.013616064591496708,1.4,Low Risk,"Retention nurture, cross-sell, loyalty program invitation.",Standard Newsletter / In-App Reward Banner
12621,9,15,10195.04,679.6693333333334,362.6,275,Germany,Germany,0,0.012945920078696629,1.3,Low Risk,"Retention nurture, cross-sell, loyalty program invitation.",Standard Newsletter / In-App Reward Banner
13102,43,19,4961.7,261.1421052631579,176.89473684210526,274,United Kingdom,United Kingdom,0,0.012787773935633863,1.3,Low Risk,"Retention nurture, cross-sell, loyalty program invitation.",Standard Newsletter / In-App Reward Banner
17857,8,14,14254.52,1018.1800000000001,550.8571428571429,275,United Kingdom,United Kingdom,0,0.012619254785419712,1.3,Low Risk,"Retention nurture, cross-sell, loyalty program invitation.",Standard Newsletter / In-App Reward Banner
18109,0,18,4826.87,268.15944444444443,189.16666666666666,279,United Kingdom,United Kingdom,0,0.012414141764197256,1.2,Low Risk,"Retention nurture, cross-sell, loyalty program invitation.",Standard Newsletter / In-App Reward Banner
14667,4,18,6011.46,333.97,187.77777777777777,277,United Kingdom,United Kingdom,0,0.01155952310740462,1.2,Low Risk,"Retention nurture, cross-sell, loyalty program invitation.",Standard Newsletter / In-App Reward Banner
18118,1,19,4222.94,222.26,113.47368421052632,279,United Kingdom,United Kingdom,0,0.01095595947663685,1.1,Low Risk,"Retention nurture, cross-sell, loyalty program invitation.",Standard Newsletter / In-App Reward Banner
17757,23,20,3308.55,165.4275,90.05,281,United Kingdom,United Kingdom,0,0.01087423208883385,1.1,Low Risk,"Retention nurture, cross-sell, loyalty program invitation.",Standard Newsletter / In-App Reward Banner
17735,3,16,11091.24,693.2025,426.0625,277,United Kingdom,United Kingdom,0,0.010603886722802672,1.1,Low Risk,"Retention nurture, cross-sell, loyalty program invitation.",Standard Newsletter / In-App Reward Banner
15159,22,18,8969.97,498.33166666666665,314.77777777777777,270,United Kingdom,United Kingdom,0,0.00964379801217311,1.0,Low Risk,"Retention nurture, cross-sell, loyalty program invitation.",Standard Newsletter / In-App Reward Banner
13069,9,20,3870.02,193.501,257.65,279,United Kingdom,United Kingdom,0,0.009030850663571845,0.9,Low Risk,"Retention nurture, cross-sell, loyalty program invitation.",Standard Newsletter / In-App Reward Banner
15615,15,19,7367.85,387.7815789473684,201.94736842105263,268,United Kingdom,United Kingdom,0,0.008996910381707588,0.9,Low Risk,"Retention nurture, cross-sell, loyalty program invitation.",Standard Newsletter / In-App Reward Banner
15513,4,17,11352.14,667.7729411764706,260.2352941176471,283,United Kingdom,United Kingdom,0,0.008834016914951085,0.9,Low Risk,"Retention nurture, cross-sell, loyalty program invitation.",Standard Newsletter / In-App Reward Banner
15005,5,20,4507.55,225.3775,151.0,275,United Kingdom,United Kingdom,0,0.0088084403846578,0.9,Low Risk,"Retention nurture, cross-sell, loyalty program invitation.",Standard Newsletter / In-App Reward Banner
15856,4,17,11247.93,661.6429411764706,437.70588235294116,274,United Kingdom,United Kingdom,0,0.008480066075909133,0.8,Low Risk,"Retention nurture, cross-sell, loyalty program invitation.",Standard Newsletter / In-App Reward Banner
13319,1,19,7390.47,388.9721052631579,168.26315789473685,275,United Kingdom,United Kingdom,0,0.008293130648371299,0.8,Low Risk,"Retention nurture, cross-sell, loyalty program invitation.",Standard Newsletter / In-App Reward Banner
15498,30,19,9126.37,480.33526315789476,238.1578947368421,276,United Kingdom,United Kingdom,0,0.008159008924776034,0.8,Low Risk,"Retention nurture, cross-sell, loyalty program invitation.",Standard Newsletter / In-App Reward Banner
13534,17,21,4371.53,208.16809523809522,106.76190476190476,267,United Kingdom,United Kingdom,0,0.007991019284498599,0.8,Low Risk,"Retention nurture, cross-sell, loyalty program invitation.",Standard Newsletter / In-App Reward Banner
13854,1,20,6469.16,323.45799999999997,90.6,275,United Kingdom,United Kingdom,0,0.007472199415867859,0.7,Low Risk,"Retention nurture, cross-sell, loyalty program invitation.",Standard Newsletter / In-App Reward Banner
12901,18,19,11639.470000000001,612.6036842105264,653.6842105263158,180,United Kingdom,United Kingdom,0,0.006525495941023377,0.7,Low Risk,"Retention nurture, cross-sell, loyalty program invitation.",Standard Newsletter / In-App Reward Banner
14180,0,22,4258.92,193.58727272727273,28.863636363636363,281,United Kingdom,United Kingdom,0,0.005946644947647039,0.6,Low Risk,"Retention nurture, cross-sell, loyalty program invitation.",Standard Newsletter / In-App Reward Banner
13113,23,20,10787.06,539.353,130.8,275,United Kingdom,United Kingdom,0,0.005753503997253542,0.6,Low Risk,"Retention nurture, cross-sell, loyalty program invitation.",Standard Newsletter / In-App Reward Banner
12471,16,19,11081.0,583.2105263157895,228.42105263157896,274,Germany,Germany,0,0.005536193228507712,0.6,Low Risk,"Retention nurture, cross-sell, loyalty program invitation.",Standard Newsletter / In-App Reward Banner
12682,10,20,8219.92,410.996,176.55,280,France,France,0,0.005524539083628506,0.6,Low Risk,"Retention nurture, cross-sell, loyalty program invitation.",Standard Newsletter / In-App Reward Banner
13199,1,22,4740.16,215.4618181818182,166.0,276,United Kingdom,United Kingdom,0,0.005496221803985317,0.5,Low Risk,"Retention nurture, cross-sell, loyalty program invitation.",Standard Newsletter / In-App Reward Banner
14735,8,23,3595.71,156.33521739130435,59.34782608695652,267,United Kingdom,United Kingdom,0,0.005439847933694695,0.5,Low Risk,"Retention nurture, cross-sell, loyalty program invitation.",Standard Newsletter / In-App Reward Banner
13263,17,23,4854.79,211.07782608695652,121.52173913043478,234,United Kingdom,United Kingdom,0,0.005390527470269292,0.5,Low Risk,"Retention nurture, cross-sell, loyalty program invitation.",Standard Newsletter / In-App Reward Banner
13098,3,18,15169.46,842.7477777777777,483.3888888888889,226,United Kingdom,United Kingdom,0,0.005356288354091325,0.5,Low Risk,"Retention nurture, cross-sell, loyalty program invitation.",Standard Newsletter / In-App Reward Banner
17428,20,20,10661.09,533.0545,336.95,278,United Kingdom,United Kingdom,0,0.005236825126047194,0.5,Low Risk,"Retention nurture, cross-sell, loyalty program invitation.",Standard Newsletter / In-App Reward Banner
15078,15,22,6702.59,304.66318181818184,153.95454545454547,278,United Kingdom,United Kingdom,0,0.005013920181736602,0.5,Low Risk,"Retention nurture, cross-sell, loyalty program invitation.",Standard Newsletter / In-App Reward Banner
17677,9,20,11666.5,583.325,352.25,278,United Kingdom,United Kingdom,0,0.0044971878180795405,0.4,Low Risk,"Retention nurture, cross-sell, loyalty program invitation.",Standard Newsletter / In-App Reward Banner
14680,4,14,25422.56,1815.8971428571429,865.4285714285714,281,United Kingdom,United Kingdom,0,0.004447122097116516,0.4,Low Risk,"Retention nurture, cross-sell, loyalty program invitation.",Standard Newsletter / In-App Reward Banner
16525,8,21,10372.35,493.9214285714286,277.3809523809524,276,United Kingdom,United Kingdom,0,0.004166601155603557,0.4,Low Risk,"Retention nurture, cross-sell, loyalty program invitation.",Standard Newsletter / In-App Reward Banner
17811,1,24,4834.31,201.42958333333334,96.29166666666667,243,United Kingdom,United Kingdom,0,0.003962202101441825,0.4,Low Risk,"Retention nurture, cross-sell, loyalty program invitation.",Standard Newsletter / In-App Reward Banner
12931,11,11,32530.7,2957.336363636364,1944.0,267,United Kingdom,United Kingdom,0,0.0039242074545999825,0.4,Low Risk,"Retention nurture, cross-sell, loyalty program invitation.",Standard Newsletter / In-App Reward Banner
16333,8,18,15619.6,867.7555555555556,1352.888888888889,219,United Kingdom,United Kingdom,0,0.0038203859096384396,0.4,Low Risk,"Retention nurture, cross-sell, loyalty program invitation.",Standard Newsletter / In-App Reward Banner
16839,19,22,10869.28,494.0581818181818,260.1818181818182,279,United Kingdom,United Kingdom,0,0.003422036408901639,0.3,Low Risk,"Retention nurture, cross-sell, loyalty program invitation.",Standard Newsletter / In-App Reward Banner
16133,10,23,10619.27,461.7073913043478,270.5652173913044,227,United Kingdom,United Kingdom,0,0.0030106662579815315,0.3,Low Risk,"Retention nurture, cross-sell, loyalty program invitation.",Standard Newsletter / In-App Reward Banner
12921,7,24,10083.47,420.1445833333333,252.125,282,United Kingdom,United Kingdom,0,0.002226042241715615,0.2,Low Risk,"Retention nurture, cross-sell, loyalty program invitation.",Standard Newsletter / In-App Reward Banner
17389,5,25,9504.08,380.1632,77.68,240,United Kingdom,United Kingdom,0,0.0022070171341767746,0.2,Low Risk,"Retention nurture, cross-sell, loyalty program invitation.",Standard Newsletter / In-App Reward Banner
13777,38,24,12360.24,515.01,248.29166666666666,282,United Kingdom,United Kingdom,0,0.0021682961265446694,0.2,Low Risk,"Retention nurture, cross-sell, loyalty program invitation.",Standard Newsletter / In-App Reward Banner
17675,10,23,14074.19,611.9213043478261,241.52173913043478,276,United Kingdom,United Kingdom,0,0.0020162145602781547,0.2,Low Risk,"Retention nurture, cross-sell, loyalty program invitation.",Standard Newsletter / In-App Reward Banner
17850,281,34,5391.21,158.565,50.970588235294116,283,United Kingdom,United Kingdom,1,0.002006745717805665,0.2,Low Risk,"Retention nurture, cross-sell, loyalty program invitation.",Standard Newsletter / In-App Reward Banner
17961,33,31,1179.62,38.052258064516124,15.129032258064516,281,United Kingdom,United Kingdom,0,0.0014241572503929647,0.1,Low Risk,"Retention nurture, cross-sell, loyalty program invitation.",Standard Newsletter / In-App Reward Banner
13468,2,29,4739.02,163.4144827586207,71.17241379310344,282,United Kingdom,United Kingdom,0,0.0012940520228686902,0.1,Low Risk,"Retention nurture, cross-sell, loyalty program invitation.",Standard Newsletter / In-App Reward Banner
17315,9,30,4368.09,145.603,99.93333333333334,267,United Kingdom,United Kingdom,0,0.0011526624198891135,0.1,Low Risk,"Retention nurture, cross-sell, loyalty program invitation.",Standard Newsletter / In-App Reward Banner
13767,18,28,9676.37,345.5846428571429,140.46428571428572,283,United Kingdom,United Kingdom,0,0.0010907504241222058,0.1,Low Risk,"Retention nurture, cross-sell, loyalty program invitation.",Standard Newsletter / In-App Reward Banner
16684,42,18,33883.5,1882.4166666666667,1360.2777777777778,267,United Kingdom,United Kingdom,0,0.0008914278838596876,0.1,Low Risk,"Retention nurture, cross-sell, loyalty program invitation.",Standard Newsletter / In-App Reward Banner
17381,8,24,18261.65,760.9020833333334,952.125,281,United Kingdom,United Kingdom,0,0.0008302577955583936,0.1,Low Risk,"Retention nurture, cross-sell, loyalty program invitation.",Standard Newsletter / In-App Reward Banner
15769,11,19,41863.72,2203.3536842105264,1165.2631578947369,280,United Kingdom,United Kingdom,0,0.0003162908656703451,0.0,Low Risk,"Retention nurture, cross-sell, loyalty program invitation.",Standard Newsletter / In-App Reward Banner
15189,0,33,12635.77,382.90212121212124,140.21212121212122,242,United Kingdom,United Kingdom,0,0.0002870258460152584,0.0,Low Risk,"Retention nurture, cross-sell, loyalty program invitation.",Standard Newsletter / In-App Reward Banner
14527,8,40,5281.42,132.0355,33.575,278,United Kingdom,United Kingdom,0,0.00012877548767472488,0.0,Low Risk,"Retention nurture, cross-sell, loyalty program invitation.",Standard Newsletter / In-App Reward Banner
16013,8,35,23409.34,668.8382857142857,253.65714285714284,280,United Kingdom,United Kingdom,0,6.43527993612742e-05,0.0,Low Risk,"Retention nurture, cross-sell, loyalty program invitation.",Standard Newsletter / In-App Reward Banner
15039,1,38,18384.65,483.80657894736845,222.76315789473685,278,United Kingdom,United Kingdom,0,5.253190252750864e-05,0.0,Low Risk,"Retention nurture, cross-sell, loyalty program invitation.",Standard Newsletter / In-App Reward Banner
17511,3,21,59375.75,2827.4166666666665,1917.952380952381,283,United Kingdom,United Kingdom,0,3.066928381968755e-05,0.0,Low Risk,"Retention nurture, cross-sell, loyalty program invitation.",Standard Newsletter / In-App Reward Banner
13408,9,41,17836.68,435.0409756097561,256.2439024390244,283,United Kingdom,United Kingdom,0,2.9779643227157106e-05,0.0,Low Risk,"Retention nurture, cross-sell, loyalty program invitation.",Standard Newsletter / In-App Reward Banner
16422,9,39,29117.7,746.6076923076923,707.8461538461538,278,United Kingdom,United Kingdom,0,1.3634096643347883e-05,0.0,Low Risk,"Retention nurture, cross-sell, loyalty program invitation.",Standard Newsletter / In-App Reward Banner
15061,37,37,36575.0,988.5135135135135,518.7297297297297,281,United Kingdom,United Kingdom,0,1.3227213396844255e-05,0.0,Low Risk,"Retention nurture, cross-sell, loyalty program invitation.",Standard Newsletter / In-App Reward Banner
17949,2,33,48209.2,1460.8848484848484,629.6363636363636,280,United Kingdom,United Kingdom,0,8.67403186645357e-06,0.0,Low Risk,"Retention nurture, cross-sell, loyalty program invitation.",Standard Newsletter / In-App Reward Banner
13798,2,42,29161.14,694.3128571428572,435.8095238095238,281,United Kingdom,United Kingdom,0,7.601027745821869e-06,0.0,Low Risk,"Retention nurture, cross-sell, loyalty program invitation.",Standard Newsletter / In-App Reward Banner
14298,8,37,41182.51,1113.0408108108109,1289.027027027027,269,United Kingdom,United Kingdom,0,5.588220581250434e-06,0.0,Low Risk,"Retention nurture, cross-sell, loyalty program invitation.",Standard Newsletter / In-App Reward Banner
13694,16,39,45911.64,1177.2215384615386,1252.051282051282,283,United Kingdom,United Kingdom,0,2.4066210828209333e-06,0.0,Low Risk,"Retention nurture, cross-sell, loyalty program invitation.",Standard Newsletter / In-App Reward Banner
12415,8,15,102087.88,6805.858666666667,4446.733333333334,247,Australia,Other,0,2.3406207610497013e-06,0.0,Low Risk,"Retention nurture, cross-sell, loyalty program invitation.",Standard Newsletter / In-App Reward Banner
17450,4,23,86301.54,3752.240869565217,1398.2608695652175,277,United Kingdom,United Kingdom,0,2.259425886436044e-06,0.0,Low Risk,"Retention nurture, cross-sell, loyalty program invitation.",Standard Newsletter / In-App Reward Banner
12971,1,64,8165.320000000001,127.58312500000001,92.4375,281,United Kingdom,United Kingdom,0,5.921505256549694e-07,0.0,Low Risk,"Retention nurture, cross-sell, loyalty program invitation.",Standard Newsletter / In-App Reward Banner
12346,235,1,77183.6,77183.6,74215.0,235,United Kingdom,United Kingdom,1,2.2649493979420086e-07,0.0,Low Risk,"Retention nurture, cross-sell, loyalty program invitation.",Standard Newsletter / In-App Reward Banner
14606,3,71,9508.91,133.92830985915492,68.32394366197182,282,United Kingdom,United Kingdom,0,1.2209804837647192e-07,0.0,Low Risk,"Retention nurture, cross-sell, loyalty program invitation.",Standard Newsletter / In-App Reward Banner
16029,3,52,54130.14,1040.9642307692307,488.96153846153845,283,United Kingdom,United Kingdom,0,8.516828438168149e-08,0.0,Low Risk,"Retention nurture, cross-sell, loyalty program invitation.",Standard Newsletter / In-App Reward Banner
18102,8,27,135450.75,5016.694444444444,1165.6666666666667,276,United Kingdom,United Kingdom,0,1.1939309864061007e-08,0.0,Low Risk,"Retention nurture, cross-sell, loyalty program invitation.",Standard Newsletter / In-App Reward Banner
15311,3,65,46020.75,708.0115384615384,453.2923076923077,283,United Kingdom,United Kingdom,0,1.1573668293912914e-08,0.0,Low Risk,"Retention nurture, cross-sell, loyalty program invitation.",Standard Newsletter / In-App Reward Banner
14156,2,42,98688.79,2349.7330952380953,1159.904761904762,281,EIRE,EIRE,0,9.6283429290476e-09,0.0,Low Risk,"Retention nurture, cross-sell, loyalty program invitation.",Standard Newsletter / In-App Reward Banner
13089,9,71,43260.74,609.3061971830986,334.9577464788732,279,United Kingdom,United Kingdom,0,4.608869022381079e-09,0.0,Low Risk,"Retention nurture, cross-sell, loyalty program invitation.",Standard Newsletter / In-App Reward Banner
17841,1,81,23327.59,287.99493827160495,156.64197530864197,282,United Kingdom,United Kingdom,0,3.8138497285033696e-09,0.0,Low Risk,"Retention nurture, cross-sell, loyalty program invitation.",Standard Newsletter / In-App Reward Banner
14646,2,42,178302.62,4245.300476190476,3041.5238095238096,264,Netherlands,Netherlands,0,2.409659190710941e-12,0.0,Low Risk,"Retention nurture, cross-sell, loyalty program invitation.",Standard Newsletter / In-App Reward Banner
12748,0,132,13873.21,105.10007575757575,68.72727272727273,283,United Kingdom,United Kingdom,0,2.1825846999917452e-13,0.0,Low Risk,"Retention nurture, cross-sell, loyalty program invitation.",Standard Newsletter / In-App Reward Banner
14911,2,112,81903.79,731.2838392857142,388.0267857142857,282,EIRE,EIRE,0,1.9083808512161485e-14,0.0,Low Risk,"Retention nurture, cross-sell, loyalty program invitation.",Standard Newsletter / In-App Reward Banner
